ply
format ascii 1.0
comment VCGLIB generated
element vertex 1302
property float x
property float y
property float z
property float nx
property float ny
property float nz
element face 2604
property list uchar int vertex_indices
property uchar red
property uchar green
property uchar blue
property uchar alpha
end_header
-13.04 9.005899 1e-06 2.010775 0.5387859 -5.485136 
-11.6913 5.75 1e-06 1.802848 1.040896 -5.485099 
-7 -9.5 -2e-06 3.141593 5.694373e-07 -3.14159 
-9.5459 2.9541 0 1.472019 1.472021 -5.485101 
-7 -7.5 -1e-06 1.570802 -1.570795 -4.712389 
-6.75 0.808701 0 1.040901 1.802845 -5.485093 
7 -7.5 -1e-06 -1.570802 -1.570795 -4.712388 
-3.4941 -0.540001 -0 0.5388078 2.010789 -5.485122 
0 -1 -0 4.470348e-08 2.081736 -5.485115 
-24 -9.5 -2e-06 -0.8132479 9.848001e-07 -6.1761 
-24 11.5 2e-06 -0.4066241 2.879746 -3.08805 
-13.3683 11.5 2e-06 1.040876 2.493209 -2.742551 
24 -9.5 -2e-06 0.8132476 1.001756e-06 -6.176098 
7 -9.5 -2e-06 -3.141593 5.824934e-07 -3.141593 
9.5459 2.9541 0 -1.47202 1.472021 -5.485101 
11.6913 5.75 1e-06 -1.802842 1.040894 -5.485098 
13.04 9.005899 1e-06 -2.010778 0.5387926 -5.485132 
13.3683 11.5 2e-06 -1.040881 2.493201 -2.742548 
24 11.5 2e-06 0.406624 2.879746 -3.08805 
3.4941 -0.540001 -0 -0.5388073 2.010788 -5.485122 
6.75 0.808701 0 -1.040901 1.802845 -5.485094 
7 -15.5 -3e-06 -1.570797 1.570797 -4.712389 
24 -17.5 -3e-06 0.4066239 -2.879745 -3.088051 
-7 -15.5 -3e-06 1.570796 1.570797 -4.712389 
-24 -17.5 -3e-06 -0.4066239 -2.879766 -3.08805 
-24 -17.50001 32 -0.4066261 -2.879744 3.088049 
24 -17.50001 32 0.4066263 -2.879765 3.08805 
24 -10.5 32 0.6054512 0.6054512 6.089063 
-24 -10.5 32 -0.6054512 0.6054505 6.08906 
24 -9.500003 17 1.464114 5.990487 0.4066291 
-18 -9.500003 19.75 -1.221895e-05 5.485097 2.081759 
18 -9.500003 19.75 0 5.485095 2.081771 
-16.9 -9.500003 19.8948 -0.5387875 5.485127 2.010794 
16.9 -9.500003 19.8948 0.5388061 5.485115 2.010796 
-15.875 -9.500003 20.3194 -1.040915 5.485086 1.80285 
15.875 -9.500003 20.3194 1.040909 5.485088 1.802848 
-14.9948 -9.500004 20.9948 -1.47201 5.485108 1.472021 
14.9948 -9.500004 20.9948 1.47201 5.485109 1.472021 
-14.3194 -9.500004 21.875 -1.80285 5.485087 1.040906 
14.3194 -9.500004 21.875 1.802852 5.485082 1.040914 
-13.8948 -9.500004 22.9 -2.010796 5.485113 0.538806 
13.8948 -9.500004 22.9 2.010794 5.485121 0.5387865 
-13.75 -9.500004 24 -2.081758 5.485098 -1.262128e-05 
13.75 -9.500004 24 2.081758 5.485098 1.261383e-05 
-13.8948 -9.500004 25.1 -2.010794 5.48512 -0.5387865 
13.8948 -9.500004 25.1 2.010796 5.485113 -0.538806 
-14.3194 -9.500004 26.125 -1.802853 5.485082 -1.04091 
14.3194 -9.500004 26.125 1.802845 5.485091 -1.040905 
-14.9948 -9.500005 27.0052 -1.472017 5.485106 -1.472015 
14.9948 -9.500005 27.0052 1.472017 5.485109 -1.472009 
-15.875 -9.500005 27.6806 -1.040907 5.485086 -1.802852 
15.875 -9.500005 27.6806 1.040914 5.485083 -1.802853 
-16.9 -9.500005 28.1052 -0.5388059 5.485116 -2.010795 
16.9 -9.500005 28.1052 0.5387872 5.485127 -2.010793 
-18 -9.500005 28.25 1.223758e-05 5.485106 -2.081758 
18 -9.500005 28.25 1.223758e-05 5.485098 -2.081758 
-24 -9.500005 31 -0.9684803 5.965582 0.5512242 
24 -9.500005 31 0.968753 5.96547 0.5511803 
22.1052 -9.500004 22.9 -2.010795 5.485115 0.5388063 
22.25 -9.500004 24 -2.081754 5.485096 -1.268461e-05 
22.1052 -9.500004 25.1 -2.010792 5.48512 -0.5387871 
21.6806 -9.500004 26.125 -1.802853 5.485082 -1.040913 
21.0052 -9.500005 27.0052 -1.472013 5.485109 -1.472015 
20.125 -9.500005 27.6806 -1.04091 5.48509 -1.802845 
19.1 -9.500005 28.1052 -0.5388059 5.485114 -2.010795 
19.1 -9.500003 19.8948 -0.5388061 5.485113 2.010796 
20.125 -9.500003 20.3194 -1.040906 5.485085 1.802853 
21.0052 -9.500004 20.9948 -1.472016 5.485105 1.472019 
21.6806 -9.500004 21.875 -1.802852 5.485086 1.040908 
-19.1 -9.500005 28.1052 0.5387872 5.48512 -2.010793 
-20.125 -9.500005 27.6806 1.040915 5.485082 -1.802853 
-21.0052 -9.500005 27.0052 1.472019 5.485109 -1.472009 
-21.6806 -9.500004 26.125 1.802846 5.48509 -1.040908 
-22.1052 -9.500004 25.1 2.010794 5.485114 -0.5388057 
-22.25 -9.500004 24 2.081754 5.485096 1.179054e-05 
-22.1052 -9.500004 22.9 2.010793 5.48512 0.5387877 
-24 -9.500003 17 -1.464123 5.990488 0.4066243 
-21.6806 -9.500004 21.875 1.802854 5.485082 1.040915 
-21.0052 -9.500004 20.9948 1.47201 5.485108 1.472019 
-20.125 -9.500003 20.3194 1.040908 5.485089 1.802847 
-19.1 -9.500003 19.8948 0.5388061 5.485113 2.010796 
19.625 -17.5 21.1854 -1.557434 -3.403364 2.697385 
18.8412 -17.5 20.8607 -0.8061234 -3.403486 3.008563 
-25 -17.5 0.999997 -3.08805 -2.879783 -0.4066263 
18 -17.5 20.75 8.940697e-08 -3.403286 3.114737 
-18 -17.5 20.75 -1.490116e-08 -3.403302 3.114737 
17.1588 -17.5 20.8607 0.8061263 -3.403503 3.00857 
-17.1588 -17.5 20.8607 -0.8061263 -3.403485 3.00857 
16.375 -17.5 21.1854 1.557434 -3.403359 2.697387 
-16.375 -17.5 21.1854 -1.557434 -3.403359 2.697387 
15.7019 -17.5 21.7019 2.202441 -3.403367 2.20244 
-15.7019 -17.5 21.7019 -2.20244 -3.403371 2.20244 
15.1854 -17.5 22.375 2.697386 -3.403362 1.557435 
-15.1854 -17.5 22.375 -2.697387 -3.403361 1.557435 
14.8607 -17.5 23.1588 3.00857 -3.40349 0.8061261 
-14.8607 -17.5 23.1588 -3.00857 -3.40349 0.8061261 
14.75 -17.5 24 3.114738 -3.403284 -1.490116e-08 
-14.75 -17.5 24 -3.114738 -3.403284 0 
14.8607 -17.5 24.8412 3.00857 -3.40349 -0.8061261 
-14.8607 -17.5 24.8412 -3.00857 -3.40349 -0.8061261 
15.1854 -17.5 25.625 2.697387 -3.403361 -1.557435 
-15.1854 -17.5 25.625 -2.697387 -3.403362 -1.557435 
15.7019 -17.5 26.2981 2.20244 -3.403371 -2.20244 
-15.7019 -17.5 26.2981 -2.20244 -3.403367 -2.20244 
16.375 -17.5 26.8146 1.557434 -3.403359 -2.697387 
-16.375 -17.5 26.8146 -1.557434 -3.403359 -2.697387 
17.1588 -17.5 27.1393 0.8061265 -3.403485 -3.00857 
-17.1588 -17.5 27.1393 -0.8061264 -3.403503 -3.00857 
18 -17.5 27.25 -2.980232e-08 -3.403302 -3.114739 
-18 -17.5 27.25 4.470348e-08 -3.403286 -3.114739 
25 -17.50001 31 3.088049 -2.879733 0.4066255 
-25 -17.50001 31 -3.088048 -2.879731 0.4066255 
24.866 -17.50001 31.5 2.627974 -2.618041 1.517347 
-24.866 -17.50001 31.5 -2.627974 -2.61805 1.517347 
24.5 -17.50001 31.866 1.517347 -2.61805 2.627974 
-24.5 -17.50001 31.866 -1.517347 -2.618064 2.627974 
-20.8146 -17.5 22.375 2.697386 -3.403361 1.557434 
-21.1393 -17.5 23.1588 3.00858 -3.403486 0.8061303 
-21.25 -17.5 24 3.11474 -3.403286 1.974404e-07 
-21.1393 -17.5 24.8412 3.008571 -3.403487 -0.8061266 
-20.8146 -17.5 25.625 2.697387 -3.403362 -1.557435 
-20.2981 -17.5 26.2981 2.202441 -3.403368 -2.202441 
-19.625 -17.5 26.8146 1.557435 -3.403362 -2.697387 
-18.8412 -17.5 27.1393 0.8061266 -3.403487 -3.008571 
-18.8412 -17.5 20.8607 0.8061262 -3.403487 3.008569 
-19.625 -17.5 21.1854 1.557434 -3.403362 2.697386 
-20.2981 -17.5 21.7019 2.20244 -3.403368 2.20244 
18.8412 -17.5 27.1393 -0.8061267 -3.403487 -3.008572 
19.625 -17.5 26.8146 -1.557435 -3.403362 -2.697387 
20.2981 -17.5 26.2981 -2.202441 -3.403368 -2.202441 
20.8146 -17.5 25.625 -2.697387 -3.403362 -1.557435 
21.1393 -17.5 24.8412 -3.008571 -3.403487 -0.8061265 
21.25 -17.5 24 -3.11474 -3.403286 2.086163e-07 
21.1393 -17.5 23.1588 -3.00858 -3.403486 0.8061303 
20.8146 -17.5 22.375 -2.697387 -3.403361 1.557434 
25 -17.5 0.999997 3.088049 -2.879739 -0.4066263 
20.2981 -17.5 21.7019 -2.20244 -3.403368 2.20244 
-24.866 -17.5 0.499997 -2.627975 -2.618042 -1.517346 
24.866 -17.5 0.499997 2.627974 -2.618051 -1.517345 
-24.5 -17.5 0.133997 -1.517345 -2.618047 -2.627972 
24.5 -17.5 0.133997 1.517346 -2.618061 -2.627973 
-24.7071 -9.792905 31.6589 -2.625027 2.624952 2.100352 
-24.3234 -9.634005 31.5 -0.9743724 5.177964 2.109339 
-24 -9.500003 16 -2.76992 1.675475 1.88486 
-24.5 -9.707103 15.866 -3.015238 3.367219 2.461881 
-24.7071 -9.792903 15.6589 -4.860673 1.502963 2.756017 
24.3234 -9.634005 31.5 0.9746321 5.177852 2.108889 
24.7071 -9.792905 31.6589 2.624967 2.625027 2.100355 
24.7071 -9.792903 15.6589 4.860662 1.502974 2.756029 
24.5 -9.707103 15.866 3.015432 3.367139 2.462069 
24 -9.500003 16 2.769919 1.675476 1.884858 
25 -10.5 31 5.965583 0.9684813 0.5512286 
25 -10.5 15 6.254541 0.2338125 0.2620697 
24.866 -10.1766 15.5 5.88295 1.429948 0.9258099 
24.866 -10.17661 31.5 5.177973 0.9743595 2.109353 
-24.866 -10.1766 15.5 -5.882949 1.429951 0.9258134 
-25 -10.5 15 -6.254539 0.2338108 0.2620699 
-24.866 -10.17661 31.5 -5.177854 0.974634 2.10888 
-25 -10.5 31 -5.965461 0.968762 0.5511825 
25 -10.5 0.999998 6.176098 1.227085e-07 -0.8132522 
-25 -10.5 0.999998 -6.176097 1.228235e-07 -0.8132521 
24.5 -10 31.866 1.753732 1.753736 4.64261 
-24.5 -10 31.866 -1.753732 1.753732 4.642607 
24.5 -9.7071 0.133998 3.03469 7.96976e-07 -5.255949 
-24.5 -9.7071 0.133998 -3.03469 8.30393e-07 -5.255949 
24.866 -10.1766 0.499998 5.255952 4.62074e-07 -3.034688 
-24.866 -10.1766 0.499998 -5.25595 4.806539e-07 -3.034687 
24.7071 -9.7929 0.341098 4.442888 6.5858e-07 -4.442877 
-24.7071 -9.7929 0.341098 -4.442889 8.230882e-07 -4.442877 
-7 -7.5 0.799999 1.570796 -1.570796 -1.570796 
7 -7.5 0.799999 -1.570797 -1.570797 -1.570796 
7 -15.5 0.799998 -1.570796 1.570797 -1.570796 
-7 -15.5 0.799998 1.570796 1.570797 -1.570796 
18 -10.5 20.75 1.490116e-08 2.341982 5.456722 
17.1588 -10.5 20.8607 1.412311 2.342045 5.270851 
16.375 -10.5 21.1854 2.728505 2.341979 4.725629 
15.7019 -10.5 21.7019 3.858502 2.342 3.858512 
15.1854 -10.5 22.375 4.725617 2.341992 2.728503 
14.8607 -10.5 23.1588 5.270866 2.342038 1.412284 
14.75 -10.5 24 5.456734 2.341966 2.104044e-05 
-18 -10.5 20.75 -2.036989e-05 2.341966 5.456735 
-18.8412 -10.5 20.8607 1.412311 2.342045 5.270851 
-19.625 -10.5 21.1854 2.728507 2.341979 4.725629 
-20.2981 -10.5 21.7019 3.858502 2.341999 3.858513 
-20.8146 -10.5 22.375 4.725619 2.341992 2.728503 
-21.1393 -10.5 23.1588 5.270864 2.342037 1.412285 
-21.25 -10.5 24 5.456734 2.341968 2.042949e-05 
-14.75 -10.5 24 -5.456734 2.341966 -2.103299e-05 
-14.8607 -10.5 23.1588 -5.270851 2.342047 1.412312 
-15.1854 -10.5 22.375 -4.725627 2.341985 2.728498 
-15.7019 -10.5 21.7019 -3.858503 2.342 3.858513 
-16.375 -10.5 21.1854 -2.72851 2.341985 4.725621 
-17.1588 -10.5 20.8607 -1.412285 2.342036 5.270865 
14.8607 -10.5 24.8412 5.270851 2.342047 -1.412312 
-21.1393 -10.5 24.8412 5.27085 2.342046 -1.412311 
-20.8146 -10.5 25.625 4.725628 2.34198 -2.728507 
-20.2981 -10.5 26.2981 3.858513 2.342001 -3.8585 
-19.625 -10.5 26.8146 2.728504 2.341992 -4.725618 
-18.8412 -10.5 27.1393 1.412285 2.342037 -5.270864 
-18 -10.5 27.25 2.038479e-05 2.341968 -5.456734 
-17.1588 -10.5 27.1393 -1.412311 2.342046 -5.27085 
-16.375 -10.5 26.8146 -2.728498 2.341985 -4.725628 
-15.7019 -10.5 26.2981 -3.858505 2.342008 -3.858502 
-15.1854 -10.5 25.625 -4.725617 2.341992 -2.728503 
-14.8607 -10.5 24.8412 -5.270866 2.342038 -1.412284 
15.1854 -10.5 25.625 4.725628 2.34198 -2.728506 
15.7019 -10.5 26.2981 3.858513 2.342002 -3.8585 
16.375 -10.5 26.8146 2.728502 2.341991 -4.72562 
17.1588 -10.5 27.1393 1.412285 2.342037 -5.270864 
18 -10.5 27.25 2.041459e-05 2.341968 -5.456734 
18.8412 -10.5 27.1393 -1.412311 2.342046 -5.27085 
19.625 -10.5 26.8146 -2.728508 2.34198 -4.725628 
20.2981 -10.5 26.2981 -3.858502 2.342001 -3.858511 
20.8146 -10.5 25.625 -4.725619 2.341992 -2.728502 
21.1393 -10.5 24.8412 -5.270864 2.342037 -1.412285 
21.25 -10.5 24 -5.456734 2.341968 -2.039969e-05 
21.1393 -10.5 23.1588 -5.27085 2.342046 1.412311 
20.8146 -10.5 22.375 -4.725627 2.341985 2.728498 
20.2981 -10.5 21.7019 -3.858504 2.342005 3.858504 
19.625 -10.5 21.1854 -2.728498 2.341985 4.725628 
18.8412 -10.5 20.8607 -1.412311 2.342045 5.270851 
-24.866 11.5 15.5 -2.627982 2.618043 1.517352 
-24.5 11.5 15.866 -1.517345 2.61804 2.627972 
-24.5 11.5 0.134002 -1.517346 2.618042 -2.627973 
-24.866 11.5 0.500002 -2.627974 2.618044 -1.517345 
-25 11.5 15 -3.08805 2.879744 0.4066267 
-25 11.5 1.000002 -3.088049 2.879744 -0.4066257 
24.866 11.5 0.500002 2.627982 2.618044 -1.517352 
24.5 11.5 0.134002 1.517346 2.618041 -2.627971 
24.5 11.5 15.866 1.517354 2.61804 2.627981 
24.866 11.5 15.5 2.627975 2.618044 1.517345 
25 11.5 1.000002 3.088049 2.879742 -0.406626 
25 11.5 15 3.088049 2.879744 0.4066265 
24 11.5 16 0.4066236 2.879745 3.088051 
24 -8.500003 16 1.075098 0.4066232 6.122563 
-24 -8.500003 16 -1.075097 0.4066224 6.122556 
-24 11.5 16 -0.4066234 2.879745 3.088048 
13.3683 11.5 16 -1.040876 2.493211 2.742551 
12.3683 11.5 15 -2.728369 2.715317 1.170997 
20.5981 11.5 6.500002 -1.668612 5.592163 0.9633936 
21 11.5 8.000002 -1.92687 5.592069 -2.235174e-05 
20.5981 11.5 9.500002 -1.668607 5.592177 -0.9633614 
19.5 11.5 10.5981 -0.9633632 5.592177 -1.668606 
18 11.5 11 0 5.592084 -1.92685 
15.4019 11.5 9.500002 1.668614 5.592162 -0.9633919 
15 11.5 8.000002 1.926864 5.592069 2.18153e-05 
15.4019 11.5 6.500002 1.668606 5.592177 0.9633641 
12.3683 11.5 1.000002 -2.728365 2.715308 -1.171001 
16.5 11.5 5.401902 0.963364 5.592177 1.668607 
18 11.5 5.000002 3.278255e-07 5.592084 1.926852 
19.5 11.5 5.401902 -0.9633636 5.592176 1.668607 
16.5 11.5 10.5981 0.9633634 5.592176 -1.668606 
-18 11.5 11 -2.291799e-05 5.592069 -1.926871 
-12.3683 11.5 15 2.728369 2.715316 1.170997 
-13.3683 11.5 16 1.040876 2.49321 2.742551 
-12.3683 11.5 1.000002 2.728369 2.715314 -1.170996 
-15.4019 11.5 6.500002 -1.668606 5.592177 0.9633639 
-15 11.5 8.000002 -1.926864 5.592069 2.18302e-05 
-15.4019 11.5 9.500002 -1.668614 5.592162 -0.9633919 
-16.5 11.5 10.5981 -0.9633634 5.592177 -1.668606 
-19.5 11.5 5.401902 0.9633938 5.592162 1.668614 
-18 11.5 5.000002 -2.267957e-05 5.592069 1.926873 
-16.5 11.5 5.401902 -0.963364 5.592176 1.668607 
-19.5 11.5 10.5981 0.9633934 5.592162 -1.668613 
-20.5981 11.5 9.500002 1.668607 5.592177 -0.9633614 
-21 11.5 8.000002 1.92687 5.592069 -2.236664e-05 
-20.5981 11.5 6.500002 1.668612 5.592163 0.9633936 
13.04 9.005897 16 -2.01078 0.538779 5.485134 
11.6913 5.749998 16 -1.802844 1.040898 5.485096 
9.5459 2.954097 16 -1.472015 1.472019 5.485105 
6.75 0.808698 16 -1.040902 1.80284 5.485096 
3.4941 -0.540004 16 -0.538807 2.010786 5.485123 
0 -1.000003 16 3.106892e-06 2.081731 5.485117 
-3.4941 -0.540004 16 0.5388033 2.010785 5.485125 
-6.75 0.808698 16 1.0409 1.802843 5.485094 
-9.5459 2.954097 16 1.472021 1.472021 5.485104 
-11.6913 5.749998 16 1.802843 1.040892 5.485099 
-13.04 9.005897 16 2.010774 0.5387824 5.485136 
-12.0741 9.264796 15 5.270842 1.412248 2.342035 
-12.0741 9.264799 1.000002 5.270843 1.412249 -2.342033 
-19.2292 10.9585 5.870902 2.736444 2.438506 4.739523 
-19.2292 -8.080601 5.870899 2.18375 2.308537 3.782253 
-18 -8.080601 5.541499 1.192093e-07 2.308477 4.367309 
-18 10.9585 5.541502 -4.434586e-05 2.438391 5.472872 
-20.1291 10.9585 6.770802 4.739523 2.438507 2.736443 
-20.1291 -8.080601 6.770799 3.782242 2.308547 2.183718 
-20.4585 10.9585 8.000002 5.472872 2.438392 -4.291534e-05 
-20.4585 -8.080601 7.999999 4.367235 2.308516 2.259016e-05 
-20.1291 10.9585 9.229202 4.739557 2.438479 -2.736412 
-20.1291 -8.080602 9.229199 3.782251 2.308537 -2.183748 
-19.2292 10.9585 10.1291 2.736443 2.438507 -4.739523 
-19.2292 -8.080602 10.1291 2.183763 2.308533 -3.782258 
-18 10.9585 10.4585 -4.422665e-05 2.438392 -5.472872 
-18 -8.080602 10.4585 -9.194016e-06 2.308462 -4.367341 
-16.7708 10.9585 10.1291 -2.736413 2.438479 -4.739558 
-16.7708 -8.080602 10.1291 -2.183751 2.308537 -3.782253 
-15.8709 10.9585 9.229202 -4.739523 2.438506 -2.736444 
-15.8709 -8.080602 9.229199 -3.782242 2.308548 -2.183718 
-15.5415 10.9585 8.000002 -5.472872 2.438393 4.523993e-05 
-15.5415 -8.080601 7.999999 -4.36721 2.308526 1.02818e-06 
-15.8709 10.9585 6.770802 -4.739558 2.438479 2.736412 
-15.8709 -8.080601 6.770799 -3.782243 2.308548 2.18372 
-16.7708 10.9585 5.870902 -2.736414 2.438479 4.739557 
-16.7708 -8.080601 5.870899 -2.183751 2.308537 3.782252 
-10.8253 6.249998 15 4.725674 2.728423 2.342004 
-10.8253 6.25 1.000001 4.725674 2.728425 -2.342003 
-8.8388 3.661198 15 3.858503 3.858503 2.342009 
-8.8388 3.6612 1.000001 3.858505 3.858505 -2.342005 
-6.25 1.674698 15 2.728429 4.725667 2.342008 
-6.25 1.6747 1 2.72843 4.725668 -2.342006 
-19.732 -8.500001 7.999999 2.44726 5.54804 -0.3450143 
-16.268 -8.500001 7.999999 -2.447289 5.548016 -0.3450676 
-18 -9.500001 7.999999 -1.676381e-07 2.328517 -1.19814 
-19.5 -8.500002 8.865999 1.54234 5.702687 -0.8904773 
-18.866 -8.500002 9.499999 0.8905249 5.702703 -1.542302 
-18 -8.500002 9.732099 -2.3067e-05 5.702626 -1.781017 
-17.134 -8.500002 9.499999 -0.8905107 5.702693 -1.542323 
-16.5 -8.500002 8.865999 -1.54239 5.702662 -0.8904434 
-3.2352 0.425898 15 1.412302 5.270817 2.342031 
-3.2352 0.4259 1 1.412306 5.270815 -2.342032 
0 -2e-06 15 4.336238e-06 5.456741 2.342021 
0 -0 1 1.490116e-08 5.45674 -2.342021 
3.2352 0.425898 15 -1.412306 5.270814 2.342034 
3.2352 0.4259 1 -1.412306 5.270814 -2.342032 
6.25 1.674698 15 -2.728434 4.725667 2.342006 
6.25 1.6747 1 -2.728429 4.725668 -2.342006 
8.8388 3.661198 15 -3.858502 3.858507 2.342007 
8.8388 3.6612 1.000001 -3.858505 3.858505 -2.342005 
16.268 -8.500001 7.999999 2.447289 5.548015 -0.3450672 
19.732 -8.500001 7.999999 -2.447259 5.548041 -0.3450147 
18 -9.500001 7.999999 1.750886e-07 2.328517 -1.19814 
16.7708 10.9585 5.870902 2.736414 2.438479 4.739557 
16.7708 -8.080601 5.870899 2.183751 2.308537 3.782252 
18 -8.080601 5.541499 1.043081e-07 2.308477 4.367309 
18 10.9585 5.541502 -8.940697e-08 2.438364 5.472887 
15.8709 10.9585 6.770802 4.739558 2.438479 2.736413 
15.8709 -8.080601 6.770799 3.782243 2.308548 2.183719 
15.5415 10.9585 8.000002 5.472873 2.438393 4.535913e-05 
15.5415 -8.080601 7.999999 4.367209 2.308526 1.400709e-06 
15.8709 10.9585 9.229202 4.739521 2.438506 -2.736443 
15.8709 -8.080602 9.229199 3.782243 2.308548 -2.183719 
16.5 -8.500002 8.865999 1.542393 5.702662 -0.8904454 
17.134 -8.500002 9.499999 0.8905111 5.702693 -1.542324 
18 -8.500002 9.732099 2.282113e-05 5.702626 -1.781016 
18.866 -8.500002 9.499999 -0.8905245 5.702703 -1.542301 
19.5 -8.500002 8.865999 -1.542336 5.702687 -0.8904753 
16.7708 10.9585 10.1291 2.736414 2.43848 -4.739558 
16.7708 -8.080602 10.1291 2.18375 2.308537 -3.782253 
18 10.9585 10.4585 1.192093e-07 2.438365 -5.472887 
18 -8.080602 10.4585 9.000301e-06 2.308462 -4.367342 
19.2292 10.9585 10.1291 -2.736412 2.438479 -4.739559 
19.2292 -8.080602 10.1291 -2.183763 2.308533 -3.782258 
20.1291 10.9585 9.229202 -4.739559 2.43848 -2.736413 
20.1291 -8.080602 9.229199 -3.782251 2.308537 -2.183748 
20.4585 10.9585 8.000002 -5.472872 2.438392 -4.305691e-05 
20.4585 -8.080601 7.999999 -4.367236 2.308517 2.236664e-05 
20.1291 10.9585 6.770802 -4.739523 2.438507 2.736443 
20.1291 -8.080601 6.770799 -3.782242 2.308547 2.183719 
19.2292 10.9585 5.870902 -2.736413 2.438479 4.739558 
19.2292 -8.080601 5.870899 -2.18375 2.308537 3.782253 
10.8253 6.249998 15 -4.725667 2.728428 2.342009 
10.8253 6.25 1.000001 -4.725674 2.728424 -2.342003 
12.0741 9.264796 15 -5.27084 1.41224 2.342039 
12.0741 9.264799 1.000002 -5.270837 1.412256 -2.342038 
-24 -9.366003 16.5 -3.665145 2.627973 1.517346 
-24 -9.000003 16.134 -3.665143 1.517346 2.627981 
24 -9.000003 16.134 3.665143 1.517343 2.627976 
24 -9.366003 16.5 3.665145 2.627978 1.517349 
13.6 30 8.000005 -1.292794 6.0018 -2.110004e-05 
13.7499 30 9.138804 -1.248857 6.001742 0.3346582 
15.5 30 9.443405 2.356204 4.188783 -1.360344 
14.1895 30 10.2 -1.119727 6.00173 0.6464772 
18 30 10.8868 2.980232e-08 4.188806 -2.720687 
14.8887 30 11.11131 -0.914251 6.001735 0.9142308 
21.1113 30 11.11131 0.9142281 6.001736 0.9142489 
15.8 30 11.8105 -0.6464555 6.001732 1.119736 
20.2 30 11.8105 0.6464785 6.001729 1.119729 
16.8612 30 12.2501 -0.3346515 6.001732 1.24888 
19.1388 30 12.2501 0.3346588 6.00174 1.248859 
18 30 12.4 -2.150983e-05 6.001801 1.292794 
21.8105 30 10.2 1.119735 6.001733 0.6464541 
22.2501 30 9.138804 1.248855 6.001741 0.3346678 
20.5 30 9.443405 -2.356204 4.188784 -1.360344 
18 30 3.600005 -7.450581e-09 6.001806 -1.292782 
16.8612 30 3.749905 -0.334658 6.001742 -1.248856 
19.1388 30 3.749905 0.3346683 6.00174 -1.248859 
15.8 30 4.189505 -0.6464773 6.00173 -1.119727 
20.2 30 4.189505 0.6464559 6.001731 -1.119738 
14.8887 30 4.888705 -0.9142301 6.001735 -0.9142505 
21.1113 30 4.888705 0.9142482 6.001737 -0.9142271 
18 30 5.113205 -1.788139e-07 4.188804 2.720688 
21.8105 30 5.800005 1.119725 6.00173 -0.6464703 
20.5 30 6.556605 -2.356206 4.188783 1.36035 
22.2501 30 6.861205 1.248853 6.001745 -0.3346528 
22.4 30 8.000005 1.29278 6.001808 0 
13.7499 30 6.861205 -1.248878 6.001734 -0.3346472 
15.5 30 6.556605 2.356206 4.188783 1.36035 
14.1895 30 5.800005 -1.119737 6.001731 -0.646449 
18.6177 -1.000002 10.3052 0.6061558 -5.2218 2.262239 
18 -1.000002 10.3865 1.706183e-06 -5.221859 2.342001 
17.3823 -1.000002 10.3052 -0.6061508 -5.221804 2.262237 
16.8068 -1.000002 10.0668 -1.171063 -5.221847 2.0282 
16.3125 -1.000002 9.6875 -1.656042 -5.221825 1.656084 
15.9332 -1.000002 9.1932 -2.028204 -5.221861 1.17102 
15.6948 -1.000001 8.6177 -2.262242 -5.221801 0.6061515 
15.6135 -1.000001 8 -2.342002 -5.221858 1.758337e-06 
15.6948 -1.000001 7.3823 -2.262238 -5.221805 -0.6061504 
15.9332 -1.000001 6.8068 -2.028202 -5.221845 -1.171064 
16.3125 -1.000001 6.3125 -1.656083 -5.221826 -1.656043 
16.8068 -1.000001 5.9332 -1.171026 -5.221865 -2.028206 
17.3823 -1.000001 5.6948 -0.6061566 -5.221796 -2.262242 
18 -1.000001 5.6135 -3.874302e-07 -5.22186 -2.342 
18.6177 -1.000001 5.6948 0.6061494 -5.221802 -2.26224 
19.1932 -1.000001 5.9332 1.171064 -5.221848 -2.0282 
19.6875 -1.000001 6.3125 1.656043 -5.221826 -1.656084 
20.0668 -1.000001 6.8068 2.028204 -5.221867 -1.171026 
20.3052 -1.000001 7.3823 2.262244 -5.221795 -0.6061572 
20.3865 -1.000001 8 2.341999 -5.221862 1.639128e-07 
20.3052 -1.000001 8.6177 2.262242 -5.221802 0.6061458 
20.0668 -1.000002 9.1932 2.028192 -5.221849 1.171055 
19.6875 -1.000002 9.6875 1.656084 -5.221824 1.656042 
19.1932 -1.000002 10.0668 1.171026 -5.221864 2.028206 
21 -0.3865 8 5.1965 -2.081769 1.266599e-07 
21 23.32 8.000004 6.240303 -0.2617342 -3.324449e-05 
20.8978 23.32 8.776504 6.027608 -0.2628839 1.615151 
20.8978 -0.3865 8.7765 5.019338 -2.081708 1.344883 
20.5 26.3 9.443404 -2.356205 2.094402 -1.360344 
20.5 26.3 8.000004 -4.595951 2.780841 7.450581e-08 
20.4148 26.3 8.647004 -1.40491 5.922388 -0.3763945 
20.1651 26.3 9.250004 -1.259537 5.922444 -0.727095 
19.7678 26.3 9.767804 -1.028374 5.922443 -1.028375 
19.25 26.3 10.1651 -2.29791 2.780851 -3.980225 
18 24.8566 8.000004 -4.842877e-07 4.698805 2.458692e-06 
21.0139 23.4023 8.000004 5.980312 -1.814058 2.557039e-05 
21.1639 23.8323 8.000004 5.624659 -2.731571 8.498132e-05 
21.0561 23.8323 8.818904 5.433154 -2.731283 1.455613 
20.9113 23.4023 8.780104 5.775478 -1.817211 1.547109 
23 29.4 8.000005 5.90439 1.155175 -7.549301e-06 
22.8243 29.8243 8.000005 4.081027 3.906847 -8.963048e-06 
22.6599 29.8243 9.248605 3.942023 3.906788 1.056383 
22.8296 29.4 9.294105 5.70321 1.155193 1.528301 
23 24 8.000004 3.114707 -2.879749 -5.960464e-08 
22.8296 24 9.294104 3.00858 -2.879816 0.8061822 
21.2232 23.9268 8.000004 3.820426 -4.708247 3.20822e-05 
21.1134 23.9268 8.834204 3.690547 -4.708232 0.9886543 
21.4 24 8.000004 1.107872 -6.079251 3.454089e-05 
21.2841 24 8.880004 1.070472 -6.079116 0.2868193 
21.0035 23.3618 8.000004 6.163351 -1.049368 -0.0001395941 
20.9012 23.3618 8.777404 5.952468 -1.054481 1.594881 
18 24 13 -3.72529e-09 -2.879751 3.114707 
16.7059 24 12.8296 -0.8061813 -2.879815 3.00858 
19.2941 24 12.8296 0.8061812 -2.879815 3.00858 
15.5 24 12.3301 -1.557384 -2.879773 2.697403 
20.5 24 12.3301 1.557384 -2.879773 2.697404 
14.4645 24 11.5355 -2.202443 -2.879832 2.202443 
21.5355 24 11.5355 2.202443 -2.879832 2.202442 
18 24 11.4 -9.313226e-10 -6.079243 1.107901 
18.88 24 11.2841 0.2868768 -6.07911 1.070475 
15.0555 24 9.700004 -0.9595325 -6.079221 0.553952 
15.5958 24 10.4042 -0.7834572 -6.079214 0.7834461 
13.6699 24 10.5 -2.697404 -2.879773 1.557384 
16.3 24 10.9445 -0.5539219 -6.079225 0.959537 
17.12 24 11.2841 -0.2868768 -6.07911 1.070475 
14.7159 24 7.120004 -1.070474 -6.079111 -0.2868769 
14.6 24 8.000004 -1.107873 -6.079251 3.503356e-05 
13 24 8.000004 -3.114707 -2.87975 -4.470348e-08 
14.7159 24 8.880004 -1.070476 -6.079114 0.2868201 
13.1704 24 9.294104 -3.00858 -2.879815 0.8061811 
13.1704 24 6.705904 -3.008579 -2.879815 -0.8061826 
13.6699 24 5.500004 -2.697405 -2.879773 -1.557387 
15.5958 24 5.595804 -0.7834551 -6.079213 -0.7834504 
15.0555 24 6.300004 -0.9595289 -6.079227 -0.5539362 
20.4042 24 5.595804 0.7834445 -6.079213 -0.7834609 
19.7 24 5.055504 0.5539255 -6.079227 -0.9595281 
22.3301 24 5.500004 2.697405 -2.879774 -1.557386 
18.88 24 4.715904 0.286835 -6.07912 -1.070455 
21.5355 24 4.464504 2.202443 -2.879829 -2.202442 
18 24 4.600004 0 -6.079262 -1.107845 
14.4645 24 4.464504 -2.202443 -2.87983 -2.202443 
17.12 24 4.715904 -0.2868194 -6.079114 -1.070476 
16.3 24 5.055504 -0.5539479 -6.079218 -0.9595408 
19.7 24 10.9445 0.5539219 -6.079225 0.959537 
20.4042 24 10.4042 0.7834572 -6.079214 0.7834466 
22.3301 24 10.5 2.697404 -2.879774 1.557383 
20.9445 24 9.700004 0.9595361 -6.079219 0.5539532 
20.9445 24 6.300004 0.9595412 -6.079224 -0.5539354 
22.8296 24 6.705904 3.008579 -2.879815 -0.8061836 
21.2841 24 7.120004 1.07047 -6.079112 -0.2868749 
18 24 3.000004 2.793968e-08 -2.87975 -3.114707 
19.2941 24 3.170404 0.8061813 -2.879815 -3.00858 
16.7059 24 3.170404 -0.8061812 -2.879814 -3.00858 
20.5 24 3.669904 1.557383 -2.879772 -2.697404 
15.5 24 3.669904 -1.557383 -2.879773 -2.697404 
20.5981 23.32 9.500004 5.404316 -0.2616087 3.119986 
20.5981 -0.386501 9.5 4.500089 -2.081733 2.598378 
20.7401 23.8323 9.582004 4.871941 -2.729991 2.812507 
20.6102 23.4023 9.507004 5.177525 -1.819457 2.98908 
22.1779 29.8243 10.4121 3.534383 3.907243 2.040426 
22.3301 29.4 10.5 5.113272 1.155437 2.95212 
20.7914 23.9268 9.611604 3.30956 -4.706943 1.910479 
20.6011 23.3618 9.501803 5.336333 -1.055001 3.081908 
20.1213 23.32 10.1213 4.412524 -0.2643892 4.41261 
20.1213 -0.386501 10.1213 3.674527 -2.081788 3.674505 
18 26.3 10.8868 0 2.094381 -2.720688 
20.2373 23.8323 10.2373 3.977432 -2.730865 3.977576 
20.1312 23.4023 10.1312 4.227553 -1.818676 4.227622 
21.4113 29.8243 11.4113 2.885733 3.90648 2.885903 
21.5355 29.4 11.5355 4.175084 1.15497 4.175218 
20.2792 23.9268 10.2792 2.701921 -4.707424 2.701961 
20.1238 23.3618 10.1238 4.357236 -1.056585 4.357299 
19.5 23.32 10.5981 3.120074 -0.2616362 5.404264 
19.5 -0.386501 10.5981 2.59837 -2.081721 4.500114 
19.582 23.8323 10.7401 2.812569 -2.730164 4.87181 
19.507 23.4023 10.6102 2.988985 -1.819303 5.177609 
20.4121 29.8243 12.17791 2.040587 3.907206 3.534298 
20.5 29.4 12.3301 2.952232 1.155476 5.113181 
19.6116 23.9268 10.7914 1.910576 -4.706905 3.309542 
19.5018 23.3618 10.6011 3.081938 -1.054979 5.336317 
18.7765 23.32 10.8978 1.61509 -0.2629242 6.027627 
18.7765 -0.386501 10.8978 1.34489 -2.081712 5.019329 
18.647 26.3 10.4148 -0.3763943 5.922387 -1.40491 
18 26.3 10.5 0 5.922434 -1.454358 
17.353 26.3 10.4148 0.3763943 5.922387 -1.40491 
16.75 26.3 10.1651 2.29791 2.780851 -3.980225 
18.8189 23.8323 11.0561 1.455668 -2.73137 5.433098 
18.7801 23.4023 10.9113 1.547299 -1.817268 5.775395 
19.2486 29.8243 12.6599 1.056315 3.906836 3.94204 
19.2941 29.4 12.82961 1.528249 1.155178 5.703235 
18.8342 23.9268 11.1134 0.9886243 -4.708229 3.69056 
18.7774 23.3618 10.9012 1.594747 -1.054344 5.952515 
18 23.32 11 3.464986e-05 -0.2617357 6.240303 
18 -0.386501 11 1.132488e-06 -2.081769 5.196501 
18 23.8323 11.1639 -8.420274e-05 -2.731576 5.624656 
18 23.4023 11.0139 -2.793968e-05 -1.813999 5.980334 
18 29.8243 12.8243 -7.361174e-06 3.906857 4.081015 
18 29.4 13 6.124377e-06 1.155182 5.904387 
18 23.9268 11.2232 1.981109e-05 -4.708261 3.820398 
18 23.3618 11.0035 0.000141263 -1.0493 6.16336 
17.2235 23.32 10.8978 -1.615167 -0.2629164 6.027601 
17.2235 -0.386501 10.8978 -1.344889 -2.081708 5.019335 
15.5 26.3 9.443404 2.356205 2.094403 -1.360344 
17.1811 23.8323 11.0561 -1.455608 -2.731323 5.433134 
17.2199 23.4023 10.9113 -1.547118 -1.817159 5.775493 
16.7514 29.8243 12.6599 -1.056364 3.906807 3.942017 
16.7059 29.4 12.82961 -1.528295 1.155207 5.703203 
17.1658 23.9268 11.1134 -0.9887263 -4.708273 3.690495 
17.2226 23.3618 10.9012 -1.594865 -1.054462 5.952475 
16.5 23.32 10.5981 -3.119984 -0.2616436 5.404318 
16.5 -0.386501 10.5981 -2.598382 -2.081733 4.500091 
16.418 23.8323 10.7401 -2.812507 -2.729993 4.871939 
16.493 23.4023 10.6102 -2.989085 -1.819427 5.177535 
15.5879 29.8243 12.17791 -2.040426 3.907247 3.534383 
15.5 29.4 12.3301 -2.95212 1.155441 5.11327 
16.3884 23.9268 10.7914 -1.910447 -4.70694 3.309584 
16.4982 23.3618 10.6011 -3.08192 -1.055 5.336326 
15.8787 23.32 10.1213 -4.412607 -0.2643885 4.412524 
15.8787 -0.386501 10.1213 -3.674502 -2.081787 3.674528 
16.2322 26.3 9.767804 1.028374 5.922443 -1.028375 
15.8349 26.3 9.250004 1.259537 5.922444 -0.727094 
15.5852 26.3 8.647004 1.404911 5.922386 -0.376395 
15.5 26.3 8.000004 4.595949 2.780843 6.705523e-08 
15.7627 23.8323 10.2373 -3.977573 -2.730879 3.977424 
15.8688 23.4023 10.1312 -4.227635 -1.818631 4.227563 
14.5887 29.8243 11.4113 -2.885904 3.906484 2.885733 
14.4645 29.4 11.5355 -4.175218 1.154973 4.175083 
15.7208 23.9268 10.2792 -2.70197 -4.707437 2.701899 
15.8762 23.3618 10.1238 -4.357298 -1.056539 4.357244 
15.4019 23.32 9.500004 -5.404263 -0.2616022 3.120079 
15.4019 -0.386501 9.5 -4.500115 -2.081721 2.598367 
15.2599 23.8323 9.582004 -4.871809 -2.730161 2.812572 
15.3898 23.4023 9.507004 -5.177599 -1.819333 2.988984 
13.8221 29.8243 10.4121 -3.534297 3.907208 2.040588 
13.6699 29.4 10.5 -5.113181 1.155476 2.952233 
15.2086 23.9268 9.611604 -3.309513 -4.706911 1.910606 
15.3989 23.3618 9.501803 -5.336319 -1.054978 3.081926 
15.1022 23.32 8.776504 -6.02763 -0.2629608 1.615077 
15.1022 -0.3865 8.7765 -5.019331 -2.081711 1.344888 
15.5 26.3 6.556604 2.356204 2.094402 1.360344 
14.9439 23.8323 8.818904 -5.433098 -2.731369 1.455671 
15.0887 23.4023 8.780104 -5.77542 -1.817198 1.547303 
13.3401 29.8243 9.248605 -3.94204 3.90683 1.056314 
13.1704 29.4 9.294105 -5.703237 1.155173 1.528249 
14.8866 23.9268 8.834204 -3.690595 -4.70822 0.9885502 
15.0988 23.3618 8.777404 -5.952516 -1.054296 1.594766 
15 23.32 8.000004 -6.240303 -0.2617354 3.520958e-05 
15 -0.3865 8 -5.196501 -2.081768 1.236796e-06 
14.8361 23.8323 8.000004 -5.624656 -2.731578 -8.328818e-05 
14.9861 23.4023 8.000004 -5.980334 -1.813999 -2.844632e-05 
13.1757 29.8243 8.000005 -4.081016 3.906857 -6.183982e-06 
13 29.4 8.000005 -5.904388 1.155181 6.943941e-06 
14.7768 23.9268 8.000004 -3.820426 -4.708247 6.958097e-05 
14.9965 23.3618 8.000004 -6.16336 -1.049299 0.0001395643 
15.1022 23.32 7.223504 -6.027606 -0.2629516 -1.615158 
15.1022 -0.3865 7.2235 -5.019334 -2.081708 -1.344888 
15.5852 26.3 7.353004 1.404912 5.922386 0.3763949 
15.8349 26.3 6.750004 1.259537 5.922444 0.7270939 
16.2322 26.3 6.232204 1.028387 5.922443 1.028412 
16.75 26.3 5.834904 2.297908 2.780849 3.98023 
14.9439 23.8323 7.181104 -5.433132 -2.731324 -1.455611 
15.0887 23.4023 7.219904 -5.775518 -1.817087 -1.547121 
13.3401 29.8243 6.751405 -3.942018 3.906802 -1.056362 
13.1704 29.4 6.705905 -5.703206 1.155203 -1.528296 
14.8866 23.9268 7.165804 -3.690496 -4.708272 -0.9887261 
15.0988 23.3618 7.222604 -5.952479 -1.054414 -1.594881 
15.4019 23.32 6.500004 -5.404316 -0.2616078 -3.119987 
15.4019 -0.3865 6.5 -4.500092 -2.081732 -2.598379 
15.2599 23.8323 6.418004 -4.87194 -2.729992 -2.812509 
15.3898 23.4023 6.493004 -5.177524 -1.819454 -2.989084 
13.8221 29.8243 5.587905 -3.534383 3.907247 -2.040423 
13.6699 29.4 5.500005 -5.11327 1.155442 -2.95212 
15.2086 23.9268 6.388404 -3.309582 -4.706937 -1.910464 
15.3989 23.3618 6.498204 -5.336328 -1.055 -3.08191 
15.8787 23.32 5.878704 -4.412524 -0.2643631 -4.412608 
15.8787 -0.3865 5.8787 -3.674527 -2.081786 -3.674502 
18 26.3 5.113204 -2.384186e-07 2.094379 2.720687 
15.7627 23.8323 5.762704 -3.977427 -2.730876 -3.977575 
15.8688 23.4023 5.868804 -4.227557 -1.81865 -4.227631 
14.5887 29.8243 4.588705 -2.885732 3.906484 -2.885904 
14.4645 29.4 4.464505 -4.175083 1.154974 -4.175218 
15.7208 23.9268 5.720804 -2.701912 -4.707437 -2.701957 
15.8762 23.3618 5.876204 -4.357251 -1.056536 -4.357298 
16.5 23.32 5.401904 -3.120072 -0.2616354 -5.404265 
16.5 -0.3865 5.4019 -2.598366 -2.081721 -4.500114 
16.418 23.8323 5.259904 -2.81257 -2.730163 -4.87181 
16.493 23.4023 5.389804 -2.988984 -1.819305 -5.177611 
15.5879 29.8243 3.822105 -2.040588 3.907209 -3.534296 
15.5 29.4 3.669905 -2.952233 1.155478 -5.11318 
16.3884 23.9268 5.208604 -1.910594 -4.706915 -3.309513 
16.4982 23.3618 5.398904 -3.081936 -1.054979 -5.336318 
17.2235 23.32 5.102204 -1.61509 -0.2629231 -6.027625 
17.2235 -0.3865 5.1022 -1.34489 -2.081711 -5.019331 
17.353 26.3 5.585204 0.3763955 5.922386 1.404913 
18 26.3 5.500004 0 5.922434 1.454358 
18.647 26.3 5.585204 -0.3763955 5.922386 1.404913 
19.25 26.3 5.834904 -2.297908 2.780849 3.98023 
17.1811 23.8323 4.943904 -1.455667 -2.731365 -5.433102 
17.2199 23.4023 5.088704 -1.547302 -1.817242 -5.775406 
16.7514 29.8243 3.340105 -1.056313 3.906827 -3.942039 
16.7059 29.4 3.170405 -1.528249 1.155172 -5.703238 
17.1658 23.9268 4.886604 -0.9885523 -4.708216 -3.690596 
17.2226 23.3618 5.098804 -1.594748 -1.054312 -5.95252 
18 23.32 5.000004 -3.474718e-05 -0.2617346 -6.240302 
18 -0.3865 5 -2.831221e-07 -2.081767 -5.1965 
18 23.8323 4.836104 8.401461e-05 -2.731585 -5.624651 
18 23.4023 4.986104 2.6986e-05 -1.813996 -5.980333 
18 29.8243 3.175705 -8.307397e-06 3.906851 -4.081028 
18 29.4 3.000005 -7.06315e-06 1.155181 -5.904388 
18 23.9268 4.776804 -1.858175e-05 -4.708242 -3.820448 
18 23.3618 4.996504 -0.0001401603 -1.049299 -6.163361 
18.7765 23.32 5.102204 1.615168 -0.2629153 -6.027605 
18.7765 -0.3865 5.1022 1.344888 -2.081708 -5.019338 
20.5 26.3 6.556604 -2.356204 2.094401 1.360344 
18.8189 23.8323 4.943904 1.455608 -2.731317 -5.433138 
18.7801 23.4023 5.088704 1.547122 -1.817134 -5.775502 
19.2486 29.8243 3.340105 1.056382 3.906795 -3.942024 
19.2941 29.4 3.170405 1.528298 1.155201 -5.703207 
18.8342 23.9268 4.886604 0.9886851 -4.708251 -3.690538 
18.7774 23.3618 5.098804 1.594865 -1.054429 -5.952482 
19.5 23.32 5.401904 3.119983 -0.2616424 -5.404318 
19.5 -0.3865 5.4019 2.598378 -2.081732 -4.50009 
19.582 23.8323 5.259904 2.812505 -2.729994 -4.871941 
19.507 23.4023 5.389804 2.989079 -1.819425 -5.177536 
20.4121 29.8243 3.822105 2.040425 3.907248 -3.534384 
20.5 29.4 3.669905 2.952119 1.155443 -5.11327 
19.6116 23.9268 5.208604 1.910459 -4.706936 -3.309583 
19.5018 23.3618 5.398904 3.081918 -1.055001 -5.336329 
20.1213 23.32 5.878704 4.412603 -0.2643628 -4.412529 
20.1213 -0.3865 5.8787 3.674501 -2.081787 -3.674529 
19.7678 26.3 6.232204 -1.028387 5.922443 1.028412 
20.1651 26.3 6.750004 -1.259537 5.922444 0.7270949 
20.4148 26.3 7.353004 -1.40491 5.922388 0.3763944 
20.2373 23.8323 5.762704 3.977576 -2.730863 -3.977435 
20.1312 23.4023 5.868804 4.227616 -1.818693 -4.227547 
21.4113 29.8243 4.588705 2.885904 3.906481 -2.885731 
21.5355 29.4 4.464505 4.175219 1.15497 -4.175083 
20.2792 23.9268 5.720804 2.701955 -4.707424 -2.701926 
20.1238 23.3618 5.876204 4.35729 -1.056586 -4.35724 
20.5981 23.32 6.500004 5.404263 -0.2616006 -3.120077 
20.5981 -0.3865 6.5 4.500111 -2.081721 -2.598365 
20.7401 23.8323 6.418004 4.871809 -2.730158 -2.812571 
20.6102 23.4023 6.493004 5.177597 -1.819334 -2.988985 
22.1779 29.8243 5.587905 3.534297 3.907204 -2.040585 
22.3301 29.4 5.500005 5.113183 1.155472 -2.952233 
20.7914 23.9268 6.388404 3.309545 -4.706904 -1.910582 
20.6011 23.3618 6.498204 5.336318 -1.05498 -3.081926 
20.8978 23.32 7.223504 6.02763 -0.2628924 -1.615074 
20.8978 -0.3865 7.2235 5.019331 -2.081712 -1.344888 
21.0561 23.8323 7.181104 5.433118 -2.731333 -1.455673 
20.9113 23.4023 7.219904 5.775382 -1.817318 -1.547286 
22.6599 29.8243 6.751405 3.942041 3.906821 -1.056311 
22.8296 29.4 6.705905 5.703241 1.155164 -1.528251 
21.1134 23.9268 7.165804 3.69058 -4.708196 -0.9886304 
20.9012 23.3618 7.222604 5.952508 -1.054363 -1.594765 
-22.4 30 8.000005 -1.292792 6.001801 -2.060086e-05 
-22.2501 30 9.138804 -1.248852 6.001744 0.3346572 
-20.5 30 9.443405 2.356204 4.188784 -1.360344 
-21.8105 30 10.2 -1.119725 6.001735 0.6464594 
-18 30 10.8868 2.980232e-08 4.188806 -2.720687 
-21.1113 30 11.11131 -0.9142323 6.001741 0.9142318 
-14.8887 30 11.11131 0.9142308 6.001735 0.914251 
-20.2 30 11.8105 -0.646456 6.001731 1.119738 
-15.8 30 11.8105 0.646477 6.00173 1.119728 
-19.1388 30 12.2501 -0.3346688 6.001738 1.248862 
-16.8612 30 12.2501 0.3346417 6.001734 1.248877 
-18 30 12.4 2.152473e-05 6.001801 1.292794 
-14.1895 30 10.2 1.119727 6.001735 0.6464607 
-13.7499 30 9.138804 1.248857 6.001742 0.3346581 
-15.5 30 9.443405 -2.356204 4.188783 -1.360344 
-18 30 3.600005 0 6.001793 -1.292808 
-19.1388 30 3.749905 -0.334641 6.001736 -1.248873 
-16.8612 30 3.749905 0.3346516 6.001734 -1.248876 
-20.2 30 4.189505 -0.6464789 6.00173 -1.119728 
-15.8 30 4.189505 0.6464553 6.001732 -1.119736 
-21.1113 30 4.888705 -0.9142274 6.001737 -0.9142485 
-14.8887 30 4.888705 0.914234 6.00174 -0.9142342 
-18 30 5.113205 -1.788139e-07 4.188804 2.720688 
-14.1895 30 5.800005 1.119727 6.001734 -0.6464542 
-15.5 30 6.556605 -2.356206 4.188782 1.36035 
-13.7499 30 6.861205 1.248857 6.001743 -0.3346538 
-13.6 30 8.000005 1.292781 6.001807 0 
-22.2501 30 6.861205 -1.248873 6.001736 -0.334647 
-20.5 30 6.556605 2.356206 4.188783 1.36035 
-21.8105 30 5.800005 -1.119735 6.001732 -0.6464477 
-17.3823 -1.000002 10.3052 0.6061558 -5.221799 2.262239 
-18 -1.000002 10.3865 1.706183e-06 -5.221859 2.342001 
-18.6177 -1.000002 10.3052 -0.6061508 -5.221804 2.262237 
-19.1932 -1.000002 10.0668 -1.171063 -5.221847 2.0282 
-19.6875 -1.000002 9.6875 -1.656042 -5.221825 1.656084 
-20.0668 -1.000002 9.1932 -2.028202 -5.221865 1.171018 
-20.3052 -1.000001 8.6177 -2.262244 -5.221797 0.6061538 
-20.3865 -1.000001 8 -2.341999 -5.221862 -2.980232e-08 
-20.3052 -1.000001 7.3823 -2.262241 -5.221801 -0.6061485 
-20.0668 -1.000001 6.8068 -2.028197 -5.22185 -1.171065 
-19.6875 -1.000001 6.3125 -1.656084 -5.221826 -1.656043 
-19.1932 -1.000001 5.9332 -1.171026 -5.221865 -2.028206 
-18.6177 -1.000001 5.6948 -0.6061566 -5.221796 -2.262242 
-18 -1.000001 5.6135 -3.874302e-07 -5.22186 -2.342 
-17.3823 -1.000001 5.6948 0.6061494 -5.221802 -2.26224 
-16.8068 -1.000001 5.9332 1.171064 -5.221848 -2.0282 
-16.3125 -1.000001 6.3125 1.656043 -5.221826 -1.656084 
-15.9332 -1.000001 6.8068 2.028207 -5.221862 -1.171028 
-15.6948 -1.000001 7.3823 2.262241 -5.221799 -0.6061551 
-15.6135 -1.000001 8 2.342002 -5.221858 -1.66893e-06 
-15.6948 -1.000001 8.6177 2.262239 -5.221805 0.6061478 
-15.9332 -1.000002 9.1932 2.028197 -5.221844 1.171054 
-16.3125 -1.000002 9.6875 1.656083 -5.221825 1.656043 
-16.8068 -1.000002 10.0668 1.171026 -5.221864 2.028206 
-15 -0.3865 8 5.1965 -2.081768 -9.760261e-07 
-15 23.32 8.000004 6.240306 -0.261759 1.192093e-07 
-15.1022 23.32 8.776504 6.027606 -0.2629519 1.615158 
-15.1022 -0.3865 8.7765 5.019335 -2.081708 1.344887 
-15.5 26.3 9.443404 -2.356205 2.094402 -1.360344 
-15.5 26.3 8.000004 -4.595949 2.780843 7.450581e-08 
-15.5852 26.3 8.647004 -1.404911 5.922386 -0.3763951 
-15.8349 26.3 9.250004 -1.259537 5.922444 -0.727094 
-16.2322 26.3 9.767804 -1.028374 5.922443 -1.028375 
-16.75 26.3 10.1651 -2.29791 2.780851 -3.980225 
-18 24.8566 8.000004 4.842877e-07 4.698806 2.541579e-06 
-15.0887 23.4023 8.780104 5.775422 -1.817136 1.547404 
-14.9861 23.4023 8.000004 5.980334 -1.813999 -0.0002217526 
-14.8361 23.8323 8.000004 5.624661 -2.731563 -0.0001072586 
-14.9439 23.8323 8.818904 5.433095 -2.7313 1.455789 
-13 29.4 8.000005 5.904387 1.155181 -6.813556e-06 
-13.1757 29.8243 8.000005 4.081028 3.906852 -8.061528e-06 
-13.3401 29.8243 9.248605 3.94203 3.906796 1.056377 
-13.1704 29.4 9.294105 5.703205 1.155203 1.528297 
-13 24 8.000004 3.114707 -2.87975 -5.960464e-08 
-13.1704 24 9.294104 3.00858 -2.879815 0.8061811 
-14.7768 23.9268 8.000004 3.820416 -4.708259 4.979223e-05 
-14.8866 23.9268 8.834204 3.690524 -4.708275 0.9886298 
-14.6 24 8.000004 1.107873 -6.079251 3.503263e-05 
-14.7159 24 8.880004 1.070476 -6.079114 0.2868201 
-15.0988 23.3618 8.777404 5.952465 -1.054372 1.594945 
-14.9965 23.3618 8.000004 6.163366 -1.049276 -0.0001053065 
-18 24 13 -3.72529e-09 -2.879751 3.114707 
-19.2941 24 12.8296 -0.8061813 -2.879815 3.00858 
-16.7059 24 12.8296 0.8061812 -2.879815 3.00858 
-20.5 24 12.3301 -1.557384 -2.879773 2.697403 
-15.5 24 12.3301 1.557384 -2.879773 2.697404 
-21.5355 24 11.5355 -2.202444 -2.879831 2.202442 
-14.4645 24 11.5355 2.202443 -2.879832 2.202443 
-18 24 11.4 -3.509969e-05 -6.079253 1.107873 
-17.12 24 11.2841 0.286861 -6.079104 1.070496 
-20.9445 24 9.700004 -0.9595361 -6.079218 0.5539532 
-20.4042 24 10.4042 -0.7834474 -6.079216 0.7834474 
-22.3301 24 10.5 -2.697404 -2.879773 1.557383 
-19.7 24 10.9445 -0.5539518 -6.079221 0.959532 
-18.88 24 11.2841 -0.2868198 -6.079113 1.070478 
-21.2841 24 7.120004 -1.070472 -6.079116 -0.2868193 
-21.4 24 8.000004 -1.107845 -6.079261 -4.470348e-08 
-23 24 8.000004 -3.114707 -2.879749 -5.960464e-08 
-21.2841 24 8.880004 -1.070472 -6.079116 0.2868193 
-22.8296 24 9.294104 -3.00858 -2.879815 0.8061823 
-22.8296 24 6.705904 -3.008579 -2.879815 -0.8061838 
-22.3301 24 5.500004 -2.697406 -2.879774 -1.557386 
-20.4042 24 5.595804 -0.7834455 -6.079215 -0.7834519 
-20.9445 24 6.300004 -0.9595366 -6.07922 -0.5539638 
-15.5958 24 5.595804 0.7834455 -6.079215 -0.7834513 
-16.3 24 5.055504 0.5539255 -6.079226 -0.9595281 
-13.6699 24 5.500004 2.697405 -2.879773 -1.557387 
-17.12 24 4.715904 0.286835 -6.079121 -1.070455 
-14.4645 24 4.464504 2.202442 -2.87983 -2.202443 
-18 24 4.600004 3.483891e-05 -6.079253 -1.107873 
-21.5355 24 4.464504 -2.202443 -2.879829 -2.202442 
-18.88 24 4.715904 -0.2868603 -6.079105 -1.070494 
-19.7 24 5.055504 -0.5539515 -6.079221 -0.959532 
-16.3 24 10.9445 0.5539482 -6.079219 0.959541 
-15.5958 24 10.4042 0.7834573 -6.079214 0.7834461 
-13.6699 24 10.5 2.697403 -2.879773 1.557384 
-15.0555 24 9.700004 0.9595325 -6.079221 0.553952 
-15.0555 24 6.300004 0.9595288 -6.079227 -0.5539361 
-13.1704 24 6.705904 3.008579 -2.879815 -0.8061824 
-14.7159 24 7.120004 1.070474 -6.07911 -0.286877 
-18 24 3.000004 2.793968e-08 -2.87975 -3.114707 
-16.7059 24 3.170404 0.8061813 -2.879815 -3.00858 
-19.2941 24 3.170404 -0.8061812 -2.879814 -3.00858 
-15.5 24 3.669904 1.557383 -2.879772 -2.697404 
-20.5 24 3.669904 -1.557383 -2.879773 -2.697404 
-15.4019 23.32 9.500004 5.404282 -0.2615696 3.120035 
-15.4019 -0.386501 9.5 4.500092 -2.081732 2.598379 
-15.3898 23.4023 9.507004 5.177623 -1.819389 2.98892 
-15.2599 23.8323 9.582004 4.871941 -2.730044 2.812448 
-13.8221 29.8243 10.4121 3.534384 3.907245 2.040435 
-13.6699 29.4 10.5 5.113269 1.155441 2.95212 
-15.2086 23.9268 9.611604 3.30952 -4.706967 1.910501 
-15.3989 23.3618 9.501803 5.336334 -1.055009 3.081881 
-15.8787 23.32 10.1213 4.412564 -0.2643506 4.412562 
-15.8787 -0.386501 10.1213 3.674529 -2.081786 3.674504 
-18 26.3 10.8868 0 2.094381 -2.720688 
-15.7627 23.8323 10.2373 3.977468 -2.730851 3.977547 
-15.8688 23.4023 10.1312 4.227554 -1.818621 4.227649 
-14.5887 29.8243 11.4113 2.885799 3.906566 2.885812 
-14.4645 29.4 11.5355 4.175179 1.154904 4.175179 
-15.7208 23.9268 10.2792 2.70193 -4.707459 2.701912 
-15.8762 23.3618 10.1238 4.357264 -1.056588 4.357262 
-16.5 23.32 10.5981 3.120074 -0.2616362 5.404264 
-16.5 -0.386501 10.5981 2.59837 -2.081721 4.500114 
-16.418 23.8323 10.7401 2.812591 -2.730013 4.871877 
-16.493 23.4023 10.6102 2.989136 -1.819361 5.177522 
-15.5 29.4 12.3301 2.952121 1.155441 5.11327 
-15.5879 29.8243 12.17791 2.040438 3.907248 3.534372 
-16.3884 23.9268 10.7914 1.910488 -4.706971 3.30952 
-16.4982 23.3618 10.6011 3.08199 -1.055019 5.336281 
-17.2235 23.32 10.8978 1.61509 -0.2629244 6.027626 
-17.2235 -0.386501 10.8978 1.34489 -2.081712 5.01933 
-17.353 26.3 10.4148 -0.3763943 5.922387 -1.40491 
-18 26.3 10.5 0 5.922434 -1.454358 
-18.647 26.3 10.4148 0.3763943 5.922387 -1.40491 
-19.25 26.3 10.1651 2.29791 2.780851 -3.980225 
-17.2199 23.4023 10.9113 1.547118 -1.817159 5.775493 
-17.1811 23.8323 11.0561 1.455608 -2.731323 5.433134 
-16.7514 29.8243 12.6599 1.056353 3.9068 3.942026 
-16.7059 29.4 12.82961 1.528289 1.155211 5.703203 
-17.1658 23.9268 11.1134 0.9886934 -4.708282 3.690487 
-17.2226 23.3618 10.9012 1.59479 -1.054455 5.9525 
-18 23.32 11 5.960464e-08 -0.2617126 6.240299 
-18 -0.386501 11 9.536743e-07 -2.081769 5.196501 
-18 23.4023 11.0139 2.797507e-05 -1.813999 5.980334 
-18 23.8323 11.1639 0.0001083054 -2.731591 5.62465 
-18 29.8243 12.8243 2.169609e-05 3.906857 4.081015 
-18 29.4 13 6.124377e-06 1.155182 5.904387 
-18 23.9268 11.2232 -5.00977e-05 -4.708237 3.820436 
-18 23.3618 11.0035 -0.0001074523 -1.049322 6.163353 
-18.7765 23.32 10.8978 -1.61509 -0.2629243 6.027627 
-18.7765 -0.386501 10.8978 -1.344889 -2.081708 5.019333 
-20.5 26.3 9.443404 2.356205 2.094402 -1.360344 
-18.8189 23.8323 11.0561 -1.455724 -2.731233 5.43315 
-18.7801 23.4023 10.9113 -1.547184 -1.817362 5.775408 
-19.2486 29.8243 12.6599 -1.056381 3.906803 3.942025 
-19.2941 29.4 12.82961 -1.528295 1.155207 5.703203 
-18.8342 23.9268 11.1134 -0.9886522 -4.708267 3.690527 
-18.7774 23.3618 10.9012 -1.594747 -1.054345 5.952514 
-19.5 23.32 10.5981 -3.120073 -0.2616358 5.404263 
-19.5 -0.386501 10.5981 -2.598382 -2.081733 4.500092 
-19.582 23.8323 10.7401 -2.812506 -2.729993 4.871941 
-19.507 23.4023 10.6102 -2.989013 -1.819452 5.17756 
-20.4121 29.8243 12.17791 -2.040426 3.907247 3.534384 
-20.5 29.4 12.3301 -2.95212 1.155441 5.11327 
-19.6116 23.9268 10.7914 -1.910476 -4.706945 3.309554 
-19.5018 23.3618 10.6011 -3.081938 -1.054979 5.336317 
-20.1213 23.32 10.1213 -4.412524 -0.2643892 4.412611 
-20.1213 -0.386501 10.1213 -3.674501 -2.081787 3.67453 
-19.7678 26.3 9.767804 1.028374 5.922443 -1.028375 
-20.1651 26.3 9.250004 1.259537 5.922444 -0.727095 
-20.4148 26.3 8.647004 1.40491 5.922388 -0.3763945 
-20.5 26.3 8.000004 4.595951 2.780841 7.450581e-08 
-20.2373 23.8323 10.2373 -3.977554 -2.730817 3.977489 
-20.1312 23.4023 10.1312 -4.227584 -1.81872 4.227582 
-21.4113 29.8243 11.4113 -2.885904 3.906477 2.885744 
-21.5355 29.4 11.5355 -4.17522 1.15497 4.175083 
-20.2792 23.9268 10.2792 -2.70197 -4.707421 2.70192 
-20.1238 23.3618 10.1238 -4.357224 -1.056598 4.357312 
-20.5981 -0.386501 9.5 -4.500113 -2.081722 2.598365 
-20.5981 23.32 9.500004 -5.404298 -0.2616397 3.12003 
-20.6102 23.4023 9.507004 -5.177551 -1.819483 2.989011 
-20.7401 23.8323 9.582004 -4.871848 -2.730032 2.812636 
-22.1779 29.8243 10.4121 -3.534309 3.907201 2.040584 
-22.3301 29.4 10.5 -5.113184 1.155471 2.952234 
-20.7914 23.9268 9.611604 -3.309519 -4.70691 1.910606 
-20.6011 23.3618 9.501803 -5.336357 -1.054942 3.081882 
-20.8978 23.32 8.776504 -6.027632 -0.2628927 1.615075 
-20.8978 -0.3865 8.7765 -5.019333 -2.081712 1.344887 
-20.5 26.3 6.556604 2.356204 2.094401 1.360344 
-21.0561 23.8323 8.818904 -5.433172 -2.731264 1.455611 
-20.9113 23.4023 8.780104 -5.775397 -1.817348 1.547274 
-22.6599 29.8243 9.248605 -3.942039 3.906821 1.056313 
-22.8296 29.4 9.294105 -5.703241 1.155164 1.528252 
-21.1134 23.9268 8.834204 -3.690616 -4.708178 0.9885767 
-20.9012 23.3618 8.777404 -5.952477 -1.054432 1.594867 
-21 -0.3865 8 -5.1965 -2.081769 7.450581e-08 
-21 23.32 8.000004 -6.240303 -0.2617342 3.346847e-05 
-21.1639 23.8323 8.000004 -5.624698 -2.731497 -7.357448e-08 
-21.0139 23.4023 8.000004 -5.980293 -1.81416 -9.828107e-05 
-22.8243 29.8243 8.000005 -4.081015 3.906852 -4.962087e-06 
-23 29.4 8.000005 -5.90439 1.155175 7.688999e-06 
-21.2232 23.9268 8.000004 -3.820462 -4.708223 -5.215406e-08 
-21.0035 23.3618 8.000004 -6.163351 -1.049369 -7.426739e-05 
-20.8978 23.32 7.223504 -6.027624 -0.2629147 -1.615107 
-20.8978 -0.3865 7.2235 -5.019335 -2.081708 -1.344885 
-20.4148 26.3 7.353004 1.40491 5.922388 0.3763944 
-20.1651 26.3 6.750004 1.259537 5.922444 0.7270948 
-19.7678 26.3 6.232204 1.028387 5.922444 1.028411 
-19.25 26.3 5.834904 2.297908 2.780849 3.98023 
-20.9113 23.4023 7.219904 -5.775426 -1.817374 -1.547122 
-21.0561 23.8323 7.181104 -5.433169 -2.731198 -1.455724 
-22.6599 29.8243 6.751405 -3.942017 3.906792 -1.056364 
-22.8296 29.4 6.705905 -5.703211 1.155193 -1.5283 
-21.1134 23.9268 7.165804 -3.690546 -4.708233 -0.9886551 
-20.9012 23.3618 7.222604 -5.95252 -1.054381 -1.594737 
-20.5981 23.32 6.500004 -5.404263 -0.2616002 -3.120077 
-20.5981 -0.3865 6.5 -4.500088 -2.081732 -2.598379 
-20.7401 23.8323 6.418004 -4.871939 -2.729991 -2.81251 
-20.6102 23.4023 6.493004 -5.177536 -1.819445 -2.989069 
-22.1779 29.8243 5.587905 -3.534344 3.907162 -2.040529 
-22.3301 29.4 5.500005 -5.11319 1.155507 -2.952181 
-20.7914 23.9268 6.388404 -3.309558 -4.706943 -1.910483 
-20.6011 23.3618 6.498204 -5.336287 -1.05502 -3.081979 
-20.1213 23.32 5.878704 -4.412603 -0.2643626 -4.412529 
-20.1213 -0.3865 5.8787 -3.674526 -2.081787 -3.674503 
-18 26.3 5.113204 -2.384186e-07 2.094379 2.720687 
-20.2373 23.8323 5.762704 -3.977488 -2.730815 -3.977556 
-20.1312 23.4023 5.868804 -4.227561 -1.818748 -4.227587 
-21.5355 29.4 4.464505 -4.17522 1.15497 -4.175084 
-21.4113 29.8243 4.588705 -2.885889 3.90648 -2.885745 
-20.2792 23.9268 5.720804 -2.701913 -4.707421 -2.701976 
-20.1238 23.3618 5.876204 -4.35729 -1.056586 -4.357239 
-19.5 23.32 5.401904 -3.119983 -0.2616424 -5.404318 
-19.5 -0.3865 5.4019 -2.598366 -2.081721 -4.500114 
-19.507 23.4023 5.389804 -2.989079 -1.819425 -5.177536 
-19.582 23.8323 5.259904 -2.812551 -2.729966 -4.871927 
-20.4121 29.8243 3.822105 -2.040482 3.90729 -3.534336 
-20.5 29.4 3.669905 -2.95217 1.155408 -5.113264 
-19.6116 23.9268 5.208604 -1.910499 -4.706966 -3.30952 
-19.5018 23.3618 5.398904 -3.081918 -1.055001 -5.336329 
-18.7765 23.32 5.102204 -1.615169 -0.2629156 -6.027606 
-18.7765 -0.3865 5.1022 -1.34489 -2.081711 -5.019331 
-18.647 26.3 5.585204 0.3763955 5.922386 1.404913 
-18 26.3 5.500004 0 5.922434 1.454358 
-17.353 26.3 5.585204 -0.3763956 5.922386 1.404913 
-16.75 26.3 5.834904 -2.297908 2.780849 3.98023 
-18.7801 23.4023 5.088704 -1.547122 -1.817134 -5.775502 
-18.8189 23.8323 4.943904 -1.455608 -2.731317 -5.433137 
-19.2486 29.8243 3.340105 -1.056304 3.906838 -3.942028 
-19.2941 29.4 3.170405 -1.528257 1.155167 -5.703239 
-18.8342 23.9268 4.886604 -0.9886934 -4.708274 -3.69049 
-18.7774 23.3618 5.098804 -1.594865 -1.054429 -5.952483 
-18 23.32 5.000004 3.497303e-05 -0.2617346 -6.240301 
-18 -0.3865 5 -2.831221e-07 -2.081767 -5.1965 
-18 23.4023 4.986104 -0.0001245588 -1.813934 -5.980362 
-18 23.8323 4.836104 -0.0001066029 -2.731598 -5.624645 
-18 29.8243 3.175705 7.450581e-09 3.906866 -4.081003 
-18 29.4 3.000005 -2.980232e-08 1.155175 -5.904392 
-18 23.9268 4.776804 4.972704e-05 -4.708245 -3.820429 
-18 23.3618 4.996504 3.37814e-05 -1.049369 -6.163357 
-17.2235 23.32 5.102204 1.615089 -0.2629231 -6.027624 
-17.2235 -0.3865 5.1022 1.344888 -2.081708 -5.019338 
-15.5 26.3 6.556604 -2.356204 2.094402 1.360344 
-17.2199 23.4023 5.088704 1.547238 -1.817236 -5.775451 
-17.1811 23.8323 4.943904 1.455722 -2.731229 -5.433153 
-16.7514 29.8243 3.340105 1.056366 3.906799 -3.942016 
-16.7059 29.4 3.170405 1.528298 1.155201 -5.703207 
-17.1658 23.9268 4.886604 0.9886851 -4.708251 -3.690538 
-17.2226 23.3618 5.098804 1.594789 -1.054422 -5.952504 
-16.5 23.32 5.401904 3.120024 -0.2616739 -5.404297 
-16.5 -0.3865 5.4019 2.598378 -2.081732 -4.50009 
-16.418 23.8323 5.259904 2.812543 -2.730041 -4.871891 
-16.493 23.4023 5.389804 2.989132 -1.81936 -5.177524 
-15.5879 29.8243 3.822105 2.040426 3.907248 -3.534382 
-15.5 29.4 3.669905 2.952119 1.155443 -5.11327 
-16.3884 23.9268 5.208604 1.910459 -4.706936 -3.309583 
-16.4982 23.3618 5.398904 3.081945 -1.054982 -5.336319 
-15.8787 23.32 5.878704 4.412566 -0.2644009 -4.412569 
-15.8787 -0.3865 5.8787 3.674502 -2.081787 -3.674526 
-16.2322 26.3 6.232204 -1.028387 5.922443 1.028412 
-15.8349 26.3 6.750004 -1.259537 5.922444 0.7270938 
-15.5852 26.3 7.353004 -1.404912 5.922386 0.3763949 
-15.8688 23.4023 5.868804 4.227612 -1.818596 -4.227591 
-15.7627 23.8323 5.762704 3.977474 -2.730951 -3.977476 
-14.5887 29.8243 4.588705 2.88581 3.906563 -2.885811 
-14.4645 29.4 4.464505 4.175179 1.154905 -4.17518 
-15.7208 23.9268 5.720804 2.701949 -4.707411 -2.701955 
-15.8762 23.3618 5.876204 4.357297 -1.056501 -4.357265 
-15.4019 23.32 6.500004 5.404317 -0.2616078 -3.119988 
-15.4019 -0.3865 6.5 4.500113 -2.08172 -2.598367 
-15.2599 23.8323 6.418004 4.871821 -2.730188 -2.812528 
-15.3898 23.4023 6.493004 5.177571 -1.819306 -2.989058 
-13.8221 29.8243 5.587905 3.534348 3.907285 -2.040475 
-13.6699 29.4 5.500005 5.113264 1.155408 -2.95217 
-15.2086 23.9268 6.388404 3.309575 -4.706881 -1.910571 
-15.3989 23.3618 6.498204 5.336329 -1.055001 -3.08191 
-15.1022 23.32 7.223504 6.027606 -0.2629516 -1.615157 
-15.1022 -0.3865 7.2235 5.019329 -2.081711 -1.34489 
-14.9439 23.8323 7.181104 5.433082 -2.73146 -1.455554 
-15.0887 23.4023 7.219904 5.775504 -1.817056 -1.547135 
-13.3401 29.8243 6.751405 3.942042 3.90683 -1.056311 
-13.1704 29.4 6.705905 5.703237 1.155173 -1.528248 
-14.8866 23.9268 7.165804 3.690562 -4.708228 -0.9886248 
-15.0988 23.3618 7.222604 5.952509 -1.054346 -1.59478 
24 30.5 1.000005 0.6054516 6.089061 -0.6054507 
-18 30.5 2.500005 0 3.40338 3.114718 
18 30.5 2.500005 5.960464e-08 3.403377 3.114718 
-16.5765 30.5 2.687405 -0.8061826 3.403422 3.008568 
16.5765 30.5 2.687405 0.8061827 3.403426 3.008568 
-15.25 30.5 3.236905 -1.557358 3.403328 2.697438 
15.25 30.5 3.236905 1.557358 3.403327 2.697438 
-14.1109 30.5 4.110905 -2.202427 3.40346 2.202427 
14.1109 30.5 4.110905 2.202427 3.403459 2.202427 
-13.2369 30.5 5.250005 -2.697437 3.403327 1.557359 
13.2369 30.5 5.250005 2.697437 3.403328 1.557359 
-12.6874 30.5 6.576505 -3.008569 3.403427 0.8061861 
12.6874 30.5 6.576505 3.008569 3.403427 0.8061862 
-12.5 30.5 8.000005 -3.114718 3.403382 2.980232e-08 
12.5 30.5 8.000005 3.114718 3.403382 4.470348e-08 
-12.6874 30.5 9.423505 -3.008567 3.403427 -0.8061827 
12.6874 30.5 9.423505 3.008568 3.403427 -0.8061829 
-13.2369 30.5 10.75 -2.697438 3.403328 -1.557358 
13.2369 30.5 10.75 2.697438 3.403327 -1.557358 
-14.1109 30.5 11.8891 -2.202426 3.403461 -2.202427 
14.1109 30.5 11.8891 2.202426 3.403461 -2.202426 
-15.25 30.5 12.7631 -1.557358 3.403328 -2.697438 
15.25 30.5 12.7631 1.557358 3.403328 -2.697438 
-16.5765 30.5 13.3126 -0.8061829 3.403427 -3.008568 
16.5765 30.5 13.3126 0.806183 3.403423 -3.008568 
-18 30.5 13.5 0 3.403378 -3.114718 
18 30.5 13.5 0 3.403382 -3.114718 
-24 30.5 15 -0.6054509 6.089061 0.6054515 
24 30.5 15 0.6054508 6.089059 0.6054508 
23.5 30.5 8.000005 -3.114724 3.403383 4.768372e-07 
23.3126 30.5 9.423505 -3.008568 3.403425 -0.806183 
22.7631 30.5 10.75 -2.697438 3.403329 -1.557358 
21.8891 30.5 11.8891 -2.202426 3.403461 -2.202427 
20.75 30.5 12.7631 -1.557358 3.403329 -2.697438 
19.4235 30.5 13.3126 -0.8061828 3.403427 -3.008568 
19.4235 30.5 2.687405 -0.8061826 3.403426 3.008568 
20.75 30.5 3.236905 -1.557359 3.403328 2.697438 
21.8891 30.5 4.110905 -2.202427 3.40346 2.202427 
22.7631 30.5 5.250005 -2.697432 3.403329 1.557359 
23.3126 30.5 6.576505 -3.008572 3.403425 0.8061843 
-19.4235 30.5 13.3126 0.8061829 3.403428 -3.008568 
-20.75 30.5 12.7631 1.557358 3.403329 -2.697438 
-21.8891 30.5 11.8891 2.202427 3.403461 -2.202427 
-22.7631 30.5 10.75 2.697438 3.403329 -1.557358 
-23.3126 30.5 9.423505 3.008568 3.403425 -0.806183 
-23.5 30.5 8.000005 3.114724 3.403383 4.61936e-07 
-24 30.5 1.000005 -0.6054516 6.089059 -0.6054501 
-23.3126 30.5 6.576505 3.008572 3.403425 0.8061842 
-22.7631 30.5 5.250005 2.697432 3.403329 1.557359 
-21.8891 30.5 4.110905 2.202427 3.40346 2.202427 
-20.75 30.5 3.236905 1.557359 3.403328 2.697438 
-19.4235 30.5 2.687405 0.8061826 3.403426 3.008568 
24 29.5 5e-06 0.9687542 0.5511811 -5.965464 
24 13.5 2e-06 0.6011313 -2.748881 -3.022008 
13.3683 13.5 2e-06 -1.04088 -2.493198 -2.742547 
13.04 15.9941 3e-06 -2.010778 -0.5387896 -5.485134 
11.6913 19.25 3e-06 -1.802842 -1.040892 -5.485098 
9.5459 22.0459 4e-06 -1.47202 -1.472019 -5.485103 
6.75 24.1913 4e-06 -1.0409 -1.802844 -5.485094 
3.4941 25.54 4e-06 -0.5388074 -2.010787 -5.485122 
0 26 4e-06 2.115965e-06 -2.081724 -5.485109 
-3.4941 25.54 4e-06 0.5388036 -2.010786 -5.485122 
-24 29.5 5e-06 -0.9684796 0.5512253 -5.96558 
-24 13.5 2e-06 -0.6011346 -2.748881 -3.022014 
-6.75 24.1913 4e-06 1.040901 -1.802844 -5.485093 
-9.5459 22.0459 4e-06 1.472021 -1.472022 -5.485103 
-11.6913 19.25 3e-06 1.802843 -1.040898 -5.485095 
-13.04 15.9941 3e-06 2.010783 -0.5387855 -5.48513 
-13.3683 13.5 2e-06 1.04088 -2.493199 -2.742547 
24 29.5 16.00001 0.9684828 0.5512272 5.965571 
-24 29.5 16.00001 -0.9687601 0.5511825 5.965464 
-3.4941 25.54 16 0.5388075 -2.01079 5.48512 
0 26 16 -1.02073e-06 -2.081751 5.485109 
3.4941 25.54 16 -0.5388085 -2.010782 5.485127 
6.75 24.1913 16 -1.040894 -1.802844 5.485097 
9.5459 22.0459 16 -1.472021 -1.472017 5.485104 
11.6913 19.25 16 -1.80284 -1.040903 5.485096 
13.04 15.9941 16 -2.010781 -0.5387808 5.485134 
13.3683 13.5 16 -1.040876 -2.493205 2.742551 
24 13.5 16 0.6011347 -2.748883 3.022016 
-24 13.5 16 -0.6011325 -2.748882 3.02201 
-13.3683 13.5 16 1.040876 -2.493203 2.742551 
-13.04 15.9941 16 2.010781 -0.5387808 5.485134 
-11.6913 19.25 16 1.802843 -1.040901 5.485094 
-9.5459 22.0459 16 1.472017 -1.472021 5.485104 
-6.75 24.1913 16 1.040902 -1.802841 5.485095 
24.7071 13.5 15.7071 2.052347 -2.356217 2.052351 
24.7071 30.1589 15.7071 2.625031 2.100348 2.624961 
24.3234 30 15.866 0.9743706 2.109345 5.177963 
-24.7071 13.5 0.292902 -2.052351 -2.356214 -2.052351 
-24.7071 30.1589 0.292905 -2.62503 2.100348 -2.624961 
-24.3234 30 0.134005 -0.9743704 2.109339 -5.177965 
-24.3234 30 15.866 -0.974635 2.108891 5.177853 
-24.7071 30.1589 15.7071 -2.624967 2.100358 2.625032 
-24.7071 13.5 15.7071 -2.052354 -2.356218 2.052354 
24.3234 30 0.134005 0.9746321 2.10889 -5.177855 
24.7071 30.1589 0.292905 2.624986 2.1003 -2.624987 
24.7071 13.5 0.292902 2.052354 -2.356216 -2.052354 
25 13.5 15 3.022016 -2.748871 0.6011344 
25 13.5 1.000002 3.022008 -2.748882 -0.6011317 
25 29.5 1.000005 5.965462 0.5511828 -0.9687604 
25 29.5 15 5.96547 0.5511941 0.9687425 
-25 13.5 1.000002 -3.022011 -2.748866 -0.6011353 
-25 13.5 15 -3.022016 -2.748871 0.6011344 
-25 29.5 15 -5.965579 0.5512286 0.9684798 
-25 29.5 1.000005 -5.965462 0.5511828 -0.9687604 
24.866 30 0.676605 5.177861 2.108886 -0.9746293 
-24.866 30 15.3234 -5.177974 2.109353 0.9743597 
24.866 30 15.3234 5.177859 2.108883 0.9746367 
-24.866 30 0.676605 -5.177856 2.108881 -0.9746343 
-24.5 30.366 0.500005 -1.753732 4.642613 -1.753737 
24.5 30.366 0.500005 1.753732 4.642604 -1.75373 
-24.5 30.366 15.5 -1.753734 4.642606 1.753731 
24.5 30.366 15.5 1.753732 4.642613 1.753738 
12.3683 13.5 1.000002 -2.728365 -2.715309 -1.171002 
12.3683 13.5 15 -2.728369 -2.715315 1.170996 
12.0741 15.7352 15 -5.270839 -1.41224 2.34204 
12.0741 15.7352 1.000003 -5.270836 -1.412254 -2.342039 
18 13.5 11.25 1.490116e-08 -3.403283 -3.114739 
18.8412 13.5 11.1393 -0.806126 -3.403489 -3.00857 
14.8607 13.5 7.158803 3.00857 -3.403489 0.8061251 
14.75 13.5 8.000002 3.114742 -3.403284 2.086163e-07 
14.8607 13.5 8.841202 3.008564 -3.40349 -0.8061286 
15.1854 13.5 9.625002 2.697387 -3.403359 -1.557434 
15.7019 13.5 10.2981 2.20244 -3.40337 -2.20244 
16.375 13.5 10.8146 1.557434 -3.403359 -2.697387 
17.1588 13.5 11.1393 0.8061262 -3.403489 -3.00857 
19.625 13.5 5.185402 -1.557433 -3.403363 2.697385 
18.8412 13.5 4.860703 -0.8061252 -3.403487 3.008567 
18 13.5 4.750002 0 -3.403287 3.114736 
17.1588 13.5 4.860703 0.8061261 -3.403487 3.008569 
16.375 13.5 5.185402 1.557432 -3.403362 2.697387 
15.7019 13.5 5.701902 2.20244 -3.40337 2.202439 
15.1854 13.5 6.375002 2.697387 -3.40336 1.557434 
19.625 13.5 10.8146 -1.557435 -3.40336 -2.697387 
20.2981 13.5 10.2981 -2.20244 -3.403369 -2.202441 
20.8146 13.5 9.625002 -2.697387 -3.403361 -1.557433 
21.1393 13.5 8.841202 -3.008566 -3.403487 -0.8061285 
21.25 13.5 8.000002 -3.11474 -3.403286 -2.430752e-07 
21.1393 13.5 7.158803 -3.008579 -3.403486 0.8061298 
20.8146 13.5 6.375002 -2.697387 -3.403361 1.557433 
20.2981 13.5 5.701902 -2.20244 -3.403369 2.20244 
17.1588 24 4.860704 0.8061264 3.403487 3.00857 
18 24 4.750004 -5.494803e-08 3.403286 3.114738 
16.375 24 5.185404 1.557434 3.40336 2.697387 
15.7019 24 5.701904 2.202439 3.40337 2.202441 
15.1854 24 6.375004 2.697389 3.403359 1.557442 
14.8607 24 7.158804 3.00857 3.403489 0.8061264 
14.75 24 8.000004 3.114738 3.403284 -4.470348e-08 
14.8607 24 8.841204 3.008569 3.40349 -0.8061261 
15.1854 24 9.625004 2.697387 3.40336 -1.557434 
15.7019 24 10.2981 2.202439 3.403371 -2.202439 
16.375 24 10.8146 1.557434 3.40336 -2.697387 
17.1588 24 11.1393 0.8061258 3.40349 -3.008569 
18 24 11.25 0 3.403284 -3.114738 
18.8412 24 11.1393 -0.806126 3.40349 -3.008569 
19.625 24 10.8146 -1.557435 3.403361 -2.697386 
20.2981 24 10.2981 -2.20244 3.40337 -2.20244 
20.8146 24 9.625004 -2.697386 3.403361 -1.557433 
21.1393 24 8.841204 -3.008569 3.403488 -0.8061261 
21.25 24 8.000004 -3.114738 3.403286 -2.980232e-08 
21.1393 24 7.158804 -3.00857 3.403487 0.8061263 
20.8146 24 6.375004 -2.697388 3.403361 1.557442 
20.2981 24 5.701904 -2.202439 3.403368 2.202442 
19.625 24 5.185404 -1.557435 3.40336 2.697387 
18.8412 24 4.860704 -0.8061261 3.403487 3.00857 
10.8253 18.75 1.000003 -4.725676 -2.728423 -2.342004 
10.8253 18.75 15 -4.725668 -2.728433 2.342005 
20.75 24 12.7631 -1.557359 2.879859 -2.697438 
19.4235 24 13.3126 -0.8061836 2.879758 -3.008567 
21.8891 24 11.8891 -2.202426 2.879725 -2.202427 
22.7631 24 10.75 -2.697438 2.879857 -1.557358 
23.3126 24 9.423504 -3.008568 2.87976 -0.806183 
23.5 24 8.000004 -3.114718 2.879802 1.303852e-07 
23.3126 24 6.576504 -3.008566 2.879759 0.8061841 
22.7631 24 5.250004 -2.697439 2.879879 1.557361 
21.8891 24 4.110904 -2.202427 2.879725 2.202427 
20.75 24 3.236904 -1.557358 2.879856 2.697438 
19.4235 24 2.687404 -0.8061824 2.879758 3.008568 
8.8388 21.3388 15 -3.858509 -3.858503 2.342004 
8.8388 21.3388 1.000003 -3.858504 -3.858504 -2.342008 
16.5765 24 2.687404 0.8061824 2.879758 3.008568 
18 24 2.500004 4.470348e-08 2.879803 3.114718 
18 24 13.5 7.450581e-09 2.879804 -3.114718 
16.5765 24 13.3126 0.8061838 2.879758 -3.008567 
15.25 24 12.7631 1.557358 2.87986 -2.697438 
14.1109 24 11.8891 2.202426 2.879725 -2.202427 
13.2369 24 10.75 2.697438 2.879858 -1.557358 
12.6874 24 9.423504 3.008568 2.879758 -0.8061829 
12.6874 24 6.576504 3.008566 2.879758 0.8061841 
12.5 24 8.000004 3.114718 2.879804 1.620501e-07 
13.2369 24 5.250004 2.697439 2.879882 1.557361 
14.1109 24 4.110904 2.202427 2.879724 2.202427 
15.25 24 3.236904 1.557358 2.879857 2.697438 
6.25 23.3253 1.000004 -2.72843 -4.725668 -2.342007 
6.25 23.3253 15 -2.728424 -4.725675 2.342002 
3.2352 24.5741 1.000004 -1.412306 -5.270815 -2.342032 
3.2352 24.5741 15 -1.412311 -5.27082 2.342024 
0 25 15 -4.515052e-06 -5.456742 2.342019 
0 25 1.000004 4.4927e-06 -5.456742 -2.34202 
-3.2352 24.5741 15 1.412306 -5.270816 2.342031 
-3.2352 24.5741 1.000004 1.412302 -5.270818 -2.34203 
-6.25 23.3253 15 2.728433 -4.725668 2.342004 
-6.25 23.3253 1.000004 2.728429 -4.725668 -2.342007 
-8.8388 21.3388 15 3.858503 -3.858509 2.342004 
-8.8388 21.3388 1.000003 3.858504 -3.858504 -2.342008 
-16.5765 24 13.3126 -0.8061836 2.879758 -3.008567 
-18 24 13.5 -7.450581e-09 2.879804 -3.114718 
-15.25 24 12.7631 -1.557359 2.879859 -2.697438 
-14.1109 24 11.8891 -2.202426 2.879724 -2.202427 
-13.2369 24 10.75 -2.697438 2.879858 -1.557358 
-12.6874 24 9.423504 -3.008568 2.879758 -0.8061829 
-12.5 24 8.000004 -3.114718 2.879804 1.527369e-07 
-12.6874 24 6.576504 -3.008566 2.879757 0.8061841 
-13.2369 24 5.250004 -2.697439 2.879879 1.557361 
-14.1109 24 4.110904 -2.202427 2.879724 2.202427 
-15.25 24 3.236904 -1.557358 2.879856 2.697438 
-16.5765 24 2.687404 -0.8061824 2.879758 3.008568 
-18 24 2.500004 0 2.879803 3.114718 
-10.8253 18.75 15 4.725668 -2.728429 2.342007 
-10.8253 18.75 1.000003 4.725668 -2.728428 -2.342009 
-19.4235 24 2.687404 0.8061824 2.879758 3.008568 
-18.8412 24 4.860704 0.8061264 3.403487 3.00857 
-18.8412 13.5 4.860703 0.8061261 -3.403487 3.008569 
-18 13.5 4.750002 1.72292e-08 -3.403287 3.114736 
-18 24 4.750004 -5.494803e-08 3.403286 3.114738 
-20.75 24 3.236904 1.557358 2.879857 2.697438 
-19.625 24 5.185404 1.557435 3.403361 2.697386 
-19.625 13.5 5.185402 1.557433 -3.403363 2.697386 
-21.8891 24 4.110904 2.202427 2.879725 2.202427 
-20.2981 24 5.701904 2.202439 3.403368 2.202442 
-20.2981 13.5 5.701902 2.202439 -3.403369 2.20244 
-22.7631 24 5.250004 2.697439 2.879881 1.557361 
-23.3126 24 6.576504 3.008567 2.879759 0.8061841 
-23.5 24 8.000004 3.114717 2.879802 1.341105e-07 
-23.3126 24 9.423504 3.008568 2.87976 -0.8061831 
-22.7631 24 10.75 2.697438 2.879857 -1.557358 
-21.8891 24 11.8891 2.202426 2.879725 -2.202427 
-20.75 24 12.7631 1.557359 2.879859 -2.697438 
-20.2981 24 10.2981 2.202439 3.40337 -2.20244 
-19.625 24 10.8146 1.557435 3.403361 -2.697386 
-19.625 13.5 10.8146 1.557435 -3.40336 -2.697386 
-20.2981 13.5 10.2981 2.202441 -3.403369 -2.202441 
-19.4235 24 13.3126 0.8061838 2.879758 -3.008567 
-18 24 11.25 0 3.403284 -3.114738 
-18.8412 24 11.1393 0.8061258 3.40349 -3.008569 
-15.1854 24 9.625004 -2.697387 3.40336 -1.557434 
-15.7019 24 10.2981 -2.202439 3.403371 -2.202439 
-16.375 24 10.8146 -1.557434 3.40336 -2.697386 
-17.1588 24 11.1393 -0.806126 3.40349 -3.008569 
-14.8607 24 7.158804 -3.008569 3.40349 0.8061261 
-14.75 24 8.000004 -3.114738 3.403284 -2.980232e-08 
-14.8607 24 8.841204 -3.008569 3.40349 -0.8061259 
-15.7019 24 5.701904 -2.202439 3.403369 2.202441 
-15.1854 24 6.375004 -2.697389 3.403359 1.557442 
-17.1588 24 4.860704 -0.8061261 3.403487 3.00857 
-16.375 24 5.185404 -1.557434 3.40336 2.697387 
-20.8146 24 9.625004 2.697388 3.403362 -1.557434 
-21.1393 24 8.841204 3.00857 3.403487 -0.8061263 
-20.8146 24 6.375004 2.697388 3.403362 1.557442 
-21.1393 24 7.158804 3.008571 3.403487 0.8061265 
-21.25 24 8.000004 3.114738 3.403286 -7.450581e-08 
-18.8412 13.5 11.1393 0.8061262 -3.403489 -3.00857 
-18 13.5 11.25 1.155773e-08 -3.403283 -3.114739 
-17.1588 13.5 11.1393 -0.8061259 -3.403489 -3.00857 
-16.375 13.5 10.8146 -1.557434 -3.403359 -2.697387 
-15.7019 13.5 10.2981 -2.20244 -3.40337 -2.20244 
-15.1854 13.5 9.625002 -2.697387 -3.403359 -1.557434 
-14.8607 13.5 8.841202 -3.008564 -3.403489 -0.8061282 
-14.75 13.5 8.000002 -3.114742 -3.403284 1.705968e-07 
-14.8607 13.5 7.158803 -3.00857 -3.403489 0.8061251 
-15.1854 13.5 6.375002 -2.697387 -3.40336 1.557434 
-15.7019 13.5 5.701902 -2.20244 -3.40337 2.20244 
-16.375 13.5 5.185402 -1.557432 -3.403361 2.697386 
-17.1588 13.5 4.860703 -0.8061242 -3.403486 3.008565 
-12.0741 15.7352 15 5.27084 -1.41224 2.34204 
-12.0741 15.7352 1.000003 5.270835 -1.412246 -2.342043 
-20.8146 13.5 6.375002 2.697387 -3.403361 1.557433 
-21.1393 13.5 7.158803 3.008579 -3.403486 0.8061299 
-21.25 13.5 8.000002 3.11474 -3.403286 -2.146608e-07 
-21.1393 13.5 8.841202 3.008567 -3.403487 -0.8061289 
-20.8146 13.5 9.625002 2.697387 -3.403361 -1.557433 
-12.3683 13.5 15 2.728369 -2.715317 1.170996 
-12.3683 13.5 1.000002 2.728365 -2.715304 -1.171002 
3 0 1 2 159 166 166 255 
3 2 1 3 159 166 166 255 
3 2 3 4 159 166 166 255 
3 4 3 5 159 166 166 255 
3 4 5 6 159 166 166 255 
3 6 5 7 159 166 166 255 
3 6 7 8 159 166 166 255 
3 9 10 11 159 166 166 255 
3 9 11 0 159 166 166 255 
3 9 0 2 159 166 166 255 
3 12 13 14 159 166 166 255 
3 12 14 15 159 166 166 255 
3 12 15 16 159 166 166 255 
3 12 16 17 159 166 166 255 
3 12 17 18 159 166 166 255 
3 6 8 19 159 166 166 255 
3 6 19 20 159 166 166 255 
3 6 20 14 159 166 166 255 
3 6 14 13 159 166 166 255 
3 13 12 21 159 166 166 255 
3 21 12 22 159 166 166 255 
3 21 22 23 159 166 166 255 
3 23 22 24 159 166 166 255 
3 23 24 2 159 166 166 255 
3 2 24 9 159 166 166 255 
3 25 26 27 159 166 166 255 
3 25 27 28 159 166 166 255 
3 29 30 31 159 166 166 255 
3 31 30 32 159 166 166 255 
3 31 32 33 159 166 166 255 
3 33 32 34 159 166 166 255 
3 33 34 35 159 166 166 255 
3 35 34 36 159 166 166 255 
3 35 36 37 159 166 166 255 
3 37 36 38 159 166 166 255 
3 37 38 39 159 166 166 255 
3 39 38 40 159 166 166 255 
3 39 40 41 159 166 166 255 
3 41 40 42 159 166 166 255 
3 41 42 43 159 166 166 255 
3 43 42 44 159 166 166 255 
3 43 44 45 159 166 166 255 
3 45 44 46 159 166 166 255 
3 45 46 47 159 166 166 255 
3 47 46 48 159 166 166 255 
3 47 48 49 159 166 166 255 
3 49 48 50 159 166 166 255 
3 49 50 51 159 166 166 255 
3 51 50 52 159 166 166 255 
3 51 52 53 159 166 166 255 
3 53 52 54 159 166 166 255 
3 53 54 55 159 166 166 255 
3 55 54 56 159 166 166 255 
3 55 56 57 159 166 166 255 
3 57 29 58 159 166 166 255 
3 57 58 59 159 166 166 255 
3 57 59 60 159 166 166 255 
3 57 60 61 159 166 166 255 
3 57 61 62 159 166 166 255 
3 57 62 63 159 166 166 255 
3 57 63 64 159 166 166 255 
3 57 64 55 159 166 166 255 
3 29 31 65 159 166 166 255 
3 29 65 66 159 166 166 255 
3 29 66 67 159 166 166 255 
3 29 67 68 159 166 166 255 
3 29 68 58 159 166 166 255 
3 56 54 69 159 166 166 255 
3 56 69 70 159 166 166 255 
3 56 70 71 159 166 166 255 
3 56 71 72 159 166 166 255 
3 56 72 73 159 166 166 255 
3 56 73 74 159 166 166 255 
3 56 74 75 159 166 166 255 
3 56 75 76 159 166 166 255 
3 76 75 77 159 166 166 255 
3 76 77 78 159 166 166 255 
3 76 78 79 159 166 166 255 
3 76 79 80 159 166 166 255 
3 76 80 30 159 166 166 255 
3 76 30 29 159 166 166 255 
3 81 82 83 159 166 166 255 
3 83 82 84 159 166 166 255 
3 83 84 85 159 166 166 255 
3 85 84 86 159 166 166 255 
3 85 86 87 159 166 166 255 
3 87 86 88 159 166 166 255 
3 87 88 89 159 166 166 255 
3 89 88 90 159 166 166 255 
3 89 90 91 159 166 166 255 
3 91 90 92 159 166 166 255 
3 91 92 93 159 166 166 255 
3 93 92 94 159 166 166 255 
3 93 94 95 159 166 166 255 
3 95 94 96 159 166 166 255 
3 95 96 97 159 166 166 255 
3 97 96 98 159 166 166 255 
3 97 98 99 159 166 166 255 
3 99 98 100 159 166 166 255 
3 99 100 101 159 166 166 255 
3 101 100 102 159 166 166 255 
3 101 102 103 159 166 166 255 
3 103 102 104 159 166 166 255 
3 103 104 105 159 166 166 255 
3 105 104 106 159 166 166 255 
3 105 106 107 159 166 166 255 
3 107 106 108 159 166 166 255 
3 107 108 109 159 166 166 255 
3 109 108 110 159 166 166 255 
3 109 110 111 159 166 166 255 
3 111 110 112 159 166 166 255 
3 111 112 113 159 166 166 255 
3 113 112 114 159 166 166 255 
3 113 114 115 159 166 166 255 
3 115 114 26 159 166 166 255 
3 115 26 25 159 166 166 255 
3 111 83 116 159 166 166 255 
3 111 116 117 159 166 166 255 
3 111 117 118 159 166 166 255 
3 111 118 119 159 166 166 255 
3 111 119 120 159 166 166 255 
3 111 120 121 159 166 166 255 
3 111 121 122 159 166 166 255 
3 111 122 123 159 166 166 255 
3 111 123 109 159 166 166 255 
3 83 85 124 159 166 166 255 
3 83 124 125 159 166 166 255 
3 83 125 126 159 166 166 255 
3 83 126 116 159 166 166 255 
3 110 108 127 159 166 166 255 
3 110 127 128 159 166 166 255 
3 110 128 129 159 166 166 255 
3 110 129 130 159 166 166 255 
3 110 130 131 159 166 166 255 
3 110 131 132 159 166 166 255 
3 110 132 133 159 166 166 255 
3 110 133 134 159 166 166 255 
3 110 134 135 159 166 166 255 
3 135 134 136 159 166 166 255 
3 135 136 81 159 166 166 255 
3 135 81 83 159 166 166 255 
3 135 83 137 159 166 166 255 
3 135 137 138 159 166 166 255 
3 139 24 140 159 166 166 255 
3 139 140 138 159 166 166 255 
3 139 138 137 159 166 166 255 
3 140 24 22 159 166 166 255 
3 141 142 56 159 166 166 255 
3 141 56 76 159 166 166 255 
3 141 76 143 159 166 166 255 
3 141 143 144 159 166 166 255 
3 141 144 145 159 166 166 255 
3 29 57 146 159 166 166 255 
3 29 146 147 159 166 166 255 
3 29 147 148 159 166 166 255 
3 29 148 149 159 166 166 255 
3 29 149 150 159 166 166 255 
3 151 152 153 159 166 166 255 
3 151 153 148 159 166 166 255 
3 151 148 147 159 166 166 255 
3 151 147 154 159 166 166 255 
3 155 156 157 159 166 166 255 
3 155 157 141 159 166 166 255 
3 155 141 145 159 166 166 255 
3 157 156 158 159 166 166 255 
3 110 135 159 159 166 166 255 
3 110 159 152 159 166 166 255 
3 110 152 151 159 166 166 255 
3 83 111 158 159 166 166 255 
3 83 158 156 159 166 166 255 
3 83 156 160 159 166 166 255 
3 57 56 142 159 166 166 255 
3 57 142 146 159 166 166 255 
3 161 162 28 159 166 166 255 
3 161 28 27 159 166 166 255 
3 141 162 161 159 166 166 255 
3 141 161 147 159 166 166 255 
3 141 147 146 159 166 166 255 
3 141 146 142 159 166 166 255 
3 140 22 12 159 166 166 255 
3 140 12 163 159 166 166 255 
3 28 162 115 159 166 166 255 
3 28 115 25 159 166 166 255 
3 9 24 139 159 166 166 255 
3 9 139 164 159 166 166 255 
3 161 27 26 159 166 166 255 
3 161 26 114 159 166 166 255 
3 165 159 135 159 166 166 255 
3 165 135 138 159 166 166 255 
3 157 158 111 159 166 166 255 
3 157 111 113 159 166 166 255 
3 154 112 110 159 166 166 255 
3 154 110 151 159 166 166 255 
3 166 137 83 159 166 166 255 
3 166 83 160 159 166 166 255 
3 157 113 115 159 166 166 255 
3 157 115 162 159 166 166 255 
3 157 162 141 159 166 166 255 
3 138 140 163 159 166 166 255 
3 138 163 167 159 166 166 255 
3 138 167 165 159 166 166 255 
3 147 161 114 159 166 166 255 
3 147 114 112 159 166 166 255 
3 147 112 154 159 166 166 255 
3 168 164 139 159 166 166 255 
3 168 139 137 159 166 166 255 
3 168 137 166 159 166 166 255 
3 169 170 171 159 166 166 255 
3 169 171 172 159 166 166 255 
3 84 173 174 159 166 166 255 
3 84 174 86 159 166 166 255 
3 31 33 174 159 166 166 255 
3 31 174 173 159 166 166 255 
3 86 174 175 159 166 166 255 
3 86 175 88 159 166 166 255 
3 33 35 175 159 166 166 255 
3 33 175 174 159 166 166 255 
3 88 175 176 159 166 166 255 
3 88 176 90 159 166 166 255 
3 35 37 176 159 166 166 255 
3 35 176 175 159 166 166 255 
3 90 176 177 159 166 166 255 
3 90 177 92 159 166 166 255 
3 37 39 177 159 166 166 255 
3 37 177 176 159 166 166 255 
3 92 177 178 159 166 166 255 
3 92 178 94 159 166 166 255 
3 39 41 178 159 166 166 255 
3 39 178 177 159 166 166 255 
3 94 178 179 159 166 166 255 
3 94 179 96 159 166 166 255 
3 41 43 179 159 166 166 255 
3 41 179 178 159 166 166 255 
3 85 180 181 159 166 166 255 
3 85 181 124 159 166 166 255 
3 30 80 181 159 166 166 255 
3 30 181 180 159 166 166 255 
3 125 124 181 159 166 166 255 
3 125 181 182 159 166 166 255 
3 80 79 182 159 166 166 255 
3 80 182 181 159 166 166 255 
3 183 126 125 159 166 166 255 
3 183 125 182 159 166 166 255 
3 79 78 183 159 166 166 255 
3 79 183 182 159 166 166 255 
3 126 183 184 159 166 166 255 
3 126 184 116 159 166 166 255 
3 78 77 184 159 166 166 255 
3 78 184 183 159 166 166 255 
3 116 184 185 159 166 166 255 
3 116 185 117 159 166 166 255 
3 77 75 185 159 166 166 255 
3 77 185 184 159 166 166 255 
3 117 185 186 159 166 166 255 
3 117 186 118 159 166 166 255 
3 75 74 186 159 166 166 255 
3 75 186 185 159 166 166 255 
3 97 187 188 159 166 166 255 
3 97 188 95 159 166 166 255 
3 42 40 188 159 166 166 255 
3 42 188 187 159 166 166 255 
3 93 95 188 159 166 166 255 
3 93 188 189 159 166 166 255 
3 40 38 189 159 166 166 255 
3 40 189 188 159 166 166 255 
3 93 189 190 159 166 166 255 
3 93 190 91 159 166 166 255 
3 36 190 189 159 166 166 255 
3 36 189 38 159 166 166 255 
3 89 91 190 159 166 166 255 
3 89 190 191 159 166 166 255 
3 190 36 34 159 166 166 255 
3 190 34 191 159 166 166 255 
3 87 89 191 159 166 166 255 
3 87 191 192 159 166 166 255 
3 192 191 34 159 166 166 255 
3 192 34 32 159 166 166 255 
3 180 85 87 159 166 166 255 
3 180 87 192 159 166 166 255 
3 180 192 32 159 166 166 255 
3 180 32 30 159 166 166 255 
3 96 179 193 159 166 166 255 
3 96 193 98 159 166 166 255 
3 43 45 193 159 166 166 255 
3 43 193 179 159 166 166 255 
3 194 119 118 159 166 166 255 
3 194 118 186 159 166 166 255 
3 74 73 194 159 166 166 255 
3 74 194 186 159 166 166 255 
3 120 119 194 159 166 166 255 
3 120 194 195 159 166 166 255 
3 73 72 195 159 166 166 255 
3 73 195 194 159 166 166 255 
3 196 121 120 159 166 166 255 
3 196 120 195 159 166 166 255 
3 72 71 196 159 166 166 255 
3 72 196 195 159 166 166 255 
3 196 197 122 159 166 166 255 
3 196 122 121 159 166 166 255 
3 71 70 197 159 166 166 255 
3 71 197 196 159 166 166 255 
3 198 123 122 159 166 166 255 
3 198 122 197 159 166 166 255 
3 70 69 198 159 166 166 255 
3 70 198 197 159 166 166 255 
3 198 199 109 159 166 166 255 
3 198 109 123 159 166 166 255 
3 69 54 199 159 166 166 255 
3 69 199 198 159 166 166 255 
3 199 200 107 159 166 166 255 
3 199 107 109 159 166 166 255 
3 54 52 200 159 166 166 255 
3 54 200 199 159 166 166 255 
3 200 201 105 159 166 166 255 
3 200 105 107 159 166 166 255 
3 52 50 201 159 166 166 255 
3 52 201 200 159 166 166 255 
3 201 202 103 159 166 166 255 
3 201 103 105 159 166 166 255 
3 48 202 201 159 166 166 255 
3 48 201 50 159 166 166 255 
3 101 103 202 159 166 166 255 
3 101 202 203 159 166 166 255 
3 48 46 203 159 166 166 255 
3 48 203 202 159 166 166 255 
3 203 204 99 159 166 166 255 
3 203 99 101 159 166 166 255 
3 46 44 204 159 166 166 255 
3 46 204 203 159 166 166 255 
3 204 187 97 159 166 166 255 
3 204 97 99 159 166 166 255 
3 44 42 187 159 166 166 255 
3 44 187 204 159 166 166 255 
3 205 100 98 159 166 166 255 
3 205 98 193 159 166 166 255 
3 45 47 205 159 166 166 255 
3 45 205 193 159 166 166 255 
3 206 102 100 159 166 166 255 
3 206 100 205 159 166 166 255 
3 47 49 206 159 166 166 255 
3 47 206 205 159 166 166 255 
3 102 206 207 159 166 166 255 
3 102 207 104 159 166 166 255 
3 49 51 207 159 166 166 255 
3 49 207 206 159 166 166 255 
3 207 208 106 159 166 166 255 
3 207 106 104 159 166 166 255 
3 51 53 208 159 166 166 255 
3 51 208 207 159 166 166 255 
3 106 208 209 159 166 166 255 
3 106 209 108 159 166 166 255 
3 53 55 209 159 166 166 255 
3 53 209 208 159 166 166 255 
3 127 108 209 159 166 166 255 
3 127 209 210 159 166 166 255 
3 55 64 210 159 166 166 255 
3 55 210 209 159 166 166 255 
3 127 210 211 159 166 166 255 
3 127 211 128 159 166 166 255 
3 64 63 211 159 166 166 255 
3 64 211 210 159 166 166 255 
3 211 212 129 159 166 166 255 
3 211 129 128 159 166 166 255 
3 63 62 212 159 166 166 255 
3 63 212 211 159 166 166 255 
3 129 212 213 159 166 166 255 
3 129 213 130 159 166 166 255 
3 62 61 213 159 166 166 255 
3 62 213 212 159 166 166 255 
3 131 130 213 159 166 166 255 
3 131 213 214 159 166 166 255 
3 61 60 214 159 166 166 255 
3 61 214 213 159 166 166 255 
3 214 215 132 159 166 166 255 
3 214 132 131 159 166 166 255 
3 60 59 215 159 166 166 255 
3 60 215 214 159 166 166 255 
3 132 215 216 159 166 166 255 
3 132 216 133 159 166 166 255 
3 59 58 216 159 166 166 255 
3 59 216 215 159 166 166 255 
3 133 216 217 159 166 166 255 
3 133 217 134 159 166 166 255 
3 58 68 217 159 166 166 255 
3 58 217 216 159 166 166 255 
3 134 217 218 159 166 166 255 
3 134 218 136 159 166 166 255 
3 67 218 217 159 166 166 255 
3 67 217 68 159 166 166 255 
3 136 218 219 159 166 166 255 
3 136 219 81 159 166 166 255 
3 67 66 219 159 166 166 255 
3 67 219 218 159 166 166 255 
3 81 219 220 159 166 166 255 
3 81 220 82 159 166 166 255 
3 65 220 219 159 166 166 255 
3 65 219 66 159 166 166 255 
3 220 173 84 159 166 166 255 
3 220 84 82 159 166 166 255 
3 31 173 220 159 166 166 255 
3 31 220 65 159 166 166 255 
3 171 21 23 159 166 166 255 
3 171 23 172 159 166 166 255 
3 170 6 13 159 166 166 255 
3 170 13 21 159 166 166 255 
3 170 21 171 159 166 166 255 
3 2 4 169 159 166 166 255 
3 2 169 172 159 166 166 255 
3 2 172 23 159 166 166 255 
3 221 155 145 159 166 166 255 
3 221 145 144 159 166 166 255 
3 221 144 222 159 166 166 255 
3 223 164 168 159 166 166 255 
3 223 168 166 159 166 166 255 
3 223 166 224 159 166 166 255 
3 225 226 160 159 166 166 255 
3 225 160 156 159 166 166 255 
3 155 221 225 159 166 166 255 
3 155 225 156 159 166 166 255 
3 160 226 224 159 166 166 255 
3 160 224 166 159 166 166 255 
3 227 165 167 159 166 166 255 
3 227 167 163 159 166 166 255 
3 227 163 228 159 166 166 255 
3 229 149 148 159 166 166 255 
3 229 148 153 159 166 166 255 
3 229 153 230 159 166 166 255 
3 231 232 152 159 166 166 255 
3 231 152 159 159 166 166 255 
3 231 159 165 159 166 166 255 
3 231 165 227 159 166 166 255 
3 152 232 230 159 166 166 255 
3 152 230 153 159 166 166 255 
3 149 229 233 159 166 166 255 
3 149 233 234 159 166 166 255 
3 149 234 150 159 166 166 255 
3 228 163 12 159 166 166 255 
3 228 12 18 159 166 166 255 
3 164 223 10 159 166 166 255 
3 164 10 9 159 166 166 255 
3 235 236 222 159 166 166 255 
3 235 222 144 159 166 166 255 
3 235 144 143 159 166 166 255 
3 237 233 229 159 166 166 255 
3 237 229 230 159 166 166 255 
3 237 230 232 159 166 166 255 
3 237 232 238 159 166 166 255 
3 232 231 239 159 166 166 255 
3 232 239 240 159 166 166 255 
3 232 240 241 159 166 166 255 
3 232 241 242 159 166 166 255 
3 232 242 243 159 166 166 255 
3 232 243 238 159 166 166 255 
3 244 245 238 159 166 166 255 
3 238 245 246 159 166 166 255 
3 238 246 247 159 166 166 255 
3 247 246 248 159 166 166 255 
3 247 248 231 159 166 166 255 
3 231 248 249 159 166 166 255 
3 231 249 250 159 166 166 255 
3 251 244 238 159 166 166 255 
3 251 238 243 159 166 166 255 
3 247 231 227 159 166 166 255 
3 247 227 228 159 166 166 255 
3 247 228 18 159 166 166 255 
3 247 18 17 159 166 166 255 
3 239 231 250 159 166 166 255 
3 252 225 253 159 166 166 255 
3 253 225 221 159 166 166 255 
3 253 221 254 159 166 166 255 
3 254 221 222 159 166 166 255 
3 254 222 236 159 166 166 255 
3 253 255 256 159 166 166 255 
3 253 256 257 159 166 166 255 
3 253 257 258 159 166 166 255 
3 253 258 259 159 166 166 255 
3 253 259 252 159 166 166 255 
3 255 11 223 159 166 166 255 
3 255 223 224 159 166 166 255 
3 255 224 226 159 166 166 255 
3 255 226 260 159 166 166 255 
3 255 260 261 159 166 166 255 
3 255 261 262 159 166 166 255 
3 255 262 256 159 166 166 255 
3 225 252 263 159 166 166 255 
3 225 263 264 159 166 166 255 
3 225 264 265 159 166 166 255 
3 225 265 266 159 166 166 255 
3 225 266 226 159 166 166 255 
3 223 11 10 159 166 166 255 
3 260 226 266 159 166 166 255 
3 234 233 237 159 166 166 255 
3 234 237 267 159 166 166 255 
3 234 267 268 159 166 166 255 
3 234 268 269 159 166 166 255 
3 234 269 270 159 166 166 255 
3 234 270 271 159 166 166 255 
3 234 271 272 159 166 166 255 
3 234 272 273 159 166 166 255 
3 234 273 235 159 166 166 255 
3 236 235 274 159 166 166 255 
3 236 274 275 159 166 166 255 
3 236 275 276 159 166 166 255 
3 236 276 277 159 166 166 255 
3 236 277 254 159 166 166 255 
3 274 235 273 159 166 166 255 
3 255 253 278 159 166 166 255 
3 255 278 279 159 166 166 255 
3 253 254 277 159 166 166 255 
3 253 277 278 159 166 166 255 
3 255 279 0 159 166 166 255 
3 255 0 11 159 166 166 255 
3 280 281 282 159 166 166 255 
3 280 282 283 159 166 166 255 
3 283 261 260 159 166 166 255 
3 283 260 280 159 166 166 255 
3 281 280 284 159 166 166 255 
3 281 284 285 159 166 166 255 
3 260 266 284 159 166 166 255 
3 260 284 280 159 166 166 255 
3 285 284 286 159 166 166 255 
3 285 286 287 159 166 166 255 
3 266 265 286 159 166 166 255 
3 266 286 284 159 166 166 255 
3 288 289 287 159 166 166 255 
3 288 287 286 159 166 166 255 
3 265 264 288 159 166 166 255 
3 265 288 286 159 166 166 255 
3 290 291 289 159 166 166 255 
3 290 289 288 159 166 166 255 
3 264 263 290 159 166 166 255 
3 264 290 288 159 166 166 255 
3 291 290 292 159 166 166 255 
3 291 292 293 159 166 166 255 
3 263 252 292 159 166 166 255 
3 263 292 290 159 166 166 255 
3 294 295 293 159 166 166 255 
3 294 293 292 159 166 166 255 
3 252 259 294 159 166 166 255 
3 252 294 292 159 166 166 255 
3 296 297 295 159 166 166 255 
3 296 295 294 159 166 166 255 
3 259 258 296 159 166 166 255 
3 259 296 294 159 166 166 255 
3 297 296 298 159 166 166 255 
3 297 298 299 159 166 166 255 
3 258 257 298 159 166 166 255 
3 258 298 296 159 166 166 255 
3 300 301 299 159 166 166 255 
3 300 299 298 159 166 166 255 
3 257 256 300 159 166 166 255 
3 257 300 298 159 166 166 255 
3 301 300 302 159 166 166 255 
3 301 302 303 159 166 166 255 
3 256 262 302 159 166 166 255 
3 256 302 300 159 166 166 255 
3 303 302 283 159 166 166 255 
3 303 283 282 159 166 166 255 
3 261 283 302 159 166 166 255 
3 261 302 262 159 166 166 255 
3 279 278 304 159 166 166 255 
3 279 304 305 159 166 166 255 
3 276 304 278 159 166 166 255 
3 276 278 277 159 166 166 255 
3 279 305 1 159 166 166 255 
3 279 1 0 159 166 166 255 
3 305 304 306 159 166 166 255 
3 305 306 307 159 166 166 255 
3 275 306 304 159 166 166 255 
3 275 304 276 159 166 166 255 
3 305 307 3 159 166 166 255 
3 305 3 1 159 166 166 255 
3 307 306 308 159 166 166 255 
3 307 308 309 159 166 166 255 
3 3 307 309 159 166 166 255 
3 3 309 5 159 166 166 255 
3 275 274 308 159 166 166 255 
3 275 308 306 159 166 166 255 
3 310 311 312 159 166 166 255 
3 312 282 281 159 166 166 255 
3 312 281 285 159 166 166 255 
3 310 312 285 159 166 166 255 
3 310 285 287 159 166 166 255 
3 287 289 313 159 166 166 255 
3 287 313 310 159 166 166 255 
3 311 310 313 159 166 166 255 
3 311 313 314 159 166 166 255 
3 311 314 315 159 166 166 255 
3 311 315 316 159 166 166 255 
3 311 316 317 159 166 166 255 
3 314 313 289 159 166 166 255 
3 314 289 291 159 166 166 255 
3 315 314 291 159 166 166 255 
3 315 291 293 159 166 166 255 
3 293 295 316 159 166 166 255 
3 293 316 315 159 166 166 255 
3 295 297 317 159 166 166 255 
3 295 317 316 159 166 166 255 
3 297 299 311 159 166 166 255 
3 297 311 317 159 166 166 255 
3 311 299 301 159 166 166 255 
3 311 301 312 159 166 166 255 
3 312 301 303 159 166 166 255 
3 303 282 312 159 166 166 255 
3 309 308 318 159 166 166 255 
3 309 318 319 159 166 166 255 
3 308 274 273 159 166 166 255 
3 308 273 318 159 166 166 255 
3 309 319 7 159 166 166 255 
3 309 7 5 159 166 166 255 
3 170 169 4 159 166 166 255 
3 170 4 6 159 166 166 255 
3 319 318 320 159 166 166 255 
3 319 320 321 159 166 166 255 
3 8 7 319 159 166 166 255 
3 8 319 321 159 166 166 255 
3 320 318 273 159 166 166 255 
3 320 273 272 159 166 166 255 
3 321 320 322 159 166 166 255 
3 321 322 323 159 166 166 255 
3 8 321 323 159 166 166 255 
3 8 323 19 159 166 166 255 
3 272 271 322 159 166 166 255 
3 272 322 320 159 166 166 255 
3 323 322 324 159 166 166 255 
3 323 324 325 159 166 166 255 
3 271 270 324 159 166 166 255 
3 271 324 322 159 166 166 255 
3 19 323 325 159 166 166 255 
3 19 325 20 159 166 166 255 
3 324 326 327 159 166 166 255 
3 324 327 325 159 166 166 255 
3 270 269 326 159 166 166 255 
3 270 326 324 159 166 166 255 
3 325 327 14 159 166 166 255 
3 325 14 20 159 166 166 255 
3 328 329 330 159 166 166 255 
3 331 332 333 159 166 166 255 
3 331 333 334 159 166 166 255 
3 333 332 330 159 166 166 255 
3 332 331 335 159 166 166 255 
3 332 335 336 159 166 166 255 
3 330 332 336 159 166 166 255 
3 337 338 336 159 166 166 255 
3 337 336 335 159 166 166 255 
3 328 330 336 159 166 166 255 
3 328 336 338 159 166 166 255 
3 338 337 339 159 166 166 255 
3 338 339 340 159 166 166 255 
3 328 338 340 159 166 166 255 
3 328 340 341 159 166 166 255 
3 329 328 341 159 166 166 255 
3 329 341 342 159 166 166 255 
3 329 342 343 159 166 166 255 
3 329 343 344 159 166 166 255 
3 329 344 345 159 166 166 255 
3 346 347 340 159 166 166 255 
3 346 340 339 159 166 166 255 
3 341 340 347 159 166 166 255 
3 341 347 342 159 166 166 255 
3 348 349 347 159 166 166 255 
3 348 347 346 159 166 166 255 
3 342 347 349 159 166 166 255 
3 342 349 343 159 166 166 255 
3 350 351 349 159 166 166 255 
3 350 349 348 159 166 166 255 
3 343 349 351 159 166 166 255 
3 343 351 344 159 166 166 255 
3 351 350 352 159 166 166 255 
3 351 352 353 159 166 166 255 
3 344 351 353 159 166 166 255 
3 344 353 345 159 166 166 255 
3 353 352 354 159 166 166 255 
3 353 354 355 159 166 166 255 
3 345 353 355 159 166 166 255 
3 345 355 329 159 166 166 255 
3 356 357 355 159 166 166 255 
3 356 355 354 159 166 166 255 
3 329 355 357 159 166 166 255 
3 329 357 330 159 166 166 255 
3 358 359 357 159 166 166 255 
3 358 357 356 159 166 166 255 
3 359 330 357 159 166 166 255 
3 334 333 359 159 166 166 255 
3 334 359 358 159 166 166 255 
3 333 330 359 159 166 166 255 
3 327 326 360 159 166 166 255 
3 327 360 361 159 166 166 255 
3 269 268 360 159 166 166 255 
3 269 360 326 159 166 166 255 
3 14 327 361 159 166 166 255 
3 14 361 15 159 166 166 255 
3 360 362 363 159 166 166 255 
3 360 363 361 159 166 166 255 
3 267 362 360 159 166 166 255 
3 267 360 268 159 166 166 255 
3 15 361 363 159 166 166 255 
3 15 363 16 159 166 166 255 
3 238 247 363 159 166 166 255 
3 238 363 362 159 166 166 255 
3 267 237 238 159 166 166 255 
3 267 238 362 159 166 166 255 
3 17 16 363 159 166 166 255 
3 17 363 247 159 166 166 255 
3 249 248 331 159 166 166 255 
3 249 331 334 159 166 166 255 
3 248 246 335 159 166 166 255 
3 248 335 331 159 166 166 255 
3 335 246 245 159 166 166 255 
3 335 245 337 159 166 166 255 
3 244 339 337 159 166 166 255 
3 244 337 245 159 166 166 255 
3 244 251 346 159 166 166 255 
3 244 346 339 159 166 166 255 
3 346 251 243 159 166 166 255 
3 346 243 348 159 166 166 255 
3 350 348 243 159 166 166 255 
3 350 243 242 159 166 166 255 
3 352 350 242 159 166 166 255 
3 352 242 241 159 166 166 255 
3 352 241 240 159 166 166 255 
3 352 240 354 159 166 166 255 
3 354 240 239 159 166 166 255 
3 354 239 356 159 166 166 255 
3 358 356 239 159 166 166 255 
3 358 239 250 159 166 166 255 
3 249 334 358 159 166 166 255 
3 249 358 250 159 166 166 255 
3 143 76 364 159 166 166 255 
3 143 364 365 159 166 166 255 
3 143 365 235 159 166 166 255 
3 150 234 366 159 166 166 255 
3 150 366 367 159 166 166 255 
3 150 367 29 159 166 166 255 
3 76 29 367 159 166 166 255 
3 76 367 364 159 166 166 255 
3 365 364 367 159 166 166 255 
3 365 367 366 159 166 166 255 
3 234 235 365 159 166 166 255 
3 234 365 366 159 166 166 255 
3 368 369 370 159 166 166 255 
3 370 369 371 159 166 166 255 
3 370 371 372 159 166 166 255 
3 372 371 373 159 166 166 255 
3 372 373 374 159 166 166 255 
3 374 373 375 159 166 166 255 
3 374 375 376 159 166 166 255 
3 376 375 377 159 166 166 255 
3 376 377 378 159 166 166 255 
3 378 377 379 159 166 166 255 
3 380 381 382 159 166 166 255 
3 380 382 372 159 166 166 255 
3 380 372 374 159 166 166 255 
3 383 384 385 159 166 166 255 
3 385 384 386 159 166 166 255 
3 385 386 387 159 166 166 255 
3 387 386 388 159 166 166 255 
3 387 388 389 159 166 166 255 
3 389 388 390 159 166 166 255 
3 389 390 391 159 166 166 255 
3 391 390 392 159 166 166 255 
3 391 392 393 159 166 166 255 
3 393 392 382 159 166 166 255 
3 393 382 394 159 166 166 255 
3 394 382 381 159 166 166 255 
3 368 370 395 159 166 166 255 
3 395 370 396 159 166 166 255 
3 395 396 397 159 166 166 255 
3 397 396 390 159 166 166 255 
3 397 390 388 159 166 166 255 
3 398 399 400 159 166 166 255 
3 398 400 401 159 166 166 255 
3 398 401 402 159 166 166 255 
3 398 402 403 159 166 166 255 
3 398 403 404 159 166 166 255 
3 398 404 405 159 166 166 255 
3 398 405 406 159 166 166 255 
3 398 406 407 159 166 166 255 
3 398 407 408 159 166 166 255 
3 398 408 409 159 166 166 255 
3 398 409 410 159 166 166 255 
3 398 410 411 159 166 166 255 
3 398 411 412 159 166 166 255 
3 398 412 413 159 166 166 255 
3 398 413 414 159 166 166 255 
3 398 414 415 159 166 166 255 
3 398 415 416 159 166 166 255 
3 398 416 417 159 166 166 255 
3 398 417 418 159 166 166 255 
3 398 418 419 159 166 166 255 
3 398 419 420 159 166 166 255 
3 398 420 421 159 166 166 255 
3 422 423 424 159 166 166 255 
3 422 424 425 159 166 166 255 
3 425 418 417 159 166 166 255 
3 425 417 422 159 166 166 255 
3 426 427 428 159 166 166 255 
3 426 428 429 159 166 166 255 
3 426 429 430 159 166 166 255 
3 426 430 431 159 166 166 255 
3 432 428 427 159 166 166 255 
3 433 434 435 159 166 166 255 
3 433 435 436 159 166 166 255 
3 437 438 439 159 166 166 255 
3 437 439 440 159 166 166 255 
3 441 437 440 159 166 166 255 
3 441 440 442 159 166 166 255 
3 438 394 381 159 166 166 255 
3 438 381 439 159 166 166 255 
3 434 443 444 159 166 166 255 
3 434 444 435 159 166 166 255 
3 443 445 446 159 166 166 255 
3 443 446 444 159 166 166 255 
3 447 433 436 159 166 166 255 
3 447 436 448 159 166 166 255 
3 423 447 448 159 166 166 255 
3 423 448 424 159 166 166 255 
3 449 450 451 159 166 166 255 
3 451 450 452 159 166 166 255 
3 451 452 453 159 166 166 255 
3 453 452 454 159 166 166 255 
3 453 454 455 159 166 166 255 
3 455 454 456 159 166 166 255 
3 455 456 457 159 166 166 255 
3 458 459 460 159 166 166 255 
3 460 459 461 159 166 166 255 
3 460 461 454 159 166 166 255 
3 454 461 462 159 166 166 255 
3 454 462 456 159 166 166 255 
3 463 464 465 159 166 166 255 
3 465 464 466 159 166 166 255 
3 465 466 467 159 166 166 255 
3 467 466 458 159 166 166 255 
3 467 458 460 159 166 166 255 
3 468 469 470 159 166 166 255 
3 468 470 471 159 166 166 255 
3 468 471 463 159 166 166 255 
3 468 463 465 159 166 166 255 
3 472 473 474 159 166 166 255 
3 474 473 475 159 166 166 255 
3 474 475 476 159 166 166 255 
3 476 475 477 159 166 166 255 
3 476 477 478 159 166 166 255 
3 478 477 479 159 166 166 255 
3 478 479 469 159 166 166 255 
3 469 479 480 159 166 166 255 
3 469 480 470 159 166 166 255 
3 481 482 483 159 166 166 255 
3 481 483 455 159 166 166 255 
3 481 455 457 159 166 166 255 
3 484 446 442 159 166 166 255 
3 484 442 483 159 166 166 255 
3 484 483 482 159 166 166 255 
3 485 486 487 159 166 166 255 
3 487 486 441 159 166 166 255 
3 487 441 445 159 166 166 255 
3 445 441 442 159 166 166 255 
3 445 442 446 159 166 166 255 
3 472 474 486 159 166 166 255 
3 472 486 485 159 166 166 255 
3 488 489 490 159 166 166 255 
3 490 489 491 159 166 166 255 
3 490 491 492 159 166 166 255 
3 492 491 476 159 166 166 255 
3 492 476 478 159 166 166 255 
3 425 424 493 159 166 166 255 
3 425 493 494 159 166 166 255 
3 418 425 494 159 166 166 255 
3 418 494 419 159 166 166 255 
3 432 429 428 159 166 166 255 
3 436 435 495 159 166 166 255 
3 436 495 496 159 166 166 255 
3 440 439 497 159 166 166 255 
3 440 497 498 159 166 166 255 
3 498 483 442 159 166 166 255 
3 498 442 440 159 166 166 255 
3 381 380 497 159 166 166 255 
3 381 497 439 159 166 166 255 
3 435 444 499 159 166 166 255 
3 435 499 495 159 166 166 255 
3 444 446 484 159 166 166 255 
3 444 484 499 159 166 166 255 
3 448 436 496 159 166 166 255 
3 448 496 500 159 166 166 255 
3 424 448 500 159 166 166 255 
3 424 500 493 159 166 166 255 
3 494 493 501 159 166 166 255 
3 494 501 502 159 166 166 255 
3 502 420 419 159 166 166 255 
3 502 419 494 159 166 166 255 
3 431 503 372 159 166 166 255 
3 431 372 382 159 166 166 255 
3 431 382 426 159 166 166 255 
3 432 430 429 159 166 166 255 
3 496 495 504 159 166 166 255 
3 496 504 505 159 166 166 255 
3 498 497 506 159 166 166 255 
3 498 506 507 159 166 166 255 
3 483 498 507 159 166 166 255 
3 483 507 455 159 166 166 255 
3 380 374 506 159 166 166 255 
3 380 506 497 159 166 166 255 
3 495 499 508 159 166 166 255 
3 495 508 504 159 166 166 255 
3 499 484 482 159 166 166 255 
3 499 482 508 159 166 166 255 
3 500 496 505 159 166 166 255 
3 500 505 509 159 166 166 255 
3 493 500 509 159 166 166 255 
3 493 509 501 159 166 166 255 
3 502 501 510 159 166 166 255 
3 502 510 511 159 166 166 255 
3 511 421 420 159 166 166 255 
3 511 420 502 159 166 166 255 
3 432 431 430 159 166 166 255 
3 505 504 512 159 166 166 255 
3 505 512 513 159 166 166 255 
3 507 506 514 159 166 166 255 
3 507 514 515 159 166 166 255 
3 515 453 455 159 166 166 255 
3 515 455 507 159 166 166 255 
3 374 376 514 159 166 166 255 
3 374 514 506 159 166 166 255 
3 504 508 516 159 166 166 255 
3 504 516 512 159 166 166 255 
3 508 482 481 159 166 166 255 
3 508 481 516 159 166 166 255 
3 509 505 513 159 166 166 255 
3 509 513 517 159 166 166 255 
3 501 509 517 159 166 166 255 
3 501 517 510 159 166 166 255 
3 511 510 518 159 166 166 255 
3 511 518 519 159 166 166 255 
3 519 398 421 159 166 166 255 
3 519 421 511 159 166 166 255 
3 503 431 520 159 166 166 255 
3 503 520 521 159 166 166 255 
3 503 521 522 159 166 166 255 
3 503 522 523 159 166 166 255 
3 432 520 431 159 166 166 255 
3 513 512 524 159 166 166 255 
3 513 524 525 159 166 166 255 
3 515 514 526 159 166 166 255 
3 515 526 527 159 166 166 255 
3 453 515 527 159 166 166 255 
3 453 527 451 159 166 166 255 
3 376 378 526 159 166 166 255 
3 376 526 514 159 166 166 255 
3 512 516 528 159 166 166 255 
3 512 528 524 159 166 166 255 
3 516 481 457 159 166 166 255 
3 516 457 528 159 166 166 255 
3 517 513 525 159 166 166 255 
3 517 525 529 159 166 166 255 
3 510 517 529 159 166 166 255 
3 510 529 518 159 166 166 255 
3 519 518 530 159 166 166 255 
3 519 530 531 159 166 166 255 
3 398 519 531 159 166 166 255 
3 398 531 399 159 166 166 255 
3 432 521 520 159 166 166 255 
3 525 524 532 159 166 166 255 
3 525 532 533 159 166 166 255 
3 527 526 534 159 166 166 255 
3 527 534 535 159 166 166 255 
3 449 451 527 159 166 166 255 
3 449 527 535 159 166 166 255 
3 378 379 534 159 166 166 255 
3 378 534 526 159 166 166 255 
3 524 528 536 159 166 166 255 
3 524 536 532 159 166 166 255 
3 528 457 456 159 166 166 255 
3 528 456 536 159 166 166 255 
3 529 525 533 159 166 166 255 
3 529 533 537 159 166 166 255 
3 518 529 537 159 166 166 255 
3 518 537 530 159 166 166 255 
3 531 530 538 159 166 166 255 
3 531 538 539 159 166 166 255 
3 399 531 539 159 166 166 255 
3 399 539 400 159 166 166 255 
3 523 540 370 159 166 166 255 
3 523 370 372 159 166 166 255 
3 523 372 503 159 166 166 255 
3 432 522 521 159 166 166 255 
3 533 532 541 159 166 166 255 
3 533 541 542 159 166 166 255 
3 535 534 543 159 166 166 255 
3 535 543 544 159 166 166 255 
3 544 450 449 159 166 166 255 
3 544 449 535 159 166 166 255 
3 379 377 543 159 166 166 255 
3 379 543 534 159 166 166 255 
3 532 536 545 159 166 166 255 
3 532 545 541 159 166 166 255 
3 545 536 456 159 166 166 255 
3 545 456 462 159 166 166 255 
3 537 533 542 159 166 166 255 
3 537 542 546 159 166 166 255 
3 530 537 546 159 166 166 255 
3 530 546 538 159 166 166 255 
3 539 538 547 159 166 166 255 
3 539 547 548 159 166 166 255 
3 548 401 400 159 166 166 255 
3 548 400 539 159 166 166 255 
3 432 523 522 159 166 166 255 
3 542 541 549 159 166 166 255 
3 542 549 550 159 166 166 255 
3 544 543 551 159 166 166 255 
3 544 551 552 159 166 166 255 
3 450 544 552 159 166 166 255 
3 450 552 452 159 166 166 255 
3 377 375 551 159 166 166 255 
3 377 551 543 159 166 166 255 
3 541 545 553 159 166 166 255 
3 541 553 549 159 166 166 255 
3 553 545 462 159 166 166 255 
3 553 462 461 159 166 166 255 
3 546 542 550 159 166 166 255 
3 546 550 554 159 166 166 255 
3 538 546 554 159 166 166 255 
3 538 554 547 159 166 166 255 
3 548 547 555 159 166 166 255 
3 548 555 556 159 166 166 255 
3 401 548 556 159 166 166 255 
3 401 556 402 159 166 166 255 
3 540 523 557 159 166 166 255 
3 540 557 558 159 166 166 255 
3 540 558 559 159 166 166 255 
3 540 559 560 159 166 166 255 
3 432 557 523 159 166 166 255 
3 550 549 561 159 166 166 255 
3 550 561 562 159 166 166 255 
3 552 551 563 159 166 166 255 
3 552 563 564 159 166 166 255 
3 564 454 452 159 166 166 255 
3 564 452 552 159 166 166 255 
3 375 373 563 159 166 166 255 
3 375 563 551 159 166 166 255 
3 549 553 565 159 166 166 255 
3 549 565 561 159 166 166 255 
3 565 553 461 159 166 166 255 
3 565 461 459 159 166 166 255 
3 554 550 562 159 166 166 255 
3 554 562 566 159 166 166 255 
3 547 554 566 159 166 166 255 
3 547 566 555 159 166 166 255 
3 556 555 567 159 166 166 255 
3 556 567 568 159 166 166 255 
3 402 556 568 159 166 166 255 
3 402 568 403 159 166 166 255 
3 432 558 557 159 166 166 255 
3 562 561 569 159 166 166 255 
3 562 569 570 159 166 166 255 
3 564 563 571 159 166 166 255 
3 564 571 572 159 166 166 255 
3 454 564 572 159 166 166 255 
3 454 572 460 159 166 166 255 
3 373 371 571 159 166 166 255 
3 373 571 563 159 166 166 255 
3 561 565 573 159 166 166 255 
3 561 573 569 159 166 166 255 
3 573 565 459 159 166 166 255 
3 573 459 458 159 166 166 255 
3 566 562 570 159 166 166 255 
3 566 570 574 159 166 166 255 
3 555 566 574 159 166 166 255 
3 555 574 567 159 166 166 255 
3 568 567 575 159 166 166 255 
3 568 575 576 159 166 166 255 
3 576 404 403 159 166 166 255 
3 576 403 568 159 166 166 255 
3 396 370 540 159 166 166 255 
3 396 540 560 159 166 166 255 
3 396 560 577 159 166 166 255 
3 432 559 558 159 166 166 255 
3 570 569 578 159 166 166 255 
3 570 578 579 159 166 166 255 
3 572 571 580 159 166 166 255 
3 572 580 581 159 166 166 255 
3 460 572 581 159 166 166 255 
3 460 581 467 159 166 166 255 
3 371 369 580 159 166 166 255 
3 371 580 571 159 166 166 255 
3 569 573 582 159 166 166 255 
3 569 582 578 159 166 166 255 
3 582 573 458 159 166 166 255 
3 582 458 466 159 166 166 255 
3 574 570 579 159 166 166 255 
3 574 579 583 159 166 166 255 
3 567 574 583 159 166 166 255 
3 567 583 575 159 166 166 255 
3 576 575 584 159 166 166 255 
3 576 584 585 159 166 166 255 
3 404 576 585 159 166 166 255 
3 404 585 405 159 166 166 255 
3 432 560 559 159 166 166 255 
3 579 578 586 159 166 166 255 
3 579 586 587 159 166 166 255 
3 581 580 588 159 166 166 255 
3 581 588 589 159 166 166 255 
3 467 581 589 159 166 166 255 
3 467 589 465 159 166 166 255 
3 369 368 588 159 166 166 255 
3 369 588 580 159 166 166 255 
3 578 582 590 159 166 166 255 
3 578 590 586 159 166 166 255 
3 590 582 466 159 166 166 255 
3 590 466 464 159 166 166 255 
3 583 579 587 159 166 166 255 
3 583 587 591 159 166 166 255 
3 575 583 591 159 166 166 255 
3 575 591 584 159 166 166 255 
3 585 584 592 159 166 166 255 
3 585 592 593 159 166 166 255 
3 405 585 593 159 166 166 255 
3 405 593 406 159 166 166 255 
3 577 560 594 159 166 166 255 
3 577 594 595 159 166 166 255 
3 577 595 596 159 166 166 255 
3 577 596 597 159 166 166 255 
3 432 594 560 159 166 166 255 
3 587 586 598 159 166 166 255 
3 587 598 599 159 166 166 255 
3 589 588 600 159 166 166 255 
3 589 600 601 159 166 166 255 
3 465 589 601 159 166 166 255 
3 465 601 468 159 166 166 255 
3 368 395 600 159 166 166 255 
3 368 600 588 159 166 166 255 
3 586 590 602 159 166 166 255 
3 586 602 598 159 166 166 255 
3 602 590 464 159 166 166 255 
3 602 464 463 159 166 166 255 
3 591 587 599 159 166 166 255 
3 591 599 603 159 166 166 255 
3 584 591 603 159 166 166 255 
3 584 603 592 159 166 166 255 
3 593 592 604 159 166 166 255 
3 593 604 605 159 166 166 255 
3 605 407 406 159 166 166 255 
3 605 406 593 159 166 166 255 
3 432 595 594 159 166 166 255 
3 599 598 606 159 166 166 255 
3 599 606 607 159 166 166 255 
3 601 600 608 159 166 166 255 
3 601 608 609 159 166 166 255 
3 609 469 468 159 166 166 255 
3 609 468 601 159 166 166 255 
3 395 397 608 159 166 166 255 
3 395 608 600 159 166 166 255 
3 598 602 610 159 166 166 255 
3 598 610 606 159 166 166 255 
3 610 602 463 159 166 166 255 
3 610 463 471 159 166 166 255 
3 603 599 607 159 166 166 255 
3 603 607 611 159 166 166 255 
3 592 603 611 159 166 166 255 
3 592 611 604 159 166 166 255 
3 605 604 612 159 166 166 255 
3 605 612 613 159 166 166 255 
3 613 408 407 159 166 166 255 
3 613 407 605 159 166 166 255 
3 396 577 597 159 166 166 255 
3 396 597 614 159 166 166 255 
3 396 614 390 159 166 166 255 
3 432 596 595 159 166 166 255 
3 607 606 615 159 166 166 255 
3 607 615 616 159 166 166 255 
3 609 608 617 159 166 166 255 
3 609 617 618 159 166 166 255 
3 469 609 618 159 166 166 255 
3 469 618 478 159 166 166 255 
3 397 388 617 159 166 166 255 
3 397 617 608 159 166 166 255 
3 606 610 619 159 166 166 255 
3 606 619 615 159 166 166 255 
3 470 619 610 159 166 166 255 
3 470 610 471 159 166 166 255 
3 611 607 616 159 166 166 255 
3 611 616 620 159 166 166 255 
3 604 611 620 159 166 166 255 
3 604 620 612 159 166 166 255 
3 613 612 621 159 166 166 255 
3 613 621 622 159 166 166 255 
3 408 613 622 159 166 166 255 
3 408 622 409 159 166 166 255 
3 432 597 596 159 166 166 255 
3 616 615 623 159 166 166 255 
3 616 623 624 159 166 166 255 
3 618 617 625 159 166 166 255 
3 618 625 626 159 166 166 255 
3 626 492 478 159 166 166 255 
3 626 478 618 159 166 166 255 
3 388 386 625 159 166 166 255 
3 388 625 617 159 166 166 255 
3 615 619 627 159 166 166 255 
3 615 627 623 159 166 166 255 
3 619 470 480 159 166 166 255 
3 619 480 627 159 166 166 255 
3 620 616 624 159 166 166 255 
3 620 624 628 159 166 166 255 
3 612 620 628 159 166 166 255 
3 612 628 621 159 166 166 255 
3 622 621 629 159 166 166 255 
3 622 629 630 159 166 166 255 
3 630 410 409 159 166 166 255 
3 630 409 622 159 166 166 255 
3 614 597 631 159 166 166 255 
3 614 631 632 159 166 166 255 
3 614 632 633 159 166 166 255 
3 614 633 634 159 166 166 255 
3 432 631 597 159 166 166 255 
3 624 623 635 159 166 166 255 
3 624 635 636 159 166 166 255 
3 626 625 637 159 166 166 255 
3 626 637 638 159 166 166 255 
3 492 626 638 159 166 166 255 
3 492 638 490 159 166 166 255 
3 386 384 637 159 166 166 255 
3 386 637 625 159 166 166 255 
3 623 627 639 159 166 166 255 
3 623 639 635 159 166 166 255 
3 639 627 480 159 166 166 255 
3 639 480 479 159 166 166 255 
3 628 624 636 159 166 166 255 
3 628 636 640 159 166 166 255 
3 621 628 640 159 166 166 255 
3 621 640 629 159 166 166 255 
3 630 629 641 159 166 166 255 
3 630 641 642 159 166 166 255 
3 642 411 410 159 166 166 255 
3 642 410 630 159 166 166 255 
3 432 632 631 159 166 166 255 
3 636 635 643 159 166 166 255 
3 636 643 644 159 166 166 255 
3 638 637 645 159 166 166 255 
3 638 645 646 159 166 166 255 
3 488 490 638 159 166 166 255 
3 488 638 646 159 166 166 255 
3 384 383 645 159 166 166 255 
3 384 645 637 159 166 166 255 
3 635 639 647 159 166 166 255 
3 635 647 643 159 166 166 255 
3 647 639 479 159 166 166 255 
3 647 479 477 159 166 166 255 
3 640 636 644 159 166 166 255 
3 640 644 648 159 166 166 255 
3 629 640 648 159 166 166 255 
3 629 648 641 159 166 166 255 
3 642 641 649 159 166 166 255 
3 642 649 650 159 166 166 255 
3 650 412 411 159 166 166 255 
3 650 411 642 159 166 166 255 
3 390 614 634 159 166 166 255 
3 390 634 651 159 166 166 255 
3 390 651 392 159 166 166 255 
3 432 633 632 159 166 166 255 
3 644 643 652 159 166 166 255 
3 644 652 653 159 166 166 255 
3 646 645 654 159 166 166 255 
3 646 654 655 159 166 166 255 
3 655 489 488 159 166 166 255 
3 655 488 646 159 166 166 255 
3 645 383 385 159 166 166 255 
3 645 385 654 159 166 166 255 
3 643 647 656 159 166 166 255 
3 643 656 652 159 166 166 255 
3 475 656 647 159 166 166 255 
3 475 647 477 159 166 166 255 
3 648 644 653 159 166 166 255 
3 648 653 657 159 166 166 255 
3 641 648 657 159 166 166 255 
3 641 657 649 159 166 166 255 
3 650 649 658 159 166 166 255 
3 650 658 659 159 166 166 255 
3 412 650 659 159 166 166 255 
3 412 659 413 159 166 166 255 
3 432 634 633 159 166 166 255 
3 653 652 660 159 166 166 255 
3 653 660 661 159 166 166 255 
3 655 654 662 159 166 166 255 
3 655 662 663 159 166 166 255 
3 489 655 663 159 166 166 255 
3 489 663 491 159 166 166 255 
3 385 387 662 159 166 166 255 
3 385 662 654 159 166 166 255 
3 652 656 664 159 166 166 255 
3 652 664 660 159 166 166 255 
3 475 473 664 159 166 166 255 
3 475 664 656 159 166 166 255 
3 657 653 661 159 166 166 255 
3 657 661 665 159 166 166 255 
3 649 657 665 159 166 166 255 
3 649 665 658 159 166 166 255 
3 659 658 666 159 166 166 255 
3 659 666 667 159 166 166 255 
3 667 414 413 159 166 166 255 
3 667 413 659 159 166 166 255 
3 651 634 668 159 166 166 255 
3 651 668 669 159 166 166 255 
3 651 669 670 159 166 166 255 
3 651 670 427 159 166 166 255 
3 432 668 634 159 166 166 255 
3 661 660 671 159 166 166 255 
3 661 671 672 159 166 166 255 
3 663 662 673 159 166 166 255 
3 663 673 674 159 166 166 255 
3 674 476 491 159 166 166 255 
3 674 491 663 159 166 166 255 
3 387 389 673 159 166 166 255 
3 387 673 662 159 166 166 255 
3 660 664 675 159 166 166 255 
3 660 675 671 159 166 166 255 
3 664 473 472 159 166 166 255 
3 664 472 675 159 166 166 255 
3 665 661 672 159 166 166 255 
3 665 672 676 159 166 166 255 
3 658 665 676 159 166 166 255 
3 658 676 666 159 166 166 255 
3 667 666 677 159 166 166 255 
3 667 677 678 159 166 166 255 
3 414 667 678 159 166 166 255 
3 414 678 415 159 166 166 255 
3 432 669 668 159 166 166 255 
3 672 671 679 159 166 166 255 
3 672 679 680 159 166 166 255 
3 681 682 674 159 166 166 255 
3 681 674 673 159 166 166 255 
3 476 674 682 159 166 166 255 
3 476 682 474 159 166 166 255 
3 389 391 681 159 166 166 255 
3 389 681 673 159 166 166 255 
3 671 675 683 159 166 166 255 
3 671 683 679 159 166 166 255 
3 675 472 485 159 166 166 255 
3 675 485 683 159 166 166 255 
3 676 672 680 159 166 166 255 
3 676 680 684 159 166 166 255 
3 666 676 684 159 166 166 255 
3 666 684 677 159 166 166 255 
3 678 677 685 159 166 166 255 
3 678 685 686 159 166 166 255 
3 415 678 686 159 166 166 255 
3 415 686 416 159 166 166 255 
3 382 392 651 159 166 166 255 
3 382 651 427 159 166 166 255 
3 382 427 426 159 166 166 255 
3 432 670 669 159 166 166 255 
3 680 679 687 159 166 166 255 
3 680 687 688 159 166 166 255 
3 682 681 689 159 166 166 255 
3 682 689 690 159 166 166 255 
3 474 682 690 159 166 166 255 
3 474 690 486 159 166 166 255 
3 391 393 689 159 166 166 255 
3 391 689 681 159 166 166 255 
3 679 683 691 159 166 166 255 
3 679 691 687 159 166 166 255 
3 683 485 487 159 166 166 255 
3 683 487 691 159 166 166 255 
3 684 680 688 159 166 166 255 
3 684 688 692 159 166 166 255 
3 677 684 692 159 166 166 255 
3 677 692 685 159 166 166 255 
3 686 685 423 159 166 166 255 
3 686 423 422 159 166 166 255 
3 416 686 422 159 166 166 255 
3 416 422 417 159 166 166 255 
3 432 427 670 159 166 166 255 
3 688 687 434 159 166 166 255 
3 688 434 433 159 166 166 255 
3 690 689 438 159 166 166 255 
3 690 438 437 159 166 166 255 
3 486 690 437 159 166 166 255 
3 486 437 441 159 166 166 255 
3 393 394 438 159 166 166 255 
3 393 438 689 159 166 166 255 
3 687 691 443 159 166 166 255 
3 687 443 434 159 166 166 255 
3 691 487 445 159 166 166 255 
3 691 445 443 159 166 166 255 
3 692 688 433 159 166 166 255 
3 692 433 447 159 166 166 255 
3 685 692 447 159 166 166 255 
3 685 447 423 159 166 166 255 
3 693 694 695 159 166 166 255 
3 695 694 696 159 166 166 255 
3 695 696 697 159 166 166 255 
3 697 696 698 159 166 166 255 
3 697 698 699 159 166 166 255 
3 699 698 700 159 166 166 255 
3 699 700 701 159 166 166 255 
3 701 700 702 159 166 166 255 
3 701 702 703 159 166 166 255 
3 703 702 704 159 166 166 255 
3 705 706 707 159 166 166 255 
3 705 707 697 159 166 166 255 
3 705 697 699 159 166 166 255 
3 708 709 710 159 166 166 255 
3 710 709 711 159 166 166 255 
3 710 711 712 159 166 166 255 
3 712 711 713 159 166 166 255 
3 712 713 714 159 166 166 255 
3 714 713 715 159 166 166 255 
3 714 715 716 159 166 166 255 
3 716 715 717 159 166 166 255 
3 716 717 718 159 166 166 255 
3 718 717 707 159 166 166 255 
3 718 707 719 159 166 166 255 
3 719 707 706 159 166 166 255 
3 693 695 720 159 166 166 255 
3 720 695 721 159 166 166 255 
3 720 721 722 159 166 166 255 
3 722 721 715 159 166 166 255 
3 722 715 713 159 166 166 255 
3 723 724 725 159 166 166 255 
3 723 725 726 159 166 166 255 
3 723 726 727 159 166 166 255 
3 723 727 728 159 166 166 255 
3 723 728 729 159 166 166 255 
3 723 729 730 159 166 166 255 
3 723 730 731 159 166 166 255 
3 723 731 732 159 166 166 255 
3 723 732 733 159 166 166 255 
3 723 733 734 159 166 166 255 
3 723 734 735 159 166 166 255 
3 723 735 736 159 166 166 255 
3 723 736 737 159 166 166 255 
3 723 737 738 159 166 166 255 
3 723 738 739 159 166 166 255 
3 723 739 740 159 166 166 255 
3 723 740 741 159 166 166 255 
3 723 741 742 159 166 166 255 
3 723 742 743 159 166 166 255 
3 723 743 744 159 166 166 255 
3 723 744 745 159 166 166 255 
3 723 745 746 159 166 166 255 
3 747 748 749 159 166 166 255 
3 747 749 750 159 166 166 255 
3 750 743 742 159 166 166 255 
3 750 742 747 159 166 166 255 
3 751 752 753 159 166 166 255 
3 751 753 754 159 166 166 255 
3 751 754 755 159 166 166 255 
3 751 755 756 159 166 166 255 
3 753 752 757 159 166 166 255 
3 758 759 760 159 166 166 255 
3 758 760 761 159 166 166 255 
3 762 763 764 159 166 166 255 
3 762 764 765 159 166 166 255 
3 766 762 765 159 166 166 255 
3 766 765 767 159 166 166 255 
3 706 764 763 159 166 166 255 
3 706 763 719 159 166 166 255 
3 761 760 768 159 166 166 255 
3 761 768 769 159 166 166 255 
3 768 770 771 159 166 166 255 
3 768 771 769 159 166 166 255 
3 758 772 773 159 166 166 255 
3 758 773 759 159 166 166 255 
3 748 773 772 159 166 166 255 
3 748 772 749 159 166 166 255 
3 774 775 776 159 166 166 255 
3 776 775 777 159 166 166 255 
3 776 777 778 159 166 166 255 
3 778 777 779 159 166 166 255 
3 778 779 780 159 166 166 255 
3 780 779 781 159 166 166 255 
3 780 781 782 159 166 166 255 
3 783 784 785 159 166 166 255 
3 785 784 786 159 166 166 255 
3 785 786 779 159 166 166 255 
3 779 786 787 159 166 166 255 
3 779 787 781 159 166 166 255 
3 788 789 790 159 166 166 255 
3 790 789 791 159 166 166 255 
3 790 791 792 159 166 166 255 
3 792 791 783 159 166 166 255 
3 792 783 785 159 166 166 255 
3 793 794 795 159 166 166 255 
3 793 795 796 159 166 166 255 
3 793 796 788 159 166 166 255 
3 793 788 790 159 166 166 255 
3 797 798 799 159 166 166 255 
3 799 798 800 159 166 166 255 
3 799 800 801 159 166 166 255 
3 801 800 802 159 166 166 255 
3 801 802 803 159 166 166 255 
3 803 802 804 159 166 166 255 
3 803 804 794 159 166 166 255 
3 794 804 805 159 166 166 255 
3 794 805 795 159 166 166 255 
3 806 807 808 159 166 166 255 
3 806 808 780 159 166 166 255 
3 806 780 782 159 166 166 255 
3 809 771 767 159 166 166 255 
3 809 767 808 159 166 166 255 
3 809 808 807 159 166 166 255 
3 810 811 812 159 166 166 255 
3 812 811 766 159 166 166 255 
3 812 766 770 159 166 166 255 
3 770 766 767 159 166 166 255 
3 770 767 771 159 166 166 255 
3 797 799 811 159 166 166 255 
3 797 811 810 159 166 166 255 
3 813 814 815 159 166 166 255 
3 815 814 816 159 166 166 255 
3 815 816 817 159 166 166 255 
3 817 816 801 159 166 166 255 
3 817 801 803 159 166 166 255 
3 750 749 818 159 166 166 255 
3 750 818 819 159 166 166 255 
3 743 750 819 159 166 166 255 
3 743 819 744 159 166 166 255 
3 757 754 753 159 166 166 255 
3 820 758 761 159 166 166 255 
3 820 761 821 159 166 166 255 
3 765 764 822 159 166 166 255 
3 765 822 823 159 166 166 255 
3 823 808 767 159 166 166 255 
3 823 767 765 159 166 166 255 
3 764 706 705 159 166 166 255 
3 764 705 822 159 166 166 255 
3 824 821 761 159 166 166 255 
3 824 761 769 159 166 166 255 
3 769 771 809 159 166 166 255 
3 769 809 824 159 166 166 255 
3 758 820 825 159 166 166 255 
3 758 825 772 159 166 166 255 
3 749 772 825 159 166 166 255 
3 749 825 818 159 166 166 255 
3 818 826 827 159 166 166 255 
3 818 827 819 159 166 166 255 
3 827 745 744 159 166 166 255 
3 827 744 819 159 166 166 255 
3 756 828 697 159 166 166 255 
3 756 697 707 159 166 166 255 
3 756 707 751 159 166 166 255 
3 757 755 754 159 166 166 255 
3 829 830 820 159 166 166 255 
3 829 820 821 159 166 166 255 
3 823 822 831 159 166 166 255 
3 823 831 832 159 166 166 255 
3 808 823 832 159 166 166 255 
3 808 832 780 159 166 166 255 
3 705 699 831 159 166 166 255 
3 705 831 822 159 166 166 255 
3 829 821 824 159 166 166 255 
3 829 824 833 159 166 166 255 
3 824 809 807 159 166 166 255 
3 824 807 833 159 166 166 255 
3 834 825 820 159 166 166 255 
3 834 820 830 159 166 166 255 
3 825 834 826 159 166 166 255 
3 825 826 818 159 166 166 255 
3 827 826 835 159 166 166 255 
3 827 835 836 159 166 166 255 
3 836 746 745 159 166 166 255 
3 836 745 827 159 166 166 255 
3 756 755 757 159 166 166 255 
3 837 838 830 159 166 166 255 
3 837 830 829 159 166 166 255 
3 839 832 831 159 166 166 255 
3 839 831 840 159 166 166 255 
3 839 778 780 159 166 166 255 
3 839 780 832 159 166 166 255 
3 699 701 840 159 166 166 255 
3 699 840 831 159 166 166 255 
3 829 833 841 159 166 166 255 
3 829 841 837 159 166 166 255 
3 833 807 806 159 166 166 255 
3 833 806 841 159 166 166 255 
3 834 830 838 159 166 166 255 
3 834 838 842 159 166 166 255 
3 826 834 842 159 166 166 255 
3 826 842 835 159 166 166 255 
3 836 835 843 159 166 166 255 
3 836 843 844 159 166 166 255 
3 844 723 746 159 166 166 255 
3 844 746 836 159 166 166 255 
3 828 756 845 159 166 166 255 
3 828 845 846 159 166 166 255 
3 828 846 847 159 166 166 255 
3 828 847 848 159 166 166 255 
3 757 845 756 159 166 166 255 
3 849 838 837 159 166 166 255 
3 849 837 850 159 166 166 255 
3 840 851 852 159 166 166 255 
3 840 852 839 159 166 166 255 
3 778 839 852 159 166 166 255 
3 778 852 776 159 166 166 255 
3 851 840 701 159 166 166 255 
3 851 701 703 159 166 166 255 
3 850 837 841 159 166 166 255 
3 850 841 853 159 166 166 255 
3 806 782 853 159 166 166 255 
3 806 853 841 159 166 166 255 
3 838 849 854 159 166 166 255 
3 838 854 842 159 166 166 255 
3 835 842 854 159 166 166 255 
3 835 854 843 159 166 166 255 
3 843 855 856 159 166 166 255 
3 843 856 844 159 166 166 255 
3 723 844 856 159 166 166 255 
3 723 856 724 159 166 166 255 
3 757 846 845 159 166 166 255 
3 857 849 850 159 166 166 255 
3 857 850 858 159 166 166 255 
3 852 851 859 159 166 166 255 
3 852 859 860 159 166 166 255 
3 774 776 852 159 166 166 255 
3 774 852 860 159 166 166 255 
3 851 703 704 159 166 166 255 
3 851 704 859 159 166 166 255 
3 853 861 858 159 166 166 255 
3 853 858 850 159 166 166 255 
3 781 861 853 159 166 166 255 
3 781 853 782 159 166 166 255 
3 849 857 862 159 166 166 255 
3 849 862 854 159 166 166 255 
3 862 855 843 159 166 166 255 
3 862 843 854 159 166 166 255 
3 855 863 864 159 166 166 255 
3 855 864 856 159 166 166 255 
3 724 856 864 159 166 166 255 
3 724 864 725 159 166 166 255 
3 848 865 695 159 166 166 255 
3 848 695 697 159 166 166 255 
3 848 697 828 159 166 166 255 
3 757 847 846 159 166 166 255 
3 858 866 867 159 166 166 255 
3 858 867 857 159 166 166 255 
3 860 859 868 159 166 166 255 
3 860 868 869 159 166 166 255 
3 869 775 774 159 166 166 255 
3 869 774 860 159 166 166 255 
3 859 704 702 159 166 166 255 
3 859 702 868 159 166 166 255 
3 858 861 870 159 166 166 255 
3 858 870 866 159 166 166 255 
3 787 870 861 159 166 166 255 
3 787 861 781 159 166 166 255 
3 871 862 857 159 166 166 255 
3 871 857 867 159 166 166 255 
3 862 871 863 159 166 166 255 
3 862 863 855 159 166 166 255 
3 863 872 873 159 166 166 255 
3 863 873 864 159 166 166 255 
3 873 726 725 159 166 166 255 
3 873 725 864 159 166 166 255 
3 757 848 847 159 166 166 255 
3 867 866 874 159 166 166 255 
3 867 874 875 159 166 166 255 
3 869 868 876 159 166 166 255 
3 869 876 877 159 166 166 255 
3 775 869 877 159 166 166 255 
3 775 877 777 159 166 166 255 
3 702 700 876 159 166 166 255 
3 702 876 868 159 166 166 255 
3 866 870 878 159 166 166 255 
3 866 878 874 159 166 166 255 
3 786 878 870 159 166 166 255 
3 786 870 787 159 166 166 255 
3 867 875 879 159 166 166 255 
3 867 879 871 159 166 166 255 
3 871 879 872 159 166 166 255 
3 871 872 863 159 166 166 255 
3 873 872 880 159 166 166 255 
3 873 880 881 159 166 166 255 
3 726 873 881 159 166 166 255 
3 726 881 727 159 166 166 255 
3 865 848 882 159 166 166 255 
3 865 882 883 159 166 166 255 
3 865 883 884 159 166 166 255 
3 865 884 885 159 166 166 255 
3 757 882 848 159 166 166 255 
3 875 874 886 159 166 166 255 
3 875 886 887 159 166 166 255 
3 877 876 888 159 166 166 255 
3 877 888 889 159 166 166 255 
3 889 779 777 159 166 166 255 
3 889 777 877 159 166 166 255 
3 700 698 888 159 166 166 255 
3 700 888 876 159 166 166 255 
3 874 878 890 159 166 166 255 
3 874 890 886 159 166 166 255 
3 784 890 878 159 166 166 255 
3 784 878 786 159 166 166 255 
3 875 887 891 159 166 166 255 
3 875 891 879 159 166 166 255 
3 880 872 879 159 166 166 255 
3 880 879 891 159 166 166 255 
3 892 881 880 159 166 166 255 
3 892 880 893 159 166 166 255 
3 727 881 892 159 166 166 255 
3 727 892 728 159 166 166 255 
3 757 883 882 159 166 166 255 
3 894 887 886 159 166 166 255 
3 894 886 895 159 166 166 255 
3 889 888 896 159 166 166 255 
3 889 896 897 159 166 166 255 
3 779 889 897 159 166 166 255 
3 779 897 785 159 166 166 255 
3 696 896 888 159 166 166 255 
3 696 888 698 159 166 166 255 
3 886 890 898 159 166 166 255 
3 886 898 895 159 166 166 255 
3 898 890 784 159 166 166 255 
3 898 784 783 159 166 166 255 
3 894 899 891 159 166 166 255 
3 894 891 887 159 166 166 255 
3 893 880 891 159 166 166 255 
3 893 891 899 159 166 166 255 
3 892 893 900 159 166 166 255 
3 892 900 901 159 166 166 255 
3 901 729 728 159 166 166 255 
3 901 728 892 159 166 166 255 
3 721 695 865 159 166 166 255 
3 721 865 885 159 166 166 255 
3 721 885 902 159 166 166 255 
3 757 884 883 159 166 166 255 
3 895 903 904 159 166 166 255 
3 895 904 894 159 166 166 255 
3 897 896 905 159 166 166 255 
3 897 905 906 159 166 166 255 
3 785 897 906 159 166 166 255 
3 785 906 792 159 166 166 255 
3 696 694 905 159 166 166 255 
3 696 905 896 159 166 166 255 
3 895 898 907 159 166 166 255 
3 895 907 903 159 166 166 255 
3 783 791 907 159 166 166 255 
3 783 907 898 159 166 166 255 
3 899 894 904 159 166 166 255 
3 899 904 908 159 166 166 255 
3 893 899 908 159 166 166 255 
3 893 908 900 159 166 166 255 
3 909 901 900 159 166 166 255 
3 909 900 910 159 166 166 255 
3 729 901 909 159 166 166 255 
3 729 909 730 159 166 166 255 
3 757 885 884 159 166 166 255 
3 911 912 904 159 166 166 255 
3 911 904 903 159 166 166 255 
3 913 914 906 159 166 166 255 
3 913 906 905 159 166 166 255 
3 792 906 914 159 166 166 255 
3 792 914 790 159 166 166 255 
3 694 693 913 159 166 166 255 
3 694 913 905 159 166 166 255 
3 907 915 911 159 166 166 255 
3 907 911 903 159 166 166 255 
3 915 907 791 159 166 166 255 
3 915 791 789 159 166 166 255 
3 904 912 916 159 166 166 255 
3 904 916 908 159 166 166 255 
3 900 908 916 159 166 166 255 
3 900 916 910 159 166 166 255 
3 910 917 918 159 166 166 255 
3 910 918 909 159 166 166 255 
3 730 909 918 159 166 166 255 
3 730 918 731 159 166 166 255 
3 902 885 919 159 166 166 255 
3 902 919 920 159 166 166 255 
3 902 920 921 159 166 166 255 
3 902 921 922 159 166 166 255 
3 757 919 885 159 166 166 255 
3 923 912 911 159 166 166 255 
3 923 911 924 159 166 166 255 
3 914 913 925 159 166 166 255 
3 914 925 926 159 166 166 255 
3 790 914 926 159 166 166 255 
3 790 926 793 159 166 166 255 
3 693 720 925 159 166 166 255 
3 693 925 913 159 166 166 255 
3 911 915 927 159 166 166 255 
3 911 927 924 159 166 166 255 
3 788 927 915 159 166 166 255 
3 788 915 789 159 166 166 255 
3 928 916 912 159 166 166 255 
3 928 912 923 159 166 166 255 
3 910 916 928 159 166 166 255 
3 910 928 917 159 166 166 255 
3 918 917 929 159 166 166 255 
3 918 929 930 159 166 166 255 
3 930 732 731 159 166 166 255 
3 930 731 918 159 166 166 255 
3 757 920 919 159 166 166 255 
3 923 924 931 159 166 166 255 
3 923 931 932 159 166 166 255 
3 926 925 933 159 166 166 255 
3 926 933 934 159 166 166 255 
3 934 794 793 159 166 166 255 
3 934 793 926 159 166 166 255 
3 720 722 933 159 166 166 255 
3 720 933 925 159 166 166 255 
3 924 927 935 159 166 166 255 
3 924 935 931 159 166 166 255 
3 927 788 796 159 166 166 255 
3 927 796 935 159 166 166 255 
3 932 936 928 159 166 166 255 
3 932 928 923 159 166 166 255 
3 928 936 929 159 166 166 255 
3 928 929 917 159 166 166 255 
3 937 938 930 159 166 166 255 
3 937 930 929 159 166 166 255 
3 938 733 732 159 166 166 255 
3 938 732 930 159 166 166 255 
3 721 902 922 159 166 166 255 
3 721 922 939 159 166 166 255 
3 721 939 715 159 166 166 255 
3 920 757 921 159 166 166 255 
3 932 931 940 159 166 166 255 
3 932 940 941 159 166 166 255 
3 942 934 933 159 166 166 255 
3 942 933 943 159 166 166 255 
3 794 934 942 159 166 166 255 
3 794 942 803 159 166 166 255 
3 722 713 943 159 166 166 255 
3 722 943 933 159 166 166 255 
3 944 940 931 159 166 166 255 
3 944 931 935 159 166 166 255 
3 935 796 795 159 166 166 255 
3 935 795 944 159 166 166 255 
3 945 936 932 159 166 166 255 
3 945 932 941 159 166 166 255 
3 936 945 937 159 166 166 255 
3 936 937 929 159 166 166 255 
3 938 937 946 159 166 166 255 
3 938 946 947 159 166 166 255 
3 733 938 947 159 166 166 255 
3 733 947 734 159 166 166 255 
3 921 757 922 159 166 166 255 
3 948 941 940 159 166 166 255 
3 948 940 949 159 166 166 255 
3 943 950 951 159 166 166 255 
3 943 951 942 159 166 166 255 
3 951 817 803 159 166 166 255 
3 951 803 942 159 166 166 255 
3 713 711 950 159 166 166 255 
3 713 950 943 159 166 166 255 
3 940 944 952 159 166 166 255 
3 940 952 949 159 166 166 255 
3 952 944 795 159 166 166 255 
3 952 795 805 159 166 166 255 
3 941 948 953 159 166 166 255 
3 941 953 945 159 166 166 255 
3 946 937 945 159 166 166 255 
3 946 945 953 159 166 166 255 
3 954 955 947 159 166 166 255 
3 954 947 946 159 166 166 255 
3 955 735 734 159 166 166 255 
3 955 734 947 159 166 166 255 
3 939 922 956 159 166 166 255 
3 939 956 957 159 166 166 255 
3 939 957 958 159 166 166 255 
3 939 958 959 159 166 166 255 
3 757 956 922 159 166 166 255 
3 960 948 949 159 166 166 255 
3 960 949 961 159 166 166 255 
3 951 950 962 159 166 166 255 
3 951 962 963 159 166 166 255 
3 817 951 963 159 166 166 255 
3 817 963 815 159 166 166 255 
3 711 709 962 159 166 166 255 
3 711 962 950 159 166 166 255 
3 952 964 961 159 166 166 255 
3 952 961 949 159 166 166 255 
3 805 804 964 159 166 166 255 
3 805 964 952 159 166 166 255 
3 965 953 948 159 166 166 255 
3 965 948 960 159 166 166 255 
3 954 946 953 159 166 166 255 
3 954 953 965 159 166 166 255 
3 955 954 966 159 166 166 255 
3 955 966 967 159 166 166 255 
3 967 736 735 159 166 166 255 
3 967 735 955 159 166 166 255 
3 956 757 957 159 166 166 255 
3 968 960 961 159 166 166 255 
3 968 961 969 159 166 166 255 
3 962 970 971 159 166 166 255 
3 962 971 963 159 166 166 255 
3 813 815 963 159 166 166 255 
3 813 963 971 159 166 166 255 
3 962 709 708 159 166 166 255 
3 962 708 970 159 166 166 255 
3 969 961 964 159 166 166 255 
3 969 964 972 159 166 166 255 
3 964 804 802 159 166 166 255 
3 964 802 972 159 166 166 255 
3 973 965 960 159 166 166 255 
3 973 960 968 159 166 166 255 
3 965 973 966 159 166 166 255 
3 965 966 954 159 166 166 255 
3 974 975 967 159 166 166 255 
3 974 967 966 159 166 166 255 
3 975 737 736 159 166 166 255 
3 975 736 967 159 166 166 255 
3 715 939 959 159 166 166 255 
3 715 959 976 159 166 166 255 
3 715 976 717 159 166 166 255 
3 957 757 958 159 166 166 255 
3 977 968 969 159 166 166 255 
3 977 969 978 159 166 166 255 
3 971 970 979 159 166 166 255 
3 971 979 980 159 166 166 255 
3 980 814 813 159 166 166 255 
3 980 813 971 159 166 166 255 
3 979 970 708 159 166 166 255 
3 979 708 710 159 166 166 255 
3 981 978 969 159 166 166 255 
3 981 969 972 159 166 166 255 
3 972 802 800 159 166 166 255 
3 972 800 981 159 166 166 255 
3 977 982 973 159 166 166 255 
3 977 973 968 159 166 166 255 
3 974 966 973 159 166 166 255 
3 974 973 982 159 166 166 255 
3 975 974 983 159 166 166 255 
3 975 983 984 159 166 166 255 
3 737 975 984 159 166 166 255 
3 737 984 738 159 166 166 255 
3 958 757 959 159 166 166 255 
3 985 986 977 159 166 166 255 
3 985 977 978 159 166 166 255 
3 980 979 987 159 166 166 255 
3 980 987 988 159 166 166 255 
3 814 980 988 159 166 166 255 
3 814 988 816 159 166 166 255 
3 710 712 987 159 166 166 255 
3 710 987 979 159 166 166 255 
3 978 981 989 159 166 166 255 
3 978 989 985 159 166 166 255 
3 800 798 989 159 166 166 255 
3 800 989 981 159 166 166 255 
3 982 977 986 159 166 166 255 
3 982 986 990 159 166 166 255 
3 982 990 983 159 166 166 255 
3 982 983 974 159 166 166 255 
3 984 983 991 159 166 166 255 
3 984 991 992 159 166 166 255 
3 992 739 738 159 166 166 255 
3 992 738 984 159 166 166 255 
3 976 959 993 159 166 166 255 
3 976 993 994 159 166 166 255 
3 976 994 995 159 166 166 255 
3 976 995 752 159 166 166 255 
3 757 993 959 159 166 166 255 
3 996 986 985 159 166 166 255 
3 996 985 997 159 166 166 255 
3 988 987 998 159 166 166 255 
3 988 998 999 159 166 166 255 
3 999 801 816 159 166 166 255 
3 999 816 988 159 166 166 255 
3 712 714 998 159 166 166 255 
3 712 998 987 159 166 166 255 
3 985 989 1000 159 166 166 255 
3 985 1000 997 159 166 166 255 
3 989 798 797 159 166 166 255 
3 989 797 1000 159 166 166 255 
3 1001 990 986 159 166 166 255 
3 1001 986 996 159 166 166 255 
3 1001 991 983 159 166 166 255 
3 1001 983 990 159 166 166 255 
3 991 1002 1003 159 166 166 255 
3 991 1003 992 159 166 166 255 
3 739 992 1003 159 166 166 255 
3 739 1003 740 159 166 166 255 
3 757 994 993 159 166 166 255 
3 996 997 1004 159 166 166 255 
3 996 1004 1005 159 166 166 255 
3 998 1006 1007 159 166 166 255 
3 998 1007 999 159 166 166 255 
3 801 999 1007 159 166 166 255 
3 801 1007 799 159 166 166 255 
3 998 714 716 159 166 166 255 
3 998 716 1006 159 166 166 255 
3 1004 997 1000 159 166 166 255 
3 1004 1000 1008 159 166 166 255 
3 797 810 1008 159 166 166 255 
3 797 1008 1000 159 166 166 255 
3 996 1005 1009 159 166 166 255 
3 996 1009 1001 159 166 166 255 
3 1002 991 1001 159 166 166 255 
3 1002 1001 1009 159 166 166 255 
3 1003 1002 1010 159 166 166 255 
3 1003 1010 1011 159 166 166 255 
3 740 1003 1011 159 166 166 255 
3 740 1011 741 159 166 166 255 
3 707 717 976 159 166 166 255 
3 707 976 752 159 166 166 255 
3 707 752 751 159 166 166 255 
3 994 757 995 159 166 166 255 
3 1005 1004 1012 159 166 166 255 
3 1005 1012 1013 159 166 166 255 
3 1007 1006 1014 159 166 166 255 
3 1007 1014 1015 159 166 166 255 
3 799 1007 1015 159 166 166 255 
3 799 1015 811 159 166 166 255 
3 1014 1006 716 159 166 166 255 
3 1014 716 718 159 166 166 255 
3 1016 1012 1004 159 166 166 255 
3 1016 1004 1008 159 166 166 255 
3 1008 810 812 159 166 166 255 
3 1008 812 1016 159 166 166 255 
3 1005 1013 1017 159 166 166 255 
3 1005 1017 1009 159 166 166 255 
3 1010 1002 1009 159 166 166 255 
3 1010 1009 1017 159 166 166 255 
3 1011 1010 748 159 166 166 255 
3 1011 748 747 159 166 166 255 
3 741 1011 747 159 166 166 255 
3 741 747 742 159 166 166 255 
3 752 995 757 159 166 166 255 
3 759 1013 1012 159 166 166 255 
3 759 1012 760 159 166 166 255 
3 1015 1014 763 159 166 166 255 
3 1015 763 762 159 166 166 255 
3 811 1015 762 159 166 166 255 
3 811 762 766 159 166 166 255 
3 718 719 763 159 166 166 255 
3 718 763 1014 159 166 166 255 
3 1012 1016 768 159 166 166 255 
3 1012 768 760 159 166 166 255 
3 1016 812 770 159 166 166 255 
3 1016 770 768 159 166 166 255 
3 759 773 1017 159 166 166 255 
3 759 1017 1013 159 166 166 255 
3 748 1010 1017 159 166 166 255 
3 748 1017 773 159 166 166 255 
3 1018 1019 1020 159 166 166 255 
3 1020 1019 1021 159 166 166 255 
3 1020 1021 1022 159 166 166 255 
3 1022 1021 1023 159 166 166 255 
3 1022 1023 1024 159 166 166 255 
3 1024 1023 1025 159 166 166 255 
3 1024 1025 1026 159 166 166 255 
3 1026 1025 1027 159 166 166 255 
3 1026 1027 1028 159 166 166 255 
3 1028 1027 1029 159 166 166 255 
3 1028 1029 1030 159 166 166 255 
3 1030 1029 1031 159 166 166 255 
3 1030 1031 1032 159 166 166 255 
3 1032 1031 1033 159 166 166 255 
3 1032 1033 1034 159 166 166 255 
3 1034 1033 1035 159 166 166 255 
3 1034 1035 1036 159 166 166 255 
3 1036 1035 1037 159 166 166 255 
3 1036 1037 1038 159 166 166 255 
3 1038 1037 1039 159 166 166 255 
3 1038 1039 1040 159 166 166 255 
3 1040 1039 1041 159 166 166 255 
3 1040 1041 1042 159 166 166 255 
3 1042 1041 1043 159 166 166 255 
3 1042 1043 1044 159 166 166 255 
3 1044 1043 1045 159 166 166 255 
3 1044 1045 1046 159 166 166 255 
3 1046 1018 1047 159 166 166 255 
3 1046 1047 1048 159 166 166 255 
3 1046 1048 1049 159 166 166 255 
3 1046 1049 1050 159 166 166 255 
3 1046 1050 1051 159 166 166 255 
3 1046 1051 1052 159 166 166 255 
3 1046 1052 1044 159 166 166 255 
3 1018 1020 1053 159 166 166 255 
3 1018 1053 1054 159 166 166 255 
3 1018 1054 1055 159 166 166 255 
3 1018 1055 1056 159 166 166 255 
3 1018 1056 1057 159 166 166 255 
3 1018 1057 1047 159 166 166 255 
3 1045 1043 1058 159 166 166 255 
3 1045 1058 1059 159 166 166 255 
3 1045 1059 1060 159 166 166 255 
3 1045 1060 1061 159 166 166 255 
3 1045 1061 1062 159 166 166 255 
3 1045 1062 1063 159 166 166 255 
3 1045 1063 1064 159 166 166 255 
3 1064 1063 1065 159 166 166 255 
3 1064 1065 1066 159 166 166 255 
3 1064 1066 1067 159 166 166 255 
3 1064 1067 1068 159 166 166 255 
3 1064 1068 1069 159 166 166 255 
3 1064 1069 1019 159 166 166 255 
3 1064 1019 1018 159 166 166 255 
3 1070 1071 1072 159 166 166 255 
3 1070 1072 1073 159 166 166 255 
3 1070 1073 1074 159 166 166 255 
3 1070 1074 1075 159 166 166 255 
3 1070 1075 1076 159 166 166 255 
3 1070 1076 1077 159 166 166 255 
3 1070 1077 1078 159 166 166 255 
3 1070 1078 1079 159 166 166 255 
3 1070 1079 1080 159 166 166 255 
3 1081 1080 1082 159 166 166 255 
3 1081 1082 1083 159 166 166 255 
3 1081 1083 1084 159 166 166 255 
3 1081 1084 1085 159 166 166 255 
3 1081 1085 1086 159 166 166 255 
3 1082 1080 1079 159 166 166 255 
3 1087 1088 1089 159 166 166 255 
3 1087 1089 1090 159 166 166 255 
3 1087 1090 1091 159 166 166 255 
3 1087 1091 1092 159 166 166 255 
3 1087 1092 1093 159 166 166 255 
3 1087 1093 1094 159 166 166 255 
3 1087 1094 1095 159 166 166 255 
3 1087 1095 1096 159 166 166 255 
3 1087 1096 1097 159 166 166 255 
3 1088 1098 1099 159 166 166 255 
3 1088 1099 1100 159 166 166 255 
3 1088 1100 1101 159 166 166 255 
3 1088 1101 1102 159 166 166 255 
3 1088 1102 1103 159 166 166 255 
3 1088 1103 1089 159 166 166 255 
3 1087 1097 1104 159 166 166 255 
3 1087 1104 1105 159 166 166 255 
3 1087 1105 1106 159 166 166 255 
3 1080 1081 1107 159 166 166 255 
3 1080 1107 1108 159 166 166 255 
3 1080 1108 1109 159 166 166 255 
3 1098 1088 1110 159 166 166 255 
3 1098 1110 1111 159 166 166 255 
3 1098 1111 1112 159 166 166 255 
3 1071 1070 1113 159 166 166 255 
3 1071 1113 1114 159 166 166 255 
3 1071 1114 1115 159 166 166 255 
3 1116 1117 1118 159 166 166 255 
3 1116 1118 1119 159 166 166 255 
3 1120 1121 1122 159 166 166 255 
3 1120 1122 1123 159 166 166 255 
3 1117 1115 1114 159 166 166 255 
3 1117 1114 1124 159 166 166 255 
3 1117 1124 1118 159 166 166 255 
3 1122 1121 1112 159 166 166 255 
3 1122 1112 1111 159 166 166 255 
3 1122 1111 1125 159 166 166 255 
3 1104 1116 1119 159 166 166 255 
3 1104 1119 1126 159 166 166 255 
3 1104 1126 1105 159 166 166 255 
3 1127 1108 1107 159 166 166 255 
3 1127 1107 1120 159 166 166 255 
3 1127 1120 1123 159 166 166 255 
3 1114 1113 1109 159 166 166 255 
3 1114 1109 1108 159 166 166 255 
3 1114 1108 1128 159 166 166 255 
3 1114 1128 1129 159 166 166 255 
3 1046 1045 1130 159 166 166 255 
3 1046 1130 1131 159 166 166 255 
3 1064 1018 1129 159 166 166 255 
3 1064 1129 1128 159 166 166 255 
3 1111 1110 1106 159 166 166 255 
3 1111 1106 1105 159 166 166 255 
3 1111 1105 1131 159 166 166 255 
3 1111 1131 1130 159 166 166 255 
3 1070 1080 1109 159 166 166 255 
3 1070 1109 1113 159 166 166 255 
3 1088 1087 1106 159 166 166 255 
3 1088 1106 1110 159 166 166 255 
3 1018 1046 1131 159 166 166 255 
3 1018 1131 1129 159 166 166 255 
3 1045 1064 1128 159 166 166 255 
3 1045 1128 1130 159 166 166 255 
3 1124 1114 1129 159 166 166 255 
3 1124 1129 1131 159 166 166 255 
3 1124 1131 1105 159 166 166 255 
3 1124 1105 1126 159 166 166 255 
3 1130 1128 1108 159 166 166 255 
3 1130 1108 1127 159 166 166 255 
3 1130 1127 1125 159 166 166 255 
3 1130 1125 1111 159 166 166 255 
3 1119 1118 1124 159 166 166 255 
3 1119 1124 1126 159 166 166 255 
3 1122 1125 1127 159 166 166 255 
3 1122 1127 1123 159 166 166 255 
3 1132 1133 1134 159 166 166 255 
3 1132 1134 1135 159 166 166 255 
3 1133 1096 1095 159 166 166 255 
3 1133 1095 1134 159 166 166 255 
3 1072 1132 1135 159 166 166 255 
3 1072 1135 1073 159 166 166 255 
3 1097 1096 1104 159 166 166 255 
3 1104 1096 1133 159 166 166 255 
3 1104 1133 1116 159 166 166 255 
3 1116 1133 1136 159 166 166 255 
3 1116 1136 1137 159 166 166 255 
3 1133 1132 1138 159 166 166 255 
3 1133 1138 1139 159 166 166 255 
3 1133 1139 1140 159 166 166 255 
3 1133 1140 1141 159 166 166 255 
3 1133 1141 1142 159 166 166 255 
3 1133 1142 1143 159 166 166 255 
3 1133 1143 1144 159 166 166 255 
3 1133 1144 1136 159 166 166 255 
3 1132 1072 1115 159 166 166 255 
3 1132 1115 1117 159 166 166 255 
3 1132 1117 1145 159 166 166 255 
3 1132 1145 1146 159 166 166 255 
3 1132 1146 1147 159 166 166 255 
3 1132 1147 1148 159 166 166 255 
3 1132 1148 1149 159 166 166 255 
3 1132 1149 1150 159 166 166 255 
3 1132 1150 1151 159 166 166 255 
3 1132 1151 1138 159 166 166 255 
3 1116 1137 1152 159 166 166 255 
3 1116 1152 1153 159 166 166 255 
3 1116 1153 1154 159 166 166 255 
3 1116 1154 1155 159 166 166 255 
3 1116 1155 1156 159 166 166 255 
3 1116 1156 1157 159 166 166 255 
3 1116 1157 1158 159 166 166 255 
3 1116 1158 1117 159 166 166 255 
3 1159 1145 1117 159 166 166 255 
3 1159 1117 1158 159 166 166 255 
3 1115 1072 1071 159 166 166 255 
3 1160 1148 1147 159 166 166 255 
3 1160 1147 1161 159 166 166 255 
3 1148 1160 1162 159 166 166 255 
3 1148 1162 1149 159 166 166 255 
3 1149 1162 1163 159 166 166 255 
3 1149 1163 1150 159 166 166 255 
3 1164 1151 1150 159 166 166 255 
3 1164 1150 1163 159 166 166 255 
3 1151 1164 1165 159 166 166 255 
3 1151 1165 1138 159 166 166 255 
3 1166 1139 1138 159 166 166 255 
3 1166 1138 1165 159 166 166 255 
3 1139 1166 1167 159 166 166 255 
3 1139 1167 1140 159 166 166 255 
3 1140 1167 1168 159 166 166 255 
3 1140 1168 1141 159 166 166 255 
3 1169 1142 1141 159 166 166 255 
3 1169 1141 1168 159 166 166 255 
3 1142 1169 1170 159 166 166 255 
3 1142 1170 1143 159 166 166 255 
3 1171 1144 1143 159 166 166 255 
3 1171 1143 1170 159 166 166 255 
3 1172 1136 1144 159 166 166 255 
3 1172 1144 1171 159 166 166 255 
3 1136 1172 1173 159 166 166 255 
3 1136 1173 1137 159 166 166 255 
3 1174 1152 1137 159 166 166 255 
3 1174 1137 1173 159 166 166 255 
3 1174 1175 1153 159 166 166 255 
3 1174 1153 1152 159 166 166 255 
3 1153 1175 1176 159 166 166 255 
3 1153 1176 1154 159 166 166 255 
3 1177 1155 1154 159 166 166 255 
3 1177 1154 1176 159 166 166 255 
3 1155 1177 1178 159 166 166 255 
3 1155 1178 1156 159 166 166 255 
3 1179 1157 1156 159 166 166 255 
3 1179 1156 1178 159 166 166 255 
3 1157 1179 1180 159 166 166 255 
3 1157 1180 1158 159 166 166 255 
3 1181 1159 1158 159 166 166 255 
3 1181 1158 1180 159 166 166 255 
3 1182 1145 1159 159 166 166 255 
3 1182 1159 1181 159 166 166 255 
3 1145 1182 1183 159 166 166 255 
3 1145 1183 1146 159 166 166 255 
3 1146 1183 1161 159 166 166 255 
3 1146 1161 1147 159 166 166 255 
3 1184 1135 1134 159 166 166 255 
3 1184 1134 1185 159 166 166 255 
3 1095 1094 1185 159 166 166 255 
3 1095 1185 1134 159 166 166 255 
3 1135 1184 1074 159 166 166 255 
3 1135 1074 1073 159 166 166 255 
3 1051 1186 1187 159 166 166 255 
3 1051 1187 1052 159 166 166 255 
3 1050 1188 1186 159 166 166 255 
3 1050 1186 1051 159 166 166 255 
3 1188 1050 1049 159 166 166 255 
3 1188 1049 1189 159 166 166 255 
3 1048 1190 1189 159 166 166 255 
3 1048 1189 1049 159 166 166 255 
3 1190 1048 1047 159 166 166 255 
3 1190 1047 1191 159 166 166 255 
3 1057 1192 1191 159 166 166 255 
3 1057 1191 1047 159 166 166 255 
3 1056 1193 1192 159 166 166 255 
3 1056 1192 1057 159 166 166 255 
3 1193 1056 1055 159 166 166 255 
3 1193 1055 1194 159 166 166 255 
3 1195 1194 1055 159 166 166 255 
3 1195 1055 1054 159 166 166 255 
3 1195 1054 1053 159 166 166 255 
3 1195 1053 1196 159 166 166 255 
3 1185 1197 1198 159 166 166 255 
3 1185 1198 1184 159 166 166 255 
3 1184 1198 1075 159 166 166 255 
3 1184 1075 1074 159 166 166 255 
3 1094 1093 1197 159 166 166 255 
3 1094 1197 1185 159 166 166 255 
3 1022 1199 1200 159 166 166 255 
3 1022 1200 1020 159 166 166 255 
3 1201 1187 1202 159 166 166 255 
3 1202 1187 1186 159 166 166 255 
3 1202 1186 1203 159 166 166 255 
3 1203 1186 1188 159 166 166 255 
3 1203 1188 1204 159 166 166 255 
3 1204 1188 1172 159 166 166 255 
3 1204 1172 1171 159 166 166 255 
3 1176 1175 1189 159 166 166 255 
3 1189 1175 1174 159 166 166 255 
3 1189 1174 1188 159 166 166 255 
3 1188 1174 1173 159 166 166 255 
3 1188 1173 1172 159 166 166 255 
3 1179 1178 1191 159 166 166 255 
3 1191 1178 1177 159 166 166 255 
3 1191 1177 1190 159 166 166 255 
3 1190 1177 1176 159 166 166 255 
3 1190 1176 1189 159 166 166 255 
3 1192 1193 1181 159 166 166 255 
3 1192 1181 1180 159 166 166 255 
3 1192 1180 1179 159 166 166 255 
3 1192 1179 1191 159 166 166 255 
3 1193 1194 1161 159 166 166 255 
3 1193 1161 1183 159 166 166 255 
3 1193 1183 1182 159 166 166 255 
3 1193 1182 1181 159 166 166 255 
3 1170 1169 1205 159 166 166 255 
3 1170 1205 1204 159 166 166 255 
3 1170 1204 1171 159 166 166 255 
3 1168 1167 1206 159 166 166 255 
3 1168 1206 1205 159 166 166 255 
3 1168 1205 1169 159 166 166 255 
3 1164 1207 1165 159 166 166 255 
3 1165 1207 1208 159 166 166 255 
3 1165 1208 1166 159 166 166 255 
3 1166 1208 1206 159 166 166 255 
3 1166 1206 1167 159 166 166 255 
3 1163 1162 1209 159 166 166 255 
3 1163 1209 1207 159 166 166 255 
3 1163 1207 1164 159 166 166 255 
3 1209 1162 1160 159 166 166 255 
3 1209 1160 1161 159 166 166 255 
3 1209 1161 1194 159 166 166 255 
3 1209 1194 1210 159 166 166 255 
3 1200 1199 1196 159 166 166 255 
3 1196 1199 1211 159 166 166 255 
3 1196 1211 1195 159 166 166 255 
3 1195 1211 1210 159 166 166 255 
3 1195 1210 1194 159 166 166 255 
3 1199 1022 1024 159 166 166 255 
3 1199 1024 1211 159 166 166 255 
3 1026 1210 1211 159 166 166 255 
3 1026 1211 1024 159 166 166 255 
3 1210 1026 1028 159 166 166 255 
3 1210 1028 1209 159 166 166 255 
3 1209 1028 1030 159 166 166 255 
3 1209 1030 1207 159 166 166 255 
3 1208 1207 1030 159 166 166 255 
3 1208 1030 1032 159 166 166 255 
3 1034 1206 1208 159 166 166 255 
3 1034 1208 1032 159 166 166 255 
3 1036 1205 1206 159 166 166 255 
3 1036 1206 1034 159 166 166 255 
3 1038 1204 1205 159 166 166 255 
3 1038 1205 1036 159 166 166 255 
3 1040 1203 1204 159 166 166 255 
3 1040 1204 1038 159 166 166 255 
3 1203 1040 1042 159 166 166 255 
3 1203 1042 1202 159 166 166 255 
3 1202 1042 1044 159 166 166 255 
3 1202 1044 1201 159 166 166 255 
3 1052 1187 1201 159 166 166 255 
3 1052 1201 1044 159 166 166 255 
3 1020 1200 1196 159 166 166 255 
3 1020 1196 1053 159 166 166 255 
3 1212 1198 1197 159 166 166 255 
3 1212 1197 1213 159 166 166 255 
3 1075 1198 1212 159 166 166 255 
3 1075 1212 1076 159 166 166 255 
3 1093 1092 1213 159 166 166 255 
3 1093 1213 1197 159 166 166 255 
3 1214 1212 1213 159 166 166 255 
3 1214 1213 1215 159 166 166 255 
3 1077 1076 1212 159 166 166 255 
3 1077 1212 1214 159 166 166 255 
3 1092 1091 1215 159 166 166 255 
3 1092 1215 1213 159 166 166 255 
3 1214 1215 1216 159 166 166 255 
3 1214 1216 1217 159 166 166 255 
3 1078 1077 1214 159 166 166 255 
3 1078 1214 1217 159 166 166 255 
3 1091 1090 1216 159 166 166 255 
3 1091 1216 1215 159 166 166 255 
3 1216 1218 1219 159 166 166 255 
3 1216 1219 1217 159 166 166 255 
3 1218 1216 1090 159 166 166 255 
3 1218 1090 1089 159 166 166 255 
3 1217 1219 1079 159 166 166 255 
3 1217 1079 1078 159 166 166 255 
3 1219 1218 1220 159 166 166 255 
3 1219 1220 1221 159 166 166 255 
3 1079 1219 1221 159 166 166 255 
3 1079 1221 1082 159 166 166 255 
3 1089 1103 1220 159 166 166 255 
3 1089 1220 1218 159 166 166 255 
3 1220 1222 1223 159 166 166 255 
3 1220 1223 1221 159 166 166 255 
3 1221 1223 1083 159 166 166 255 
3 1221 1083 1082 159 166 166 255 
3 1103 1102 1222 159 166 166 255 
3 1103 1222 1220 159 166 166 255 
3 1224 1225 1043 159 166 166 255 
3 1224 1043 1041 159 166 166 255 
3 1039 1226 1224 159 166 166 255 
3 1039 1224 1041 159 166 166 255 
3 1226 1039 1037 159 166 166 255 
3 1226 1037 1227 159 166 166 255 
3 1227 1037 1035 159 166 166 255 
3 1227 1035 1228 159 166 166 255 
3 1228 1035 1033 159 166 166 255 
3 1228 1033 1229 159 166 166 255 
3 1229 1033 1031 159 166 166 255 
3 1229 1031 1230 159 166 166 255 
3 1029 1231 1230 159 166 166 255 
3 1029 1230 1031 159 166 166 255 
3 1027 1232 1231 159 166 166 255 
3 1027 1231 1029 159 166 166 255 
3 1232 1027 1025 159 166 166 255 
3 1232 1025 1233 159 166 166 255 
3 1233 1025 1023 159 166 166 255 
3 1233 1023 1234 159 166 166 255 
3 1021 1235 1234 159 166 166 255 
3 1021 1234 1023 159 166 166 255 
3 1235 1021 1019 159 166 166 255 
3 1235 1019 1236 159 166 166 255 
3 1237 1238 1223 159 166 166 255 
3 1237 1223 1222 159 166 166 255 
3 1102 1101 1237 159 166 166 255 
3 1102 1237 1222 159 166 166 255 
3 1238 1084 1083 159 166 166 255 
3 1238 1083 1223 159 166 166 255 
3 1239 1236 1019 159 166 166 255 
3 1239 1019 1069 159 166 166 255 
3 1240 1241 1242 159 166 166 255 
3 1240 1242 1243 159 166 166 255 
3 1244 1239 1069 159 166 166 255 
3 1244 1069 1068 159 166 166 255 
3 1245 1246 1241 159 166 166 255 
3 1245 1241 1240 159 166 166 255 
3 1067 1247 1244 159 166 166 255 
3 1067 1244 1068 159 166 166 255 
3 1246 1245 1248 159 166 166 255 
3 1246 1248 1249 159 166 166 255 
3 1247 1067 1066 159 166 166 255 
3 1247 1066 1250 159 166 166 255 
3 1065 1251 1250 159 166 166 255 
3 1065 1250 1066 159 166 166 255 
3 1251 1065 1063 159 166 166 255 
3 1251 1063 1252 159 166 166 255 
3 1252 1063 1062 159 166 166 255 
3 1252 1062 1253 159 166 166 255 
3 1253 1062 1061 159 166 166 255 
3 1253 1061 1254 159 166 166 255 
3 1060 1255 1254 159 166 166 255 
3 1060 1254 1061 159 166 166 255 
3 1255 1060 1059 159 166 166 255 
3 1255 1059 1256 159 166 166 255 
3 1257 1258 1259 159 166 166 255 
3 1257 1259 1260 159 166 166 255 
3 1225 1224 1261 159 166 166 255 
3 1261 1224 1226 159 166 166 255 
3 1261 1226 1256 159 166 166 255 
3 1256 1226 1227 159 166 166 255 
3 1256 1227 1255 159 166 166 255 
3 1255 1227 1262 159 166 166 255 
3 1255 1262 1263 159 166 166 255 
3 1264 1265 1228 159 166 166 255 
3 1228 1265 1266 159 166 166 255 
3 1228 1266 1227 159 166 166 255 
3 1227 1266 1267 159 166 166 255 
3 1227 1267 1262 159 166 166 255 
3 1268 1269 1230 159 166 166 255 
3 1230 1269 1270 159 166 166 255 
3 1230 1270 1229 159 166 166 255 
3 1229 1270 1264 159 166 166 255 
3 1229 1264 1228 159 166 166 255 
3 1231 1232 1271 159 166 166 255 
3 1231 1271 1272 159 166 166 255 
3 1231 1272 1268 159 166 166 255 
3 1231 1268 1230 159 166 166 255 
3 1232 1233 1243 159 166 166 255 
3 1232 1243 1273 159 166 166 255 
3 1232 1273 1274 159 166 166 255 
3 1232 1274 1271 159 166 166 255 
3 1258 1257 1254 159 166 166 255 
3 1258 1254 1255 159 166 166 255 
3 1258 1255 1263 159 166 166 255 
3 1275 1276 1253 159 166 166 255 
3 1275 1253 1254 159 166 166 255 
3 1275 1254 1257 159 166 166 255 
3 1277 1251 1278 159 166 166 255 
3 1278 1251 1252 159 166 166 255 
3 1278 1252 1279 159 166 166 255 
3 1279 1252 1253 159 166 166 255 
3 1279 1253 1276 159 166 166 255 
3 1248 1245 1250 159 166 166 255 
3 1248 1250 1251 159 166 166 255 
3 1248 1251 1277 159 166 166 255 
3 1250 1245 1240 159 166 166 255 
3 1250 1240 1243 159 166 166 255 
3 1250 1243 1233 159 166 166 255 
3 1250 1233 1247 159 166 166 255 
3 1236 1239 1235 159 166 166 255 
3 1235 1239 1244 159 166 166 255 
3 1235 1244 1234 159 166 166 255 
3 1234 1244 1247 159 166 166 255 
3 1234 1247 1233 159 166 166 255 
3 1263 1280 1259 159 166 166 255 
3 1263 1259 1258 159 166 166 255 
3 1256 1059 1058 159 166 166 255 
3 1256 1058 1261 159 166 166 255 
3 1262 1281 1280 159 166 166 255 
3 1262 1280 1263 159 166 166 255 
3 1225 1261 1058 159 166 166 255 
3 1225 1058 1043 159 166 166 255 
3 1281 1262 1267 159 166 166 255 
3 1281 1267 1282 159 166 166 255 
3 1282 1267 1266 159 166 166 255 
3 1282 1266 1283 159 166 166 255 
3 1265 1284 1283 159 166 166 255 
3 1265 1283 1266 159 166 166 255 
3 1284 1265 1264 159 166 166 255 
3 1284 1264 1285 159 166 166 255 
3 1270 1286 1285 159 166 166 255 
3 1270 1285 1264 159 166 166 255 
3 1269 1287 1286 159 166 166 255 
3 1269 1286 1270 159 166 166 255 
3 1287 1269 1268 159 166 166 255 
3 1287 1268 1288 159 166 166 255 
3 1272 1289 1288 159 166 166 255 
3 1272 1288 1268 159 166 166 255 
3 1289 1272 1271 159 166 166 255 
3 1289 1271 1290 159 166 166 255 
3 1290 1271 1274 159 166 166 255 
3 1290 1274 1291 159 166 166 255 
3 1273 1292 1291 159 166 166 255 
3 1273 1291 1274 159 166 166 255 
3 1292 1273 1243 159 166 166 255 
3 1292 1243 1242 159 166 166 255 
3 1237 1293 1294 159 166 166 255 
3 1237 1294 1238 159 166 166 255 
3 1237 1101 1100 159 166 166 255 
3 1237 1100 1293 159 166 166 255 
3 1085 1084 1238 159 166 166 255 
3 1085 1238 1294 159 166 166 255 
3 1277 1295 1249 159 166 166 255 
3 1277 1249 1248 159 166 166 255 
3 1295 1277 1278 159 166 166 255 
3 1295 1278 1296 159 166 166 255 
3 1296 1278 1279 159 166 166 255 
3 1296 1279 1297 159 166 166 255 
3 1276 1298 1297 159 166 166 255 
3 1276 1297 1279 159 166 166 255 
3 1298 1276 1275 159 166 166 255 
3 1298 1275 1299 159 166 166 255 
3 1257 1260 1299 159 166 166 255 
3 1257 1299 1275 159 166 166 255 
3 1300 1301 1294 159 166 166 255 
3 1300 1294 1293 159 166 166 255 
3 1086 1085 1294 159 166 166 255 
3 1086 1294 1301 159 166 166 255 
3 1100 1099 1300 159 166 166 255 
3 1100 1300 1293 159 166 166 255 
3 1098 1112 1099 159 166 166 255 
3 1099 1112 1121 159 166 166 255 
3 1099 1121 1300 159 166 166 255 
3 1300 1121 1281 159 166 166 255 
3 1300 1281 1282 159 166 166 255 
3 1121 1120 1295 159 166 166 255 
3 1121 1295 1296 159 166 166 255 
3 1121 1296 1297 159 166 166 255 
3 1121 1297 1298 159 166 166 255 
3 1121 1298 1299 159 166 166 255 
3 1121 1299 1260 159 166 166 255 
3 1121 1260 1259 159 166 166 255 
3 1121 1259 1280 159 166 166 255 
3 1121 1280 1281 159 166 166 255 
3 1120 1107 1301 159 166 166 255 
3 1120 1301 1291 159 166 166 255 
3 1120 1291 1292 159 166 166 255 
3 1120 1292 1242 159 166 166 255 
3 1120 1242 1241 159 166 166 255 
3 1120 1241 1246 159 166 166 255 
3 1120 1246 1249 159 166 166 255 
3 1120 1249 1295 159 166 166 255 
3 1300 1282 1283 159 166 166 255 
3 1300 1283 1284 159 166 166 255 
3 1300 1284 1285 159 166 166 255 
3 1300 1285 1286 159 166 166 255 
3 1300 1286 1287 159 166 166 255 
3 1300 1287 1288 159 166 166 255 
3 1300 1288 1301 159 166 166 255 
3 1301 1288 1289 159 166 166 255 
3 1301 1289 1290 159 166 166 255 
3 1301 1290 1291 159 166 166 255 
3 1081 1086 1301 159 166 166 255 
3 1081 1301 1107 159 166 166 255 
