ply
format ascii 1.0
comment VCGLIB generated
element vertex 1821
property float x
property float y
property float z
property float nx
property float ny
property float nz
element face 3650
property list uchar int vertex_indices
property uchar red
property uchar green
property uchar blue
property uchar alpha
end_header
0 7.499999 5.000001 -4.712388 1.570797 1.570798 
0 16.5 5.000004 -2.68152 1.11072 2.356197 
0 2.999999 4.803801 -3.403459 1.557426 -2.697368 
0 4.242598 5.757401 -3.403271 2.202455 -2.202454 
0 5.196198 7.000001 -3.403457 2.697368 -1.557426 
0 5.795598 8.447101 -3.403414 3.008593 -0.8060992 
0 7.499996 18 -2.356186 2.681517 1.110721 
0 -16.5 -4e-06 -2.681517 -1.11072 -2.356182 
0 -16.5 4.999996 -2.68153 -1.110721 2.356194 
0 16.5 4e-06 -2.681517 1.110721 -2.356193 
0 -1e-06 4 -3.403338 9.611249e-07 -3.114727 
0 1.552899 4.204401 -3.403414 0.8060991 -3.008593 
0 5.999999 10 -3.403338 3.114727 9.313226e-07 
0 5.795597 11.5529 -3.403413 3.008593 0.8061001 
0 5.196197 13 -3.403457 2.697369 1.557426 
0 4.242597 14.2426 -3.403271 2.202455 2.202454 
0 2.999997 15.1962 -3.403459 1.557425 2.697369 
0 1.552896 15.7956 -3.403413 0.8060967 3.008594 
0 -4e-06 16 -3.403337 -5.215406e-08 3.114727 
0 -7.500004 18 -2.356209 -2.681517 1.11072 
0 -6.500004 19 -2.356194 -1.110721 2.681524 
0 6.499996 19 -2.356194 1.11072 2.681515 
0 -1.552904 15.7956 -3.403415 -0.8060989 3.008593 
0 -3.000003 15.1962 -3.403458 -1.557428 2.697367 
0 -4.242602 14.2426 -3.40327 -2.202455 2.202454 
0 -5.196202 13 -3.403458 -2.697368 1.557427 
0 -5.795602 11.5529 -3.403415 -3.008593 0.8060973 
0 -6.000001 9.999999 -3.403337 -3.114727 -9.685755e-07 
0 -5.795601 8.447099 -3.403416 -3.008593 -0.8060982 
0 -7.500001 4.999999 -4.712388 -1.570797 1.570794 
0 -5.196201 6.999999 -3.403458 -2.697368 -1.557427 
0 -4.242601 5.7574 -3.403271 -2.202454 -2.202455 
0 -3.000001 4.8038 -3.40346 -1.557426 -2.697368 
0 -1.552901 4.2044 -3.403415 -0.8060982 -3.008593 
32 -7.500001 4.999999 4.712388 -1.570797 1.570796 
32 -16.5 4.999996 2.68153 -1.110721 2.356194 
32 -3.000001 4.8038 3.40346 -1.557426 -2.697368 
32 -4.242601 5.7574 3.403271 -2.202454 -2.202455 
32 -5.196201 6.999999 3.403458 -2.697368 -1.557427 
32 -5.795601 8.447099 3.403414 -3.008593 -0.8060982 
32 -7.500002 15 2.356195 -2.681517 1.110721 
32 16.5 4e-06 2.681517 1.110721 -2.356192 
32 16.5 5.000004 2.68152 1.11072 2.356194 
32 -16.5 -4e-06 2.681517 -1.11072 -2.356187 
32 -1e-06 4 3.403339 9.387732e-07 -3.114727 
32 -1.552901 4.2044 3.403415 -0.8060982 -3.008593 
32 -5.196202 13 3.403458 -2.697368 1.557427 
32 -4.242602 14.2426 3.40327 -2.202455 2.202454 
32 -3.000003 15.1962 3.403458 -1.557428 2.697367 
32 -6.500002 16 2.356193 -1.110721 2.681517 
32 -1.552904 15.7956 3.403415 -0.8060988 3.008593 
32 -4e-06 16 0.2617448 -7.599592e-07 6.25632 
32 -6.000001 9.999999 3.403337 -3.114727 -9.685755e-07 
32 -5.795602 11.5529 3.403415 -3.008593 0.8060973 
32 1.552896 15.7956 3.403413 0.8060966 3.008594 
32 6.499998 16 2.356194 1.110721 2.681516 
32 2.999997 15.1962 3.403459 1.557425 2.697369 
32 7.499998 15 2.356194 2.681518 1.11072 
32 4.242597 14.2426 3.403271 2.202455 2.202454 
32 5.196197 13 3.403457 2.697369 1.557426 
32 5.795597 11.5529 3.403413 3.008593 0.8061001 
32 5.999999 10 3.403339 3.114727 9.536743e-07 
32 5.795598 8.447101 3.403415 3.008593 -0.8060992 
32 7.499999 5.000001 4.712388 1.570796 1.570798 
32 5.196198 7.000001 3.403457 2.697368 -1.557426 
32 4.242598 5.757401 3.403271 2.202455 -2.202454 
32 2.999999 4.803801 3.403459 1.557427 -2.697368 
32 1.552899 4.204401 3.403414 0.806099 -3.008593 
6 -9.750001 4.999999 -2.682209e-07 -3.114722 3.403365 
26 -9.750001 4.999999 0 -3.114721 3.403352 
6.7118 -9.843701 4.999999 -0.8061132 -3.008593 3.403385 
25.2882 -9.843701 4.999999 0.8061129 -3.008593 3.403395 
7.375 -10.1184 4.999999 -1.557493 -2.697315 3.403519 
24.625 -10.1184 4.999999 1.557492 -2.697315 3.40352 
7.944499 -10.5555 4.999998 -2.202473 -2.202477 3.403152 
24.0555 -10.5555 4.999998 2.202473 -2.202477 3.403154 
8.381599 -11.125 4.999998 -2.697315 -1.557492 3.403519 
23.6184 -11.125 4.999998 2.697315 -1.557493 3.403518 
8.656299 -11.7882 4.999998 -3.008593 -0.8061129 3.403396 
23.3437 -11.7882 4.999998 3.008592 -0.8061145 3.403397 
8.749999 -12.5 4.999998 -3.114721 5.960464e-08 3.403364 
23.25 -12.5 4.999998 3.114721 4.470348e-08 3.403364 
8.656299 -13.2118 4.999998 -3.008593 0.8061129 3.403395 
23.3437 -13.2118 4.999998 3.008592 0.8061147 3.403397 
8.381599 -13.875 4.999998 -2.697315 1.557492 3.403521 
23.6184 -13.875 4.999998 2.697315 1.557493 3.403518 
7.944499 -14.4445 4.999998 -2.202472 2.202471 3.403153 
24.0555 -14.4445 4.999998 2.202472 2.20247 3.403155 
7.375 -14.8816 4.999998 -1.557494 2.697314 3.403521 
24.625 -14.8816 4.999998 1.557492 2.697315 3.40352 
6.7118 -15.1563 4.999998 -0.8061132 3.008593 3.403395 
25.2882 -15.1563 4.999998 0.8061129 3.008593 3.403386 
6 -15.25 4.999998 -3.017485e-07 3.114717 3.403353 
26 -15.25 4.999998 4.470348e-08 3.114716 3.403365 
1 -17.5 4.999996 -1.110721 -2.681517 2.356194 
31 -17.5 4.999996 1.110721 -2.681517 2.356194 
28.3816 -11.125 4.999998 -2.697315 -1.557493 3.403518 
28.6563 -11.7882 4.999998 -3.008588 -0.8061129 3.403398 
28.75 -12.5 4.999998 -3.114719 2.365559e-07 3.403365 
28.6563 -13.2118 4.999998 -3.00859 0.8061144 3.403397 
28.3816 -13.875 4.999998 -2.697314 1.557492 3.403518 
27.9445 -14.4445 4.999998 -2.202471 2.202469 3.403156 
27.375 -14.8816 4.999998 -1.557492 2.697313 3.403521 
26.7118 -15.1563 4.999998 -0.8061124 3.00859 3.403397 
26.7118 -9.843701 4.999999 -0.8061129 -3.008593 3.403396 
27.375 -10.1184 4.999999 -1.557491 -2.697315 3.40352 
27.9445 -10.5555 4.999998 -2.202472 -2.202473 3.403155 
5.288199 -15.1563 4.999998 0.8061131 3.008589 3.403398 
4.625 -14.8816 4.999998 1.557493 2.697313 3.40352 
4.0555 -14.4445 4.999998 2.202471 2.202469 3.403155 
3.6184 -13.875 4.999998 2.697313 1.557493 3.403519 
3.3437 -13.2118 4.999998 3.008591 0.8061134 3.403398 
3.25 -12.5 4.999998 3.114719 1.639128e-07 3.403364 
3.3437 -11.7882 4.999998 3.008588 -0.8061119 3.403398 
3.6184 -11.125 4.999998 2.697314 -1.557494 3.403518 
4.0555 -10.5555 4.999998 2.202471 -2.202474 3.403154 
4.625 -10.1184 4.999999 1.557492 -2.697315 3.403519 
5.288199 -9.843701 4.999999 0.8061135 -3.008592 3.403396 
31 17.5 5.000004 1.110721 2.681517 2.356194 
6 15.25 5.000002 -2.160668e-07 -3.114726 3.403365 
26 15.25 5.000002 -4.470348e-08 -3.114726 3.403352 
6.7118 15.1563 5.000002 -0.8061132 -3.008593 3.403385 
25.2882 15.1563 5.000002 0.8061131 -3.008594 3.403395 
7.375 14.8816 5.000002 -1.557494 -2.697314 3.403519 
24.625 14.8816 5.000002 1.557492 -2.697315 3.40352 
7.944499 14.4445 5.000002 -2.202472 -2.20247 3.403152 
24.0555 14.4445 5.000002 2.202472 -2.20247 3.403154 
8.381599 13.875 5.000002 -2.697315 -1.557492 3.403519 
23.6184 13.875 5.000002 2.697315 -1.557493 3.403518 
8.656299 13.2118 5.000002 -3.008593 -0.8061131 3.403396 
23.3437 13.2118 5.000002 3.008592 -0.8061147 3.403397 
8.749999 12.5 5.000002 -3.114722 1.862645e-09 3.403364 
23.25 12.5 5.000002 3.114721 -2.235174e-08 3.403364 
8.656299 11.7882 5.000002 -3.008593 0.8061131 3.403395 
23.3437 11.7882 5.000002 3.008592 0.8061147 3.403397 
8.381599 11.125 5.000002 -2.697315 1.557492 3.403521 
23.6184 11.125 5.000002 2.697315 1.557493 3.403518 
7.944499 10.5555 5.000002 -2.202471 2.202464 3.403153 
24.0555 10.5555 5.000002 2.202471 2.202463 3.403155 
7.375 10.1184 5.000001 -1.557495 2.697314 3.403521 
24.625 10.1184 5.000001 1.557493 2.697315 3.40352 
6.7118 9.843699 5.000001 -0.8061132 3.008593 3.403395 
25.2882 9.843699 5.000001 0.8061129 3.008593 3.403386 
6 9.749999 5.000001 -2.980232e-07 3.114722 3.403353 
26 9.749999 5.000001 -4.470348e-08 3.114722 3.403365 
28.3816 13.875 5.000002 -2.697316 -1.557494 3.403518 
28.6563 13.2118 5.000002 -3.008589 -0.8061134 3.403397 
28.75 12.5 5.000002 -3.11472 1.490116e-07 3.403365 
28.6563 11.7882 5.000002 -3.008592 0.8061147 3.403397 
28.3816 11.125 5.000002 -2.697315 1.557493 3.403518 
27.9445 10.5555 5.000002 -2.202472 2.202466 3.403156 
27.375 10.1184 5.000001 -1.557494 2.697314 3.403521 
26.7118 9.843699 5.000001 -0.8061131 3.008593 3.403397 
26.7118 15.1563 5.000002 -0.8061135 -3.008596 3.403396 
27.375 14.8816 5.000002 -1.557493 -2.697317 3.40352 
27.9445 14.4445 5.000002 -2.202473 -2.202471 3.403154 
5.288199 9.843699 5.000001 0.8061137 3.008593 3.403397 
4.625 10.1184 5.000001 1.557495 2.697314 3.40352 
4.0555 10.5555 5.000002 2.202472 2.202467 3.403155 
3.6184 11.125 5.000002 2.697314 1.557493 3.403519 
3.3437 11.7882 5.000002 3.008591 0.8061135 3.403398 
3.25 12.5 5.000002 3.11472 9.313226e-08 3.403364 
3.3437 13.2118 5.000002 3.008589 -0.8061124 3.403398 
3.6184 13.875 5.000002 2.697316 -1.557495 3.403518 
4.0555 14.4445 5.000002 2.202473 -2.202471 3.403154 
4.625 14.8816 5.000002 1.557494 -2.697316 3.403519 
5.288199 15.1563 5.000002 0.8061141 -3.008595 3.403396 
1 17.5 5.000004 -1.110721 2.681517 2.356194 
1 17.5 4e-06 -1.110721 2.681517 -2.356194 
26 15.25 3e-06 1.490116e-08 -3.114719 -3.403365 
6 15.25 3e-06 -3.278255e-07 -3.114719 -3.403353 
25.2882 15.1563 3e-06 0.8061129 -3.008593 -3.403386 
6.7118 15.1563 3e-06 -0.8061132 -3.008593 -3.403395 
24.625 14.8816 3e-06 1.557492 -2.697315 -3.40352 
7.375 14.8816 3e-06 -1.557494 -2.697314 -3.403521 
24.0555 14.4445 3e-06 2.202472 -2.20247 -3.403155 
7.944499 14.4445 3e-06 -2.202472 -2.20247 -3.403152 
23.6184 13.875 3e-06 2.697315 -1.557493 -3.403517 
8.381599 13.875 3e-06 -2.697315 -1.557493 -3.40352 
23.3437 13.2118 3e-06 3.008592 -0.8061149 -3.403397 
8.656299 13.2118 3e-06 -3.008593 -0.8061131 -3.403395 
23.25 12.5 3e-06 3.114721 2.980232e-08 -3.403364 
8.749999 12.5 3e-06 -3.114722 0 -3.403364 
23.3437 11.7882 3e-06 3.008593 0.8061181 -3.403397 
8.656299 11.7882 3e-06 -3.008595 0.8061166 -3.403396 
23.6184 11.125 2e-06 2.697314 1.557494 -3.403518 
8.381599 11.125 2e-06 -2.697314 1.557494 -3.403519 
24.0555 10.5555 2e-06 2.202472 2.20247 -3.403154 
7.944499 10.5555 2e-06 -2.202472 2.20247 -3.403152 
24.625 10.1184 2e-06 1.557492 2.697315 -3.40352 
7.375 10.1184 2e-06 -1.557494 2.697314 -3.403519 
25.2882 9.8437 2e-06 0.8061131 3.008593 -3.403395 
6.7118 9.8437 2e-06 -0.8061132 3.008593 -3.403384 
26 9.75 2e-06 -4.470348e-08 3.114722 -3.403351 
6 9.75 2e-06 -1.937151e-07 3.114722 -3.403329 
27.9445 -10.5555 -2e-06 -2.202471 -2.202469 -3.403156 
27.375 -10.1184 -2e-06 -1.557489 -2.697311 -3.403521 
26.7118 -9.8437 -2e-06 -0.8061124 -3.008592 -3.403396 
26 -9.75 -2e-06 7.450581e-08 -3.114721 -3.403365 
6 -9.75 -2e-06 -3.278255e-07 -3.11472 -3.403353 
25.2882 -9.8437 -2e-06 0.8061129 -3.008593 -3.403386 
6.7118 -9.8437 -2e-06 -0.8061132 -3.008593 -3.403395 
24.625 -10.1184 -2e-06 1.557492 -2.697315 -3.40352 
7.375 -10.1184 -2e-06 -1.557494 -2.697314 -3.403521 
24.0555 -10.5555 -2e-06 2.202472 -2.20247 -3.403155 
7.944499 -10.5555 -2e-06 -2.202472 -2.20247 -3.403152 
23.6184 -11.125 -2e-06 2.697316 -1.557492 -3.403517 
8.381599 -11.125 -2e-06 -2.697316 -1.557491 -3.40352 
23.3437 -11.7882 -3e-06 3.008591 -0.8061112 -3.403397 
8.656299 -11.7882 -3e-06 -3.008592 -0.8061094 -3.403395 
23.25 -12.5 -3e-06 3.114721 1.490116e-08 -3.403364 
8.749999 -12.5 -3e-06 -3.114721 -5.960464e-08 -3.403364 
23.3437 -13.2118 -3e-06 3.008592 0.8061147 -3.403397 
8.656299 -13.2118 -3e-06 -3.008593 0.8061128 -3.403396 
23.6184 -13.875 -3e-06 2.697315 1.557493 -3.403518 
8.381599 -13.875 -3e-06 -2.697315 1.557492 -3.403519 
24.0555 -14.4445 -3e-06 2.202472 2.20247 -3.403154 
7.944499 -14.4445 -3e-06 -2.202472 2.202471 -3.403152 
24.625 -14.8816 -3e-06 1.557492 2.697315 -3.40352 
7.375 -14.8816 -3e-06 -1.557494 2.697314 -3.403519 
25.2882 -15.1563 -3e-06 0.8061129 3.008593 -3.403395 
6.7118 -15.1563 -3e-06 -0.8061132 3.008593 -3.403384 
26 -15.25 -3e-06 -1.490116e-08 3.114724 -3.403352 
6 -15.25 -3e-06 -2.831221e-07 3.114724 -3.403365 
31 -17.5 -4e-06 1.110721 -2.681517 -2.356194 
1 -17.5 -4e-06 -1.110721 -2.681517 -2.356194 
3.25 12.5 3e-06 3.114721 6.407499e-07 -3.403364 
3.3437 11.7882 3e-06 3.008595 0.8061148 -3.403398 
3.6184 11.125 2e-06 2.697307 1.557494 -3.403519 
4.0555 10.5555 2e-06 2.202472 2.202471 -3.403154 
4.625 10.1184 2e-06 1.557494 2.697315 -3.403519 
5.288199 9.8437 2e-06 0.8061138 3.008593 -3.403397 
3.6184 -11.125 -2e-06 2.697316 -1.557493 -3.403519 
3.3437 -11.7882 -3e-06 3.008578 -0.8061035 -3.403398 
3.25 -12.5 -3e-06 3.114722 -7.450581e-08 -3.403364 
3.3437 -13.2118 -3e-06 3.008593 0.8061137 -3.403398 
3.6184 -13.875 -3e-06 2.697315 1.557494 -3.403519 
4.0555 -14.4445 -3e-06 2.202472 2.202471 -3.403154 
4.625 -14.8816 -3e-06 1.557494 2.697315 -3.403519 
5.288199 -15.1563 -3e-06 0.8061138 3.008594 -3.403397 
5.288199 -9.8437 -2e-06 0.8061134 -3.008592 -3.403398 
4.625 -10.1184 -2e-06 1.557493 -2.697314 -3.40352 
4.0555 -10.5555 -2e-06 2.202471 -2.20247 -3.403155 
5.288199 15.1563 3e-06 0.8061134 -3.008591 -3.403398 
4.625 14.8816 3e-06 1.557493 -2.697313 -3.40352 
4.0555 14.4445 3e-06 2.202471 -2.20247 -3.403155 
3.6184 13.875 3e-06 2.697314 -1.557493 -3.403519 
3.3437 13.2118 3e-06 3.008592 -0.8061137 -3.403398 
26.7118 -15.1563 -3e-06 -0.8061131 3.008595 -3.403396 
27.375 -14.8816 -3e-06 -1.557493 2.697316 -3.40352 
27.9445 -14.4445 -3e-06 -2.202473 2.20247 -3.403155 
28.3816 -13.875 -3e-06 -2.697316 1.557493 -3.403518 
28.6563 -13.2118 -3e-06 -3.008593 0.8061148 -3.403397 
28.75 -12.5 -3e-06 -3.114722 -1.490116e-07 -3.403365 
28.6563 -11.7882 -3e-06 -3.008578 -0.8061045 -3.403397 
28.3816 -11.125 -2e-06 -2.697316 -1.557492 -3.403518 
26.7118 9.8437 2e-06 -0.8061132 3.008594 -3.403396 
27.375 10.1184 2e-06 -1.557493 2.697316 -3.40352 
27.9445 10.5555 2e-06 -2.202473 2.20247 -3.403155 
28.3816 11.125 2e-06 -2.697308 1.557494 -3.403518 
28.6563 11.7882 3e-06 -3.008595 0.8061159 -3.403397 
28.75 12.5 3e-06 -3.114721 7.003546e-07 -3.403365 
28.6563 13.2118 3e-06 -3.008592 -0.8061147 -3.403397 
28.3816 13.875 3e-06 -2.697315 -1.557493 -3.403519 
27.9445 14.4445 3e-06 -2.202471 -2.202469 -3.403156 
27.375 14.8816 3e-06 -1.557492 -2.697314 -3.403521 
26.7118 15.1563 3e-06 -0.8061129 -3.008592 -3.403397 
31 17.5 4e-06 1.110721 2.681517 -2.356194 
11.5 -4e-06 19 3.034506 1.192093e-07 -2.617897 
11.701 0.749996 19 2.627974 -1.517345 -2.618042 
12.25 1.298996 19 1.517341 -2.62797 -2.618042 
13 1.499996 19 -8.940697e-08 -3.034507 -2.6179 
13.75 1.298996 19 -1.517341 -2.62797 -2.618042 
14.299 0.749996 19 -2.627974 -1.517345 -2.618042 
14.5 -4e-06 19 -3.034506 1.192093e-07 -2.617898 
14.299 -0.750004 19 -2.627974 1.517345 -2.618042 
13.75 -1.299004 19 -1.517341 2.62797 -2.618041 
13 -1.500004 19 -3.72529e-09 3.034507 -2.617898 
12.25 -1.299004 19 1.51734 2.62797 -2.618041 
11.701 -0.750004 19 2.627974 1.517345 -2.618042 
18 -6.500004 19 2.356195 -1.110721 2.681523 
13 -3.000004 19 1.490116e-08 -3.114732 3.403321 
12.2235 -2.897804 19 -0.8061206 -3.008581 3.403447 
11.5 -2.598104 19 -1.557462 -2.697354 3.403433 
10.8787 -2.121304 19 -2.202455 -2.202455 3.403271 
10.4019 -1.500004 19 -2.697354 -1.557463 3.403432 
10.1022 -0.776504 19 -3.00858 -0.8061228 3.403447 
9.999999 -4e-06 19 -3.114731 2.980232e-08 3.403322 
10.1022 0.776496 19 -3.008581 0.8061231 3.403447 
10.4019 1.499996 19 -2.697354 1.557464 3.403432 
10.8787 2.121296 19 -2.202454 2.202454 3.403271 
18 6.499996 19 2.356193 1.11072 2.681519 
15.8978 0.776496 19 3.008579 0.80612 3.403449 
16 -4e-06 19 3.114736 6.258488e-07 3.403319 
15.8978 -0.776504 19 3.008582 -0.8061212 3.403449 
15.5981 -1.500004 19 2.697354 -1.557463 3.403432 
15.1213 -2.121304 19 2.202456 -2.202455 3.403271 
14.5 -2.598104 19 1.557462 -2.697354 3.403433 
13.7765 -2.897804 19 0.8061208 -3.008582 3.403447 
11.5 2.598096 19 -1.557462 2.697352 3.403434 
12.2235 2.897796 19 -0.8061185 3.008575 3.403447 
13 2.999996 19 1.937151e-07 3.114728 3.403321 
13.7765 2.897796 19 0.8061202 3.008579 3.403447 
14.5 2.598096 19 1.557461 2.697352 3.403433 
15.1213 2.121296 19 2.202454 2.202453 3.403271 
15.5981 1.499996 19 2.697352 1.557462 3.403432 
18 -7.500004 18 2.356193 -2.681517 1.110719 
18 7.499996 18 2.356195 2.681516 1.110721 
18 7.499998 15 0.7853964 5.82311 1.110722 
18 -7.500002 15 0.7853991 -5.82311 1.11072 
18 -6.500002 16 3.926991 -1.110721 2.681517 
18 6.499998 16 3.926991 1.110721 2.681517 
13.75 -1.299003 14.8276 -1.346256 1.548193 2.406534 
13 -1.500003 14.7443 -3.69591e-05 1.841661 2.38064 
13 1.499997 14.7443 -3.677811e-05 -1.841666 2.380627 
12.25 1.298997 14.8276 1.351649 -1.554192 2.408962 
11.5 -3e-06 15 3.278758 -1.043081e-07 2.599761 
11.701 0.749997 14.9013 2.571547 -1.208307 2.59779 
14.5 -3e-06 15 -3.278758 -1.341105e-07 2.599761 
14.299 -0.750003 14.9013 -2.571547 1.208306 2.597791 
12.2451 1.294097 14.8296 2.355622 -1.735344 3.094372 
13.7549 -1.294103 14.8296 -2.354502 1.735769 3.094505 
13.75 1.298997 14.8276 -1.346269 -1.548206 2.406531 
12.25 -1.299003 14.8276 1.351627 1.554169 2.408962 
13.7549 1.294097 14.8296 -2.354516 -1.735754 3.094516 
14.299 0.749997 14.9013 -2.571547 -1.208307 2.59779 
12.2451 -1.294103 14.8296 2.355607 1.735361 3.09436 
11.701 -0.750003 14.9013 2.571547 1.208306 2.597791 
13 -8.500008 35 -2.859533e-05 -2.342026 5.221823 
15.2 -8.210407 35 0.6062362 -2.262352 5.221657 
10.8 -8.210407 35 -0.6061863 -2.262368 5.221653 
17.25 -7.361207 35 1.17103 -2.028271 5.221797 
8.749999 -7.361207 35 -1.17101 -2.028256 5.221826 
19.0104 -6.010406 35 1.655948 -1.655994 5.221965 
6.9896 -6.010406 35 -1.655994 -1.655946 5.221968 
13 -4.500007 35 0 3.114728 3.403332 
11.8353 -4.346708 35 0.8061626 3.008565 3.403467 
16.182 -3.182007 35 -2.202427 2.202428 3.403458 
15.25 -3.897107 35 -1.55738 2.697428 3.403317 
20.3612 -4.250007 35 2.028256 -1.17101 5.221827 
14.1647 -4.346708 35 -0.8061626 3.008565 3.403467 
17.5 -8e-06 35 -3.114728 1.41561e-07 3.403331 
17.3467 -1.164708 35 -3.008565 0.8061627 3.403466 
21.2104 -2.200007 35 2.262368 -0.606186 5.221653 
16.8971 -2.250007 35 -2.697428 1.55738 3.403317 
16.182 3.181992 35 -2.202427 -2.202428 3.403455 
16.8971 2.249993 35 -2.697428 -1.55738 3.403318 
21.2104 2.199993 35 2.262352 0.6062357 5.221656 
17.3467 1.164692 35 -3.008565 -0.8061613 3.403464 
21.5 -8e-06 35 2.342026 -2.875924e-05 5.221823 
13 4.499993 35 0 -3.114729 3.403328 
14.1647 4.346694 35 -0.8061624 -3.008565 3.403465 
20.3612 4.249993 35 2.028276 1.170994 5.221812 
15.25 3.897093 35 -1.557381 -2.697428 3.403317 
19.0104 6.010392 35 1.655962 1.655962 5.221983 
17.25 7.361192 35 1.17101 2.028255 5.221828 
6.9896 6.010392 35 -1.655948 1.655995 5.221965 
5.6388 4.249993 35 -2.028256 1.171011 5.221824 
5.6388 -4.250007 35 -2.028272 -1.171031 5.221795 
10.75 -3.897107 35 1.557379 2.697429 3.403316 
9.817999 -3.182007 35 2.202426 2.202428 3.403459 
9.102899 -2.250007 35 2.697429 1.557379 3.403317 
4.789599 -2.200007 35 -2.262356 -0.6062378 5.221651 
8.653299 -1.164708 35 3.008565 0.8061627 3.403465 
8.499999 -8e-06 35 3.114728 1.639128e-07 3.403332 
4.5 -8e-06 35 -2.342026 2.932549e-05 5.221824 
8.653299 1.164692 35 3.008565 -0.8061615 3.403463 
9.102899 2.249993 35 2.697429 -1.557378 3.403318 
4.789599 2.199993 35 -2.262372 0.6061865 5.221649 
9.817999 3.181992 35 2.202427 -2.202428 3.403457 
10.75 3.897093 35 1.557379 -2.697429 3.403316 
11.8353 4.346694 35 0.8061623 -3.008565 3.403465 
13 8.499992 35 2.861023e-05 2.342026 5.221823 
10.8 8.210392 35 -0.6062357 2.262352 5.221657 
15.2 8.210392 35 0.6061862 2.262368 5.221653 
8.749999 7.361192 35 -1.17103 2.028271 5.221797 
15.2 8.210394 31 0.6062111 2.262349 -5.221669 
13 8.499994 31 -2.859533e-05 2.342026 -5.221823 
13 8.999994 31.5 -2.148747e-05 5.19644 -2.081701 
15.3294 8.693295 31.5 1.345015 5.019508 -2.081608 
13 5.267894 30 -4.130602e-05 5.287457 -3.131352 
13 5.999994 30.732 -1.030415e-05 2.959775 -5.358664 
14.5529 5.795594 30.732 0.7660034 2.858885 -5.35873 
14.3634 5.088393 30 1.368372 5.10728 -3.131387 
13 8.999992 34.5 2.148561e-05 5.19644 2.081705 
15.3294 8.693293 34.5 1.34499 5.019501 2.081624 
11.8353 4.346694 32 0.8061624 -3.008565 2.879717 
10.75 3.897094 32 1.557378 -2.697429 2.879868 
9.817999 3.181993 32 2.202426 -2.202428 2.879728 
9.102899 2.249994 32 2.697429 -1.557379 2.879867 
8.653299 1.164694 32 3.008565 -0.8061622 2.879721 
8.499999 -6e-06 32 3.114728 -1.788139e-07 2.879853 
8.653299 -1.164706 32 3.008565 0.806162 2.879722 
9.102899 -2.250006 32 2.697429 1.557378 2.879868 
9.817999 -3.182006 32 2.202426 2.202428 2.879728 
10.75 -3.897106 32 1.557379 2.697429 2.879871 
11.8353 -4.346707 32 0.8061627 3.008565 2.87972 
13 -4.500006 32 0 3.114728 2.879855 
14.1647 -4.346707 32 -0.8061627 3.008565 2.87972 
15.25 -3.897106 32 -1.55738 2.697428 2.87987 
16.182 -3.182006 32 -2.202427 2.202428 2.87973 
16.8971 -2.250006 32 -2.697428 1.55738 2.879869 
17.3467 -1.164706 32 -3.008565 0.8061619 2.87972 
17.5 -6e-06 32 -3.114728 -1.937151e-07 2.879854 
17.3467 1.164694 32 -3.008565 -0.8061619 2.87972 
16.8971 2.249994 32 -2.697428 -1.55738 2.879867 
16.182 3.181993 32 -2.202427 -2.202427 2.87973 
15.25 3.897094 32 -1.55738 -2.697428 2.879866 
14.1647 4.346694 32 -0.8061625 -3.008565 2.87972 
13 4.499994 32 0 -3.114728 2.879854 
13 6.999994 31 5.111098e-06 0.7473741 -6.192068 
14.8117 6.761493 31 0.1934269 0.7219233 -6.192066 
13 4.999994 29 -1.696683e-05 6.189791 -0.8238298 
14.2941 4.829593 29 1.60205 5.97887 -0.8239226 
14.2941 4.829596 19.5 0.8061816 3.00858 -2.879814 
13 4.999996 19.5 4.470348e-08 3.114707 -2.879749 
13 -8.500006 31 2.861023e-05 -2.342026 -5.221823 
10.8 -8.210405 31 -0.6062104 -2.262349 -5.221669 
15.2 -8.210405 31 0.606211 -2.262371 -5.22164 
8.749999 -7.361206 31 -1.171046 -2.028252 -5.221808 
17.25 -7.361206 31 1.17103 -2.028272 -5.221797 
13 -7.000006 31 3.106892e-06 -0.7473722 -6.192069 
14.8117 -6.761506 31 0.1934266 -0.7219143 -6.192068 
6 -6e-06 31 -0.7473732 -4.045665e-06 -6.192069 
6.2385 -1.811706 31 -0.7219186 -0.1934266 -6.192067 
4.789599 -2.200006 31 -2.262353 -0.6062119 -5.221664 
6.937799 -3.500006 31 -0.6472315 -0.3736957 -6.19207 
5.6388 -4.250006 31 -2.028252 -1.171044 -5.221809 
8.050299 -4.949706 31 -0.5284886 -0.5284867 -6.192063 
6.9896 -6.010406 31 -1.655981 -1.655977 -5.221948 
9.499999 -6.062206 31 -0.3736949 -0.6472228 -6.192073 
11.1883 -6.761506 31 -0.1934309 -0.7219157 -6.192068 
11.1883 6.761493 31 -0.1934338 0.7219259 -6.192065 
9.499999 6.062194 31 -0.3736974 0.6472323 -6.19207 
6.9896 6.010393 31 -1.655982 1.655985 -5.221949 
8.050299 4.949693 31 -0.528488 0.528494 -6.192065 
5.6388 4.249994 31 -2.02825 1.171048 -5.221808 
6.937799 3.499994 31 -0.6472274 0.3736969 -6.192071 
4.789599 2.199994 31 -2.262372 0.6061866 -5.221648 
6.2385 1.811694 31 -0.7219214 0.1934315 -6.192066 
4.5 -6e-06 31 -2.342026 2.946146e-05 -5.221823 
17.9497 4.949693 31 0.5284933 0.5284942 -6.192064 
16.5 6.062194 31 0.3736975 0.6472376 -6.19207 
19.0104 6.010393 31 1.655982 1.655986 -5.221949 
17.25 7.361193 31 1.171045 2.02825 -5.221812 
8.749999 7.361193 31 -1.17103 2.02827 -5.221798 
19.7615 -1.811706 31 0.7219212 -0.1934326 -6.192066 
21.2104 -2.200006 31 2.262368 -0.6061859 -5.221653 
19.0622 -3.500006 31 0.6472269 -0.3736957 -6.192071 
20.3612 -4.250006 31 2.028252 -1.171043 -5.22181 
17.9497 -4.949706 31 0.5284919 -0.5284829 -6.192063 
19.0104 -6.010406 31 1.655981 -1.655978 -5.221947 
16.5 -6.062206 31 0.3736952 -0.647226 -6.192072 
20.3612 4.249994 31 2.02825 1.171046 -5.221809 
19.0622 3.499994 31 0.6472268 0.3736958 -6.192071 
21.2104 2.199994 31 2.262349 0.6062106 -5.221669 
19.7615 1.811694 31 0.7219212 0.1934326 -6.192066 
21.5 -6e-06 31 2.342026 -2.861768e-05 -5.221823 
20 -6e-06 31 0.7473775 3.72529e-09 -6.192069 
10.8 8.210394 31 -0.6062116 2.262371 -5.22164 
13 2.999996 19.5 0 3.11473 -3.403309 
13.7765 2.897796 19.5 0.8061205 3.00858 -3.403448 
13 -5.000004 19.5 -5.401671e-08 -3.114707 -2.879751 
11.7059 -4.829604 19.5 -0.8061811 -3.00858 -2.879815 
14.2941 -4.829604 19.5 0.8061813 -3.00858 -2.879815 
10.5 -4.330104 19.5 -1.557382 -2.697404 -2.879774 
15.5 -4.330104 19.5 1.557383 -2.697404 -2.879774 
9.464499 -3.535504 19.5 -2.202441 -2.202443 -2.879834 
16.5355 -3.535504 19.5 2.202443 -2.202442 -2.879833 
13 -3.000004 19.5 7.450581e-09 -3.114731 -3.403321 
13.7765 -2.897804 19.5 0.8061205 -3.00858 -3.403447 
10.4019 -1.500004 19.5 -2.697353 -1.557463 -3.403432 
10.8787 -2.121304 19.5 -2.202455 -2.202454 -3.403271 
8.669899 -2.500004 19.5 -2.697403 -1.557383 -2.879773 
11.5 -2.598104 19.5 -1.557462 -2.697353 -3.403434 
12.2235 -2.897804 19.5 -0.8061205 -3.00858 -3.403447 
10.1022 0.776496 19.5 -3.008579 0.8061228 -3.403447 
9.999999 -4e-06 19.5 -3.114731 7.450581e-09 -3.403322 
8 -4e-06 19.5 -3.114707 2.980232e-08 -2.879752 
10.1022 -0.776504 19.5 -3.00858 -0.8061228 -3.403447 
8.170399 -1.294104 19.5 -3.00858 -0.8061801 -2.879814 
8.170399 1.294096 19.5 -3.00858 0.80618 -2.879813 
8.669899 2.499996 19.5 -2.697403 1.557383 -2.879777 
10.8787 2.121296 19.5 -2.202455 2.202454 -3.40327 
10.4019 1.499996 19.5 -2.697353 1.557463 -3.403432 
9.464499 3.535496 19.5 -2.202441 2.202443 -2.879833 
12.2235 2.897796 19.5 -0.8061205 3.00858 -3.403445 
11.5 2.598096 19.5 -1.557462 2.697353 -3.403433 
14.5 -2.598104 19.5 1.557462 -2.697353 -3.403433 
15.1213 -2.121304 19.5 2.202455 -2.202454 -3.403271 
17.3301 -2.500004 19.5 2.697404 -1.557383 -2.879774 
15.5981 -1.500004 19.5 2.697353 -1.557463 -3.403432 
15.8978 -0.776504 19.5 3.00858 -0.8061209 -3.403449 
17.8296 -1.294104 19.5 3.00858 -0.8061821 -2.879815 
15.5981 1.499996 19.5 2.697353 1.557463 -3.403432 
17.8296 1.294096 19.5 3.00858 0.8061824 -2.879815 
15.8978 0.776496 19.5 3.00858 0.806121 -3.403448 
18 -4e-06 19.5 3.114707 4.470348e-08 -2.879749 
16 -4e-06 19.5 3.114731 -1.490116e-08 -3.40332 
15.1213 2.121296 19.5 2.202455 2.202454 -3.403271 
14.5 2.598096 19.5 1.557462 2.697353 -3.403433 
17.3301 2.499996 19.5 2.697404 1.557383 -2.879743 
16.5355 3.535496 19.5 2.202443 2.202442 -2.879832 
11.7059 4.829596 19.5 -0.8061818 3.00858 -2.879814 
15.5 4.330096 19.5 1.557383 2.697404 -2.879772 
10.5 4.330096 19.5 -1.557382 2.697404 -2.879773 
17.5 7.794194 31.5 2.598218 4.500308 -2.081731 
16 5.196193 30.732 1.479927 2.56324 -5.358663 
15.634 4.562194 30 2.643716 4.579092 -3.131495 
17.5 7.794193 34.5 2.598204 4.500335 2.08172 
15.5 4.330094 29 3.09493 5.360439 -0.8241149 
19.364 6.363993 31.5 3.674303 3.674305 -2.08182 
17.2426 4.242594 30.732 2.092993 2.093014 -5.358503 
16.725 3.724993 30 3.738821 3.738868 -3.131404 
19.364 6.363992 34.5 3.674327 3.674328 2.081795 
16.5355 3.535494 29 4.376813 4.376822 -0.8240937 
20.7942 4.499994 31.5 4.500308 2.598218 -2.081731 
18.1962 2.999994 30.732 2.563267 1.479967 -5.358626 
17.5622 2.633994 30 4.57906 2.643656 -3.131593 
20.7942 4.499993 34.5 4.500333 2.598183 2.081728 
17.3301 2.499994 29 5.360478 3.094873 -0.8240677 
21.6933 2.329394 31.5 5.019509 1.345014 -2.08161 
18.7956 1.552894 30.732 2.858899 0.7659631 -5.358723 
18.0884 1.363394 30 5.107245 1.368464 -3.13141 
21.6933 2.329393 34.5 5.019493 1.345028 2.08162 
17.8296 1.294094 29 5.978841 1.602161 -0.823913 
22 -6e-06 31.5 5.19644 -2.133101e-05 -2.081703 
19 -6e-06 30.732 2.959885 5.817041e-05 -5.358562 
18.268 -6e-06 30 5.287501 3.989041e-05 -3.13148 
22 -8e-06 34.5 5.196441 -2.188981e-05 2.081703 
18 -6e-06 29 6.189744 -5.00828e-05 -0.8240624 
21.6933 -2.329406 31.5 5.019501 -1.34499 -2.081622 
18.7956 -1.552906 30.732 2.858892 -0.7660585 -5.358707 
18.0884 -1.363406 30 5.107224 -1.368495 -3.13142 
21.6933 -2.329407 34.5 5.019501 -1.34499 2.081622 
17.8296 -1.294106 29 5.978869 -1.602051 -0.8239253 
20.7942 -4.500006 31.5 4.500309 -2.598217 -2.081732 
18.1962 -3.000006 30.732 2.563238 -1.479931 -5.358662 
17.5622 -2.634006 30 4.579092 -2.643716 -3.131498 
20.7942 -4.500007 34.5 4.500335 -2.598204 2.081717 
17.3301 -2.500006 29 5.360437 -3.09493 -0.8241196 
19.364 -6.364006 31.5 3.674303 -3.674303 -2.081821 
17.2426 -4.242606 30.732 2.093021 -2.092987 -5.358503 
16.725 -3.725006 30 3.738867 -3.738821 -3.131406 
19.364 -6.364007 34.5 3.674295 -3.674332 2.081808 
16.5355 -3.535506 29 4.376822 -4.376812 -0.8240958 
17.5 -7.794206 31.5 2.598197 -4.500308 -2.081742 
16 -5.196206 30.732 1.479959 -2.56326 -5.35863 
15.634 -4.562206 30 2.643655 -4.57906 -3.131591 
17.5 -7.794207 34.5 2.598198 -4.500307 2.08174 
15.5 -4.330106 29 3.094875 -5.360478 -0.8240654 
15.3294 -8.693306 31.5 1.345004 -5.019485 -2.081633 
14.5529 -5.795606 30.732 0.765959 -2.858898 -5.358722 
14.3634 -5.088406 30 1.368329 -5.107252 -3.131467 
15.3294 -8.693308 34.5 1.345029 -5.019492 2.081618 
14.2941 -4.829606 29 1.602097 -5.978866 -0.8238523 
13 -9.000006 31.5 2.147257e-05 -5.196441 -2.081705 
13 -6.000006 30.732 2.165139e-05 -2.959769 -5.358669 
13 -5.267906 30 3.877282e-05 -5.287453 -3.131356 
13 -9.000008 34.5 -2.148747e-05 -5.19644 2.081701 
13 -5.000006 29 1.698732e-05 -6.189791 -0.8238315 
10.6706 -8.693306 31.5 -1.345015 -5.019509 -2.081612 
11.4471 -5.795606 30.732 -0.7660099 -2.858867 -5.358734 
11.6366 -5.088406 30 -1.368372 -5.107281 -3.131387 
10.6706 -8.693308 34.5 -1.344991 -5.019499 2.08162 
11.7059 -4.829606 29 -1.602051 -5.978869 -0.8239242 
8.499999 -7.794206 31.5 -2.598218 -4.500309 -2.081732 
9.999999 -5.196206 30.732 -1.479927 -2.563232 -5.358665 
10.366 -4.562206 30 -2.643715 -4.579091 -3.131497 
8.499999 -7.794207 34.5 -2.598205 -4.500335 2.081717 
10.5 -4.330106 29 -3.094929 -5.360438 -0.8241165 
6.636 -6.364006 31.5 -3.674304 -3.674301 -2.081822 
8.757399 -4.242606 30.732 -2.092987 -2.093018 -5.358505 
9.274999 -3.725006 30 -3.73882 -3.738867 -3.131407 
6.636 -6.364007 34.5 -3.674332 -3.674295 2.081808 
9.464499 -3.535506 29 -4.376812 -4.376822 -0.8240955 
5.2058 -4.500006 31.5 -4.50031 -2.598218 -2.081731 
7.8038 -3.000006 30.732 -2.563265 -1.47996 -5.358628 
8.437799 -2.634006 30 -4.579062 -2.643655 -3.13159 
5.2058 -4.500007 34.5 -4.500308 -2.598197 2.08174 
8.669899 -2.500006 29 -5.360478 -3.094874 -0.8240636 
4.3067 -2.329406 31.5 -5.019512 -1.345016 -2.081607 
7.2044 -1.552906 30.732 -2.858905 -0.7659566 -5.35872 
7.9116 -1.363406 30 -5.107254 -1.368327 -3.131462 
4.3067 -2.329407 34.5 -5.019496 -1.345031 2.081616 
8.170399 -1.294106 29 -5.978867 -1.602095 -0.8238483 
4 -6e-06 31.5 -5.196441 2.226979e-05 -2.081703 
7 -6e-06 30.732 -2.959772 -2.381578e-05 -5.358667 
7.7321 -6e-06 30 -5.287456 -3.884733e-05 -3.131353 
4 -8e-06 34.5 -5.196441 2.169609e-05 2.081703 
8 -6e-06 29 -6.189791 -1.598895e-05 -0.8238297 
4.3067 2.329394 31.5 -5.019504 1.344991 -2.081618 
7.2044 1.552894 30.732 -2.858872 0.7660089 -5.358733 
7.9116 1.363394 30 -5.107283 1.36837 -3.131383 
4.3067 2.329393 34.5 -5.019504 1.344991 2.081619 
8.170399 1.294094 29 -5.978871 1.602047 -0.8239196 
5.2058 4.499994 31.5 -4.500308 2.59822 -2.08173 
7.8038 2.999994 30.732 -2.563236 1.47993 -5.358663 
8.437799 2.633994 30 -4.579093 2.643716 -3.131494 
5.2058 4.499993 34.5 -4.500336 2.598206 2.081718 
8.669899 2.499994 29 -5.360438 3.094932 -0.8241147 
6.636 6.363993 31.5 -3.674304 3.674303 -2.08182 
8.757399 4.242594 30.732 -2.093018 2.092993 -5.358503 
9.274999 3.724993 30 -3.738867 3.738821 -3.131405 
6.636 6.363992 34.5 -3.674298 3.674332 2.081809 
9.464499 3.535494 29 -4.37682 4.376814 -0.8240929 
8.499999 7.794194 31.5 -2.598197 4.500305 -2.081741 
9.999999 5.196193 30.732 -1.479969 2.563272 -5.358625 
10.366 4.562194 30 -2.643654 4.57906 -3.131591 
8.499999 7.794193 34.5 -2.598197 4.500306 2.081742 
10.5 4.330094 29 -3.094871 5.360479 -0.8240643 
10.6706 8.693295 31.5 -1.345004 5.019484 -2.081629 
11.4471 5.795594 30.732 -0.7659628 2.858904 -5.358721 
11.6366 5.088393 30 -1.368325 5.107252 -3.131466 
10.6706 8.693293 34.5 -1.345028 5.019493 2.081622 
11.7059 4.829593 29 -1.602096 5.978866 -0.8238509 
33 -1.552904 15.7956 2.87977 -0.8060989 3.008593 
33 -3.000003 15.1962 2.879727 -1.557428 2.697367 
33 -1.397604 15.216 3.403409 -0.8061771 3.008573 
33 -4e-06 15.4 3.403395 -2.980232e-08 3.114715 
33 1.552896 15.7956 2.879772 0.8060967 3.008594 
33 -4e-06 16 2.879848 -5.215406e-08 3.114727 
33 -5.216002 8.602399 3.40341 -3.008572 -0.8061786 
33 -5.400002 9.999999 3.403395 -3.114715 -1.043081e-06 
33 -6.000001 9.999999 2.879849 -3.114727 -9.685755e-07 
33 -5.216003 11.3976 3.40341 -3.008573 0.8061771 
33 -5.795602 11.5529 2.87977 -3.008593 0.8060973 
33 -4.676502 12.7 3.403328 -2.697454 1.55733 
33 -5.196202 13 2.879728 -2.697368 1.557427 
33 -3.818403 13.8184 3.403481 -2.202425 2.202423 
33 -4.242602 14.2426 2.879915 -2.202455 2.202454 
33 -2.700003 14.6765 3.40333 -1.55733 2.697454 
33 -1e-06 4.6 3.403394 2.980232e-08 -3.114715 
33 -1.397601 4.784 3.40341 -0.8061777 -3.008573 
33 -3.000001 4.8038 2.879726 -1.557426 -2.697368 
33 -2.700001 5.3235 3.403329 -1.55733 -2.697454 
33 -4.242601 5.7574 2.879915 -2.202454 -2.202455 
33 -3.818401 6.1816 3.40348 -2.202424 -2.202424 
33 -5.196201 6.999999 2.879727 -2.697368 -1.557427 
33 -4.676501 7.299999 3.403329 -2.697453 -1.557331 
33 -5.795601 8.447099 2.879771 -3.008593 -0.8060982 
33 -1.552901 4.2044 2.87977 -0.8060981 -3.008593 
33 -1e-06 4 2.879847 9.611249e-07 -3.114727 
33 1.552899 4.204401 2.879772 0.8060991 -3.008593 
33 2.999999 4.803801 2.879729 1.557427 -2.697368 
33 5.215998 11.3976 3.403409 3.008573 0.8061796 
33 5.795597 11.5529 2.879772 3.008593 0.8061001 
33 4.676497 12.7 3.403328 2.697454 1.557331 
33 5.196197 13 2.879728 2.697368 1.557426 
33 3.818397 13.8184 3.403481 2.202424 2.202424 
33 4.242597 14.2426 2.879914 2.202455 2.202454 
33 2.699997 14.6765 3.403329 1.557328 2.697455 
33 2.999997 15.1962 2.879727 1.557425 2.697369 
33 1.397596 15.216 3.403408 0.8061763 3.008573 
33 1.397599 4.784 3.403409 0.8061785 -3.008573 
33 2.699999 5.323501 3.403329 1.557331 -2.697454 
33 4.242598 5.757401 2.879915 2.202455 -2.202454 
33 3.818399 6.181601 3.403481 2.202425 -2.202423 
33 5.196198 7.000001 2.879728 2.697368 -1.557426 
33 4.676498 7.300001 3.403328 2.697454 -1.55733 
33 5.795598 8.447101 2.879772 3.008593 -0.8060992 
33 5.215999 8.602401 3.40341 3.008572 -0.8061786 
33 5.999999 10 2.879847 3.114727 9.387732e-07 
33 5.399999 10 3.403396 3.114715 1.065433e-06 
33.8 -4e-06 15.4 2.87979 0 3.114715 
33.8 -1.397604 15.216 2.879776 -0.8061771 3.008573 
33.8 1.397596 15.216 2.879777 0.8061764 3.008574 
33.8 -2.700003 14.6765 2.879855 -1.55733 2.697454 
33.8 2.699997 14.6765 2.879856 1.557328 2.697455 
33.8 -3e-06 14 3.403392 0 3.114716 
33.8 1.035297 13.8637 3.403399 0.8061587 3.00858 
33.8 -2.828402 12.8284 3.403322 -2.202447 2.202446 
33.8 -2.000002 13.4641 3.40342 -1.557413 2.697385 
33.8 -3.818403 13.8184 2.879704 -2.202425 2.202423 
33.8 -1.035303 13.8637 3.403399 -0.8061593 3.00858 
33.8 -3.863701 8.964699 3.4034 -3.00858 -0.806159 
33.8 -4.000001 9.999999 3.403391 -3.114716 -1.41561e-06 
33.8 -5.400002 9.999999 2.879791 -3.114715 -1.02818e-06 
33.8 -3.863702 11.0353 3.4034 -3.008581 0.8061571 
33.8 -5.216003 11.3976 2.879775 -3.008573 0.8061771 
33.8 -3.464102 12 3.403419 -2.697385 1.557412 
33.8 -4.676502 12.7 2.879857 -2.697454 1.55733 
33.8 -2.000001 6.5359 3.403419 -1.557411 -2.697386 
33.8 -2.828401 7.171599 3.403323 -2.202446 -2.202447 
33.8 -4.676501 7.299999 2.879857 -2.697453 -1.557331 
33.8 -3.464101 8 3.403419 -2.697385 -1.557412 
33.8 -5.216002 8.602399 2.879776 -3.008573 -0.8061786 
33.8 -3.818401 6.1816 2.879704 -2.202424 -2.202424 
33.8 -2.700001 5.3235 2.879856 -1.55733 -2.697454 
33.8 -1e-06 6 3.403392 5.960464e-08 -3.114716 
33.8 -1.035301 6.1363 3.4034 -0.8061587 -3.00858 
33.8 3.818397 13.8184 2.879704 2.202424 2.202424 
33.8 1.999997 13.4641 3.40342 1.557413 2.697385 
33.8 2.828397 12.8284 3.403321 2.202446 2.202448 
33.8 4.676497 12.7 2.879857 2.697454 1.557331 
33.8 3.464097 12 3.40342 2.697384 1.557413 
33.8 3.863697 11.0353 3.403398 3.00858 0.8061602 
33.8 5.215998 11.3976 2.879776 3.008572 0.8061796 
33.8 2.828399 7.1716 3.403323 2.202446 -2.202447 
33.8 4.676498 7.300001 2.879857 2.697454 -1.55733 
33.8 3.464099 8.000001 3.40342 2.697386 -1.55741 
33.8 5.215999 8.602401 2.879776 3.008573 -0.8061786 
33.8 3.863698 8.964701 3.403398 3.00858 -0.8061575 
33.8 5.399999 10 2.879789 3.114715 1.057982e-06 
33.8 3.999998 10 3.403393 3.114716 1.40816e-06 
33.8 1.999999 6.535901 3.403418 1.557413 -2.697385 
33.8 1.035299 6.1363 3.403401 0.8061599 -3.00858 
33.8 3.818399 6.181601 2.879705 2.202424 -2.202423 
33.8 -1e-06 4.6 2.87979 0 -3.114715 
33.8 1.397599 4.784 2.879776 0.8061785 -3.008573 
33.8 -1.397601 4.784 2.879776 -0.8061777 -3.008573 
33.8 2.699999 5.323501 2.879856 1.557331 -2.697454 
36 3.031099 8.250001 5.221754 2.02832 -1.17101 
36 3.380699 9.094101 5.221924 2.262132 -0.6061791 
36 3.499998 10 5.221814 2.342028 1.169741e-06 
36 3.380698 10.9059 5.221947 2.262123 0.6061412 
36 3.031098 11.75 5.22181 2.02829 1.170974 
36 2.474898 12.4749 5.221627 1.656143 1.65622 
36 1.749997 13.0311 5.221754 1.17101 2.028321 
36 0.905897 13.3807 5.221924 0.6061803 2.26213 
36 -3e-06 13.5 5.221796 -3.093481e-05 2.342044 
36 -0.905903 13.3807 5.221929 -0.6061147 2.262145 
36 -1.750003 13.0311 5.221809 -1.170976 2.02829 
36 -2.474902 12.4749 5.22163 -1.656217 1.656143 
36 -3.031103 11.75 5.221753 -2.028321 1.171011 
36 -3.380703 10.9059 5.221922 -2.262132 0.6061797 
36 -3.500002 9.999999 5.221793 -2.342046 -3.227592e-05 
36 -3.380702 9.094099 5.221926 -2.262147 -0.606115 
36 -3.031102 8.249999 5.221808 -2.02829 -1.170977 
36 -2.474901 7.5251 5.221633 -1.656141 -1.656215 
36 -1.750001 6.9689 5.221756 -1.17101 -2.028319 
36 -0.905901 6.6193 5.221925 -0.6061807 -2.26213 
36 -1e-06 6.5 5.221796 3.093481e-05 -2.342044 
36 0.905899 6.6193 5.221927 0.6061166 -2.262145 
36 1.749999 6.968901 5.221813 1.170974 -2.028287 
36 2.474899 7.525101 5.221632 1.656215 -1.656142 
35.5 3.863697 11.0353 2.081758 5.019339 1.344941 
35.5 3.999998 10 2.081728 5.196443 2.294779e-06 
35.5 3.464097 12 2.081665 4.500244 2.598303 
35.5 2.828397 12.8284 2.081642 3.674551 3.674605 
35.5 1.999997 13.4641 2.081707 2.598287 4.500196 
35.5 1.035297 13.8637 2.081775 1.344958 5.019311 
35.5 -3e-06 14 2.081742 -2.144277e-05 5.196426 
35.5 -1.035303 13.8637 2.081773 -1.344914 5.019326 
35.5 -2.000002 13.4641 2.081666 -2.598303 4.500245 
35.5 -2.828402 12.8284 2.081643 -3.674603 3.67455 
35.5 -3.464102 12 2.081707 -4.500197 2.598287 
35.5 -3.863702 11.0353 2.081774 -5.019312 1.344956 
35.5 -4.000001 9.999999 2.081742 -5.19643 -2.386048e-05 
35.5 -3.863701 8.964699 2.081771 -5.019327 -1.344914 
35.5 -3.464101 8 2.081666 -4.500246 -2.598303 
35.5 -2.828401 7.171599 2.081645 -3.674548 -3.6746 
35.5 -2.000001 6.5359 2.081708 -2.598285 -4.500198 
35.5 -1.035301 6.1363 2.081775 -1.344958 -5.019311 
35.5 -1e-06 6 2.081742 2.149493e-05 -5.196426 
35.5 1.035299 6.1363 2.081773 1.344916 -5.019325 
35.5 1.999999 6.535901 2.081668 2.598302 -4.500244 
35.5 2.828399 7.1716 2.081644 3.674599 -3.674549 
35.5 3.464099 8.000001 2.081707 4.500197 -2.598284 
35.5 3.863698 8.964701 2.081775 5.019313 -1.344956 
-1 -4e-06 16 -2.879848 0 3.114727 
-1 1.552896 15.7956 -2.879772 0.8060966 3.008594 
-1 -1.552904 15.7956 -2.879771 -0.8060988 3.008593 
-1 2.999997 15.1962 -2.879727 1.557425 2.697369 
-1 -3.000003 15.1962 -2.879727 -1.557428 2.697367 
-1 -3e-06 14.5 -0.2813146 5.587935e-09 1.292638 
-1 -1.164703 14.3467 -0.2813978 -0.3346153 1.248763 
-1 3.181997 13.182 -0.2813864 0.9141424 0.9141428 
-1 2.249997 13.8971 -0.2813361 0.6463438 1.119502 
-1 4.242597 14.2426 -2.879914 2.202455 2.202454 
-1 1.164697 14.3467 -0.2813982 0.3346155 1.248764 
-1 4.346699 8.835301 -0.2813941 1.24876 -0.3345982 
-1 4.499999 10 -0.2813145 1.292637 5.811453e-07 
-1 5.999999 10 -2.879846 3.114727 9.685755e-07 
-1 4.346698 11.1647 -0.2813935 1.248759 0.3345992 
-1 5.795597 11.5529 -2.879772 3.008593 0.8061001 
-1 3.897097 12.25 -0.2813308 1.119483 0.646353 
-1 5.196197 13 -2.879728 2.697369 1.557426 
-1 2.249999 6.102901 -0.2813351 0.6463431 -1.119499 
-1 3.181999 6.818 -0.2813821 0.9141282 -0.9141468 
-1 5.196198 7.000001 -2.879728 2.697368 -1.557426 
-1 3.897099 7.75 -0.2813288 1.119487 -0.6463392 
-1 5.795598 8.447101 -2.879771 3.008593 -0.8060992 
-1 4.242598 5.757401 -2.879911 2.202455 -2.202454 
-1 2.999999 4.803801 -2.879727 1.557427 -2.697368 
-1 -1e-06 5.5 -0.2813033 2.603512e-05 -1.292621 
-1 1.164699 5.6533 -0.2814002 0.3346166 -1.248765 
-1 -4.242602 14.2426 -2.879915 -2.202455 2.202454 
-1 -2.250003 13.8971 -0.2813368 -0.6463451 1.119502 
-1 -3.182002 13.182 -0.2813821 -0.9141283 0.9141452 
-1 -5.196202 13 -2.879728 -2.697368 1.557427 
-1 -3.897102 12.25 -0.2813281 -1.119486 0.6463388 
-1 -4.346703 11.1647 -0.2813873 -1.248741 0.3346201 
-1 -5.795602 11.5529 -2.87977 -3.008593 0.8060973 
-1 -3.182001 6.817999 -0.2813791 -0.9141318 -0.9141319 
-1 -5.196201 6.999999 -2.879728 -2.697368 -1.557427 
-1 -3.897101 7.75 -0.2813272 -1.119485 -0.6463388 
-1 -5.795601 8.447099 -2.879771 -3.008593 -0.8060982 
-1 -4.346703 8.835299 -0.2813968 -1.248767 -0.3345996 
-1 -6.000001 9.999999 -2.879848 -3.114727 -9.685755e-07 
-1 -4.500001 9.999999 -0.2813048 -1.292618 -2.739206e-05 
-1 -2.250001 6.1029 -0.2813276 -0.6463375 -1.119485 
-1 -1.164701 5.6533 -0.2813873 -0.3346196 -1.248739 
-1 -4.242601 5.7574 -2.879911 -2.202454 -2.202455 
-1 -1e-06 4 -2.879847 9.387732e-07 -3.114727 
-1 -1.552901 4.2044 -2.879771 -0.8060982 -3.008593 
-1 1.552899 4.204401 -2.879772 0.806099 -3.008593 
-1 -3.000001 4.8038 -2.879728 -1.557426 -2.697368 
-23 -4.000002 12.0016 -2.898935 -4.26012 0.4633401 
-23 -4.000001 7.9984 -2.898915 -4.260154 -0.4633678 
-23 -4.346703 8.835299 -6.001781 -1.248776 -0.3346221 
-23 -4.500001 9.999999 -6.001879 -1.292622 -2.738088e-05 
-23 -4.346703 11.1647 -6.001791 -1.24875 0.3346414 
-23 3.999999 7.998401 -2.898917 4.260152 -0.4633647 
-23 3.999998 12.0016 -2.898932 4.26012 0.463342 
-23 4.346698 11.1647 -6.001785 1.248767 0.3346197 
-23 4.499999 10 -6.001877 1.292625 2.655387e-05 
-23 4.346699 8.835301 -6.001792 1.248747 -0.3346404 
-23 -1.294103 14.8296 2.879814 -0.8061812 3.00858 
-23 -2.500003 14.3301 2.879772 -1.557384 2.697403 
-23 -1.164703 14.3467 0.2813945 -0.3345989 1.248762 
-23 -3e-06 14.5 0.2813084 -2.557784e-05 1.292627 
-23 1.294097 14.8296 2.879814 0.8061813 3.00858 
-23 -3e-06 15 2.879751 1.490116e-08 3.114707 
-23 -3.897102 12.25 0.2813318 -1.119496 0.6463357 
-23 -4.000002 12.9302 2.487057 -2.816957 0.9562868 
-23 -3.182002 13.182 0.2813838 -0.9141309 0.9141477 
-23 -3.535503 13.5355 2.879852 -2.202427 2.202463 
-23 -2.250003 13.8971 0.2813336 -0.6463558 1.119489 
-23 3.897097 12.25 0.2813295 1.119491 0.6463361 
-23 3.999998 12.9302 2.487056 2.816956 0.9562886 
-23 3.181997 13.182 0.2813808 0.9141335 0.9141344 
-23 3.535498 13.5355 2.879851 2.202424 2.202467 
-23 2.249997 13.8971 0.281334 0.6463304 1.119505 
-23 2.499997 14.3301 2.879774 1.557382 2.697405 
-23 1.164697 14.3467 0.2813919 0.3346373 1.248746 
-23 -1e-06 5.5 0.2813064 2.602115e-05 -1.292625 
-23 -1.164701 5.6533 0.2813936 -0.3346382 -1.248747 
-23 -2.500001 5.669899 2.879772 -1.557382 -2.697404 
-23 -2.250001 6.1029 0.2813342 -0.6463304 -1.119504 
-23 -3.535501 6.464499 2.879852 -2.202425 -2.202466 
-23 -3.182001 6.817999 0.2813841 -0.914149 -0.9141307 
-23 -4.000001 7.069799 2.487056 -2.816956 -0.9562883 
-23 -3.897101 7.75 0.2813376 -1.119505 -0.6463448 
-23 -1.294101 5.1704 2.879816 -0.8061804 -3.00858 
-23 -1e-06 5 2.87975 0 -3.114707 
-23 1.294099 5.1704 2.879815 0.8061812 -3.00858 
-23 2.499999 5.6699 2.879774 1.557382 -2.697404 
-23 3.897099 7.75 0.281335 1.119506 -0.6463309 
-23 3.999999 7.0698 2.487055 2.816956 -0.956288 
-23 3.181999 6.818 0.281384 0.9141306 -0.9141492 
-23 3.535499 6.4645 2.879852 2.202425 -2.202466 
-23 2.249999 6.102901 0.2813319 0.6463541 -1.119486 
-23 1.164699 5.6533 0.281396 0.3345994 -1.248764 
-27 -3e-06 15 -2.879751 5.960464e-08 3.114707 
-27 1.294097 14.8296 -2.879814 0.8061813 3.00858 
-27 -1.294103 14.8296 -2.879814 -0.8061812 3.00858 
-27 2.499997 14.3301 -2.879773 1.557382 2.697405 
-27 -2.500003 14.3301 -2.879772 -1.557384 2.697403 
-27 3.535498 13.5355 -2.879851 2.202424 2.202466 
-27 -3.535503 13.5355 -2.879851 -2.202427 2.202463 
-27 3.999998 12.9302 -2.487056 2.816956 0.9562889 
-27 -4.000002 12.9302 -2.487056 -2.816959 0.9562865 
-27 -3e-06 12.5 -5.592045 2.861023e-06 -1.926908 
-27 -1.250002 12.1651 -5.592095 0.9633952 -1.668702 
-27 3.999999 7.0698 -2.487055 2.816955 -0.9562879 
-27 2.165099 8.75 -5.592094 -1.668702 0.9633969 
-27 2.499998 10 -5.592045 -1.926907 -5.960464e-07 
-27 2.165098 11.25 -5.592093 -1.668702 -0.9633979 
-27 1.249998 12.1651 -5.592093 -0.9633982 -1.668701 
-27 -1e-06 5 -2.87975 -3.72529e-09 -3.114707 
-27 -1.294101 5.1704 -2.879816 -0.8061804 -3.00858 
-27 1.294099 5.1704 -2.879815 0.8061813 -3.00858 
-27 -2.500001 5.669899 -2.879772 -1.557382 -2.697404 
-27 2.499999 5.6699 -2.879773 1.557382 -2.697404 
-27 -3.535501 6.464499 -2.879851 -2.202425 -2.202466 
-27 3.535499 6.4645 -2.879851 2.202425 -2.202466 
-27 -4.000001 7.069799 -2.487056 -2.816956 -0.9562883 
-27 -1e-06 7.5 -5.592047 0 1.926905 
-27 1.249999 7.8349 -5.592094 -0.9633954 1.668702 
-27 -2.165103 11.25 -5.592094 1.668701 -0.9633971 
-27 -2.500002 10 -5.592043 1.92691 5.960464e-07 
-27 -2.165102 8.75 -5.592095 1.6687 0.963398 
-27 -1.250001 7.8349 -5.592094 0.9633952 1.668702 
-26.567 1.790099 8.9665 -2.438384 -4.739677 2.736375 
-12 1.790099 8.9665 -2.308496 -3.782264 2.18363 
-12 2.066997 10 -2.30855 -4.367428 -1.996756e-06 
-26.567 2.066997 10 -2.438338 -5.472893 -2.503395e-06 
-26.567 1.033499 8.2099 -2.438381 -2.736377 4.739678 
-12 1.033499 8.2099 -2.308497 -2.183634 3.782263 
-26.567 -1e-06 7.933 -2.438331 -1.490116e-07 5.472898 
-12 -1e-06 7.933 -2.308548 -1.192093e-07 4.367425 
-26.567 -1.033501 8.2099 -2.43838 2.736377 4.739678 
-12 -1.033501 8.2099 -2.308497 2.183634 3.782263 
-26.567 -1.790101 8.9665 -2.438385 4.739672 2.736382 
-12 -1.790101 8.9665 -2.308498 3.782264 2.183636 
-26.567 -2.067002 10 -2.438337 5.472895 2.391636e-06 
-12 -2.067002 10 -2.308547 4.367424 1.832843e-06 
-26.567 -1.790102 11.0335 -2.438386 4.739673 -2.736379 
-12 -1.790102 11.0335 -2.308497 3.782264 -2.183634 
-26.567 -1.033502 11.7901 -2.438381 2.736378 -4.739678 
-12 -1.033502 11.7901 -2.308497 2.183635 -3.782263 
-12 -3e-06 12.067 -2.308547 6.109476e-07 -4.367424 
-26.567 -3e-06 12.067 -2.438333 5.811453e-06 -5.472897 
-12 1.033497 11.7901 -2.308497 -2.183634 -3.782264 
-26.567 1.033497 11.7901 -2.438384 -2.736379 -4.739674 
-26.567 1.790098 11.0335 -2.438384 -4.739676 -2.736379 
-12 1.790098 11.0335 -2.308496 -3.782263 -2.183633 
-20 4.499999 10 -3.122025 4.407353 -2.349913e-05 
-22 4.499999 10 3.122033 4.407338 2.488494e-06 
-22 4.346698 11.1647 3.122077 4.257305 1.140786 
-20 4.346698 11.1647 -3.122072 4.25731 1.140804 
-17 4.499999 10 -3.122033 4.407339 2.488494e-06 
-19 4.499999 10 3.122017 4.407368 2.279878e-06 
-19 4.346698 11.1647 3.122069 4.257327 1.140765 
-17 4.346698 11.1647 -3.122072 4.25731 1.140804 
-14 4.499999 10 -3.122033 4.407339 2.488494e-06 
-16 4.499999 10 3.122033 4.407338 2.488494e-06 
-16 4.346698 11.1647 3.122072 4.25731 1.140804 
-14 4.346698 11.1647 -3.122072 4.25731 1.140804 
-11 4.499999 10 -3.122017 4.407369 2.279878e-06 
-13 4.499999 10 3.122033 4.407338 2.488494e-06 
-13 4.346698 11.1647 3.122072 4.25731 1.140804 
-11 4.346698 11.1647 -3.122069 4.257327 1.140765 
-8 4.499999 10 -3.122034 4.407335 2.481043e-06 
-9.999999 4.499999 10 3.122013 4.407376 2.287328e-06 
-9.999999 4.346698 11.1647 3.122066 4.257334 1.140767 
-8 4.346698 11.1647 -3.122079 4.257302 1.140785 
-5 4.499999 10 -3.122026 4.40735 -2.349913e-05 
-7 4.499999 10 3.12203 4.407343 2.82824e-05 
-7 4.346698 11.1647 3.122074 4.257317 1.140763 
-5 4.346698 11.1647 -3.122074 4.257307 1.140803 
-2 4.499999 10 -3.122018 4.407365 2.30968e-06 
-4 4.499999 10 3.122022 4.407358 2.272427e-06 
-4 4.346698 11.1647 3.122074 4.257317 1.140763 
-2 4.346698 11.1647 -3.122066 4.257328 1.140782 
-10.8066 -2e-06 10 -4.657033 2.980232e-08 -1.937151e-07 
-10.5 4.999999 10 -6.556511e-07 5.579513 8.195639e-07 
-10.8536 4.853599 10 -3.906744 4.080912 -9.909272e-06 
-10.8536 4.688198 11.2562 -3.906658 3.941998 1.056304 
-10.5 4.829597 11.2941 -6.67572e-06 5.389487 1.444195 
-4.146399 4.853599 10 3.906744 4.080904 1.198798e-05 
-4.5 4.999999 10 -3.33786e-06 5.579515 8.791685e-07 
-4.5 4.829597 11.2941 -9.261072e-06 5.389489 1.444195 
-4.146399 4.688198 11.2562 3.906665 3.941998 1.05627 
-7.146399 4.853599 10 3.906739 4.080919 2.983958e-05 
-7.5 4.999999 10 -3.33786e-06 5.579515 8.791685e-07 
-7.5 4.829597 11.2941 3.665686e-06 5.389476 1.444211 
-7.146399 4.688198 11.2562 3.90665 3.941995 1.056292 
-7.8536 4.853599 10 -3.906733 4.080939 -9.719282e-06 
-7.8536 4.688198 11.2562 -3.906653 3.942006 1.056324 
-10.1464 4.853599 10 3.906742 4.080919 1.203269e-05 
-10.1464 4.688198 11.2562 3.906663 3.942012 1.056274 
-4.8536 4.853599 10 -3.906738 4.080925 -2.758205e-05 
-4.8536 4.688198 11.2562 -3.906656 3.941994 1.056332 
-1.1464 4.853599 10 3.906744 4.080909 1.197308e-05 
-1.5 4.999999 10 -7.748604e-07 5.579514 8.791685e-07 
-1.5 4.829597 11.2941 -6.578863e-06 5.389488 1.444195 
-1.1464 4.688198 11.2562 3.906666 3.942003 1.056272 
-1.8536 4.853599 10 -3.906744 4.08091 -9.87947e-06 
-1.8536 4.688198 11.2562 -3.906661 3.941984 1.056311 
-19.1464 4.853599 10 3.906744 4.080912 1.202524e-05 
-19.5 4.999999 10 -6.556511e-07 5.579512 8.493662e-07 
-19.5 4.829597 11.2941 6.258488e-06 5.389499 1.444179 
-19.1464 4.688198 11.2562 3.906666 3.942005 1.056273 
-22.5 4.999999 10 -1.317263e-05 5.579513 8.195639e-07 
-22.5 4.829597 11.2941 6.79493e-06 5.389487 1.444195 
-22.1464 4.688198 11.2562 3.906653 3.942008 1.056325 
-22.1464 4.853599 10 3.906742 4.080941 1.676381e-06 
-22.8536 4.853599 10 -3.906731 4.080929 1.841411e-05 
-22.8536 4.688198 11.2562 -3.906669 3.941993 1.056281 
-19.8536 4.853599 10 -3.906739 4.080927 -2.761185e-05 
-19.8536 4.688198 11.2562 -3.906672 3.941999 1.056312 
-16.1464 4.853599 10 3.906734 4.080942 1.21668e-05 
-16.5 4.999999 10 -6.556511e-07 5.579512 8.493662e-07 
-16.5 4.829597 11.2941 -6.67572e-06 5.389487 1.444195 
-16.1464 4.688198 11.2562 3.906664 3.942004 1.056302 
-16.8536 4.853599 10 -3.906734 4.080942 -9.778887e-06 
-16.8536 4.688198 11.2562 -3.906657 3.941997 1.056333 
-13.5 4.999999 10 -6.556511e-07 5.579513 8.195639e-07 
-13.8536 4.853599 10 -3.906734 4.080942 -9.778887e-06 
-13.8536 4.688198 11.2562 -3.906657 3.941997 1.056333 
-13.5 4.829597 11.2941 -6.67572e-06 5.389487 1.444195 
-13.1464 4.853599 10 3.906734 4.080942 1.21668e-05 
-13.1464 4.688198 11.2562 3.906664 3.942004 1.056302 
-22 3.897097 12.25 3.121988 3.816915 2.203719 
-20 3.897097 12.25 -3.121979 3.816931 2.203725 
-19 3.897097 12.25 3.121984 3.816915 2.203734 
-17 3.897097 12.25 -3.121983 3.816931 2.20371 
-16 3.897097 12.25 3.121983 3.816931 2.20371 
-14 3.897097 12.25 -3.121979 3.816931 2.203725 
-13 3.897097 12.25 3.121979 3.816931 2.203725 
-11 3.897097 12.25 -3.121984 3.816915 2.203734 
-9.999999 3.897097 12.25 3.12198 3.816921 2.203738 
-8 3.897097 12.25 -3.121989 3.816911 2.203717 
-7 3.897097 12.25 3.121992 3.816905 2.203714 
-5 3.897097 12.25 -3.121984 3.816928 2.203708 
-2 3.897097 12.25 -3.121981 3.816928 2.203723 
-4 3.897097 12.25 3.121992 3.816905 2.203714 
-10.8536 4.203298 12.4268 -3.906846 3.534215 2.040489 
-10.5 4.330098 12.5 1.066923e-05 4.831949 2.789761 
-4.5 4.330098 12.5 8.098781e-06 4.831952 2.789763 
-4.146399 4.203298 12.4268 3.906829 3.534191 2.040535 
-7.8536 4.203298 12.4268 -3.906843 3.534224 2.040484 
-7.5 4.330098 12.5 2.092123e-05 4.831954 2.789743 
-7.146399 4.203298 12.4268 3.906814 3.534205 2.040518 
-4.8536 4.203298 12.4268 -3.906846 3.534221 2.04047 
-10.1464 4.203298 12.4268 3.906831 3.534192 2.040546 
-1.5 4.330098 12.5 1.060218e-05 4.831951 2.789762 
-1.1464 4.203298 12.4268 3.906833 3.534185 2.040542 
-1.8536 4.203298 12.4268 -3.906848 3.53421 2.040474 
-19.5 4.330098 12.5 2.355874e-05 4.831947 2.789781 
-19.1464 4.203298 12.4268 3.906833 3.534187 2.040543 
-22.1464 4.203298 12.4268 3.906843 3.534226 2.040485 
-22.5 4.330098 12.5 -1.072884e-05 4.831949 2.789761 
-22.8536 4.203298 12.4268 -3.906832 3.534198 2.04053 
-19.8536 4.203298 12.4268 -3.906864 3.534199 2.040492 
-13.8536 4.203298 12.4268 -3.906849 3.534212 2.040475 
-13.5 4.330098 12.5 1.066923e-05 4.831949 2.789761 
-13.1464 4.203298 12.4268 3.906836 3.534185 2.040529 
-16.8536 4.203298 12.4268 -3.906846 3.534223 2.040471 
-16.5 4.330098 12.5 1.068413e-05 4.831949 2.789761 
-16.1464 4.203298 12.4268 3.906833 3.534196 2.040524 
-22 3.181997 13.182 3.122074 3.116556 3.116577 
-20 3.181997 13.182 -3.12207 3.116572 3.116573 
-19 3.181997 13.182 3.12207 3.116571 3.116573 
-17 3.181997 13.182 -3.122078 3.11656 3.116562 
-16 3.181997 13.182 3.122078 3.11656 3.116562 
-14 3.181997 13.182 -3.12207 3.116572 3.116573 
-13 3.181997 13.182 3.12207 3.116571 3.116573 
-11 3.181997 13.182 -3.122074 3.116575 3.116559 
-9.999999 3.181997 13.182 3.122071 3.11658 3.116563 
-8 3.181997 13.182 -3.122076 3.116554 3.116574 
-7 3.181997 13.182 3.122079 3.116549 3.11657 
-5 3.181997 13.182 -3.122076 3.116554 3.116574 
-4 3.181997 13.182 3.122079 3.116549 3.11657 
-2 3.181997 13.182 -3.122072 3.116569 3.11657 
-10.8536 3.431997 13.432 -3.906528 2.885746 2.885791 
-10.5 3.535498 13.5355 2.384186e-07 3.945479 3.945481 
-4.5 3.535498 13.5355 -2.637506e-06 3.945481 3.945483 
-4.146399 3.431997 13.432 3.906527 2.885782 2.885744 
-7.8536 3.431997 13.432 -3.906527 2.885731 2.885802 
-7.5 3.535498 13.5355 -2.622604e-06 3.945481 3.945483 
-7.146399 3.431997 13.432 3.906527 2.885782 2.885744 
-4.8536 3.431997 13.432 -3.906527 2.885731 2.885802 
-10.1464 3.431997 13.432 3.906525 2.885805 2.885741 
-1.5 3.535498 13.5355 1.192093e-07 3.945481 3.945482 
-1.1464 3.431997 13.432 3.90653 2.885787 2.885736 
-1.8536 3.431997 13.432 -3.90653 2.885732 2.885791 
-19.5 3.535498 13.5355 2.458692e-07 3.945479 3.945481 
-19.1464 3.431997 13.432 3.90653 2.885789 2.885737 
-22.5 3.535498 13.5355 -2.384186e-07 3.945479 3.945481 
-22.1464 3.431997 13.432 3.906527 2.885733 2.885804 
-22.8536 3.431997 13.432 -3.906525 2.885799 2.885748 
-19.8536 3.431997 13.432 -3.90653 2.885734 2.885792 
-16.5 3.535498 13.5355 2.384186e-07 3.945479 3.945482 
-16.1464 3.431997 13.432 3.906525 2.885799 2.885748 
-16.8536 3.431997 13.432 -3.906525 2.885744 2.885803 
-13.8536 3.431997 13.432 -3.90653 2.885734 2.885792 
-13.5 3.535498 13.5355 2.384186e-07 3.945479 3.945481 
-13.1464 3.431997 13.432 3.90653 2.885789 2.885737 
-22 2.249997 13.8971 3.121983 2.203732 3.816919 
-20 2.249997 13.8971 -3.121979 2.203722 3.816935 
-19 2.249997 13.8971 3.121979 2.203723 3.816935 
-17 2.249997 13.8971 -3.121987 2.203716 3.816919 
-16 2.249997 13.8971 3.121983 2.203707 3.816935 
-14 2.249997 13.8971 -3.121979 2.203722 3.816935 
-13 2.249997 13.8971 3.121979 2.203722 3.816935 
-11 2.249997 13.8971 -3.121983 2.203707 3.816935 
-9.999999 2.249997 13.8971 3.121979 2.203711 3.816941 
-8 2.249997 13.8971 -3.121985 2.20373 3.816916 
-7 2.249997 13.8971 3.121988 2.203727 3.81691 
-5 2.249997 13.8971 -3.121985 2.20373 3.816916 
-4 2.249997 13.8971 3.121988 2.203727 3.81691 
-2 2.249997 13.8971 -3.121981 2.203721 3.816931 
-10.8536 2.426797 14.2033 -3.906829 2.040524 3.5342 
-10.5 2.499997 14.3301 -1.15633e-05 2.789763 4.831954 
-4.5 2.499997 14.3301 -1.423061e-05 2.789764 4.831957 
-4.146399 2.426797 14.2033 3.906842 2.040486 3.534211 
-7.8536 2.426797 14.2033 -3.906829 2.04054 3.534189 
-7.5 2.499997 14.3301 -1.4171e-05 2.789764 4.831957 
-7.146399 2.426797 14.2033 3.906842 2.040486 3.534211 
-4.8536 2.426797 14.2033 -3.906829 2.04054 3.534189 
-10.1464 2.426797 14.2033 3.90684 2.040475 3.534232 
-1.8536 2.426797 14.2033 -3.906832 2.040527 3.534187 
-1.5 2.499997 14.3301 -1.1608e-05 2.789763 4.831956 
-1.1464 2.426797 14.2033 3.906846 2.040475 3.534213 
-16.8536 2.426797 14.2033 -3.906826 2.040537 3.534202 
-16.5 2.499997 14.3301 -2.337992e-05 2.789781 4.831952 
-13.8536 2.426797 14.2033 -3.906832 2.040528 3.534189 
-13.5 2.499997 14.3301 -1.15782e-05 2.789763 4.831954 
-13.1464 2.426797 14.2033 3.906846 2.040476 3.534215 
-16.1464 2.426797 14.2033 3.906857 2.040487 3.534214 
-22.5 2.499997 14.3301 3.515184e-05 2.789763 4.831954 
-22.1464 2.426797 14.2033 3.906816 2.040526 3.534204 
-22.8536 2.426797 14.2033 -3.906857 2.040488 3.534214 
-19.5 2.499997 14.3301 -1.15186e-05 2.789763 4.831954 
-19.1464 2.426797 14.2033 3.906846 2.040476 3.534215 
-19.8536 2.426797 14.2033 -3.906832 2.040528 3.534189 
-22 1.164697 14.3467 3.122069 1.140761 4.257328 
-20 1.164697 14.3467 -3.122072 1.140799 4.257311 
-19 1.164697 14.3467 3.122072 1.140799 4.257311 
-17 1.164697 14.3467 -3.122077 1.140782 4.257306 
-16 1.164697 14.3467 3.122072 1.140799 4.257311 
-14 1.164697 14.3467 -3.122072 1.140799 4.257311 
-11 1.164697 14.3467 -3.122064 1.140779 4.257332 
-13 1.164697 14.3467 3.122072 1.140799 4.257311 
-9.999999 1.164697 14.3467 3.122061 1.14078 4.257339 
-8 1.164697 14.3467 -3.122071 1.14076 4.257324 
-7 1.164697 14.3467 3.122074 1.140758 4.257317 
-5 1.164697 14.3467 -3.122079 1.140781 4.257302 
-4 1.164697 14.3467 3.122081 1.140779 4.257296 
-2 1.164697 14.3467 -3.122066 1.140778 4.257329 
-10.8536 1.256197 14.6882 -3.906677 1.056279 3.941991 
-10.5 1.294097 14.8296 5.841255e-06 1.444189 5.389477 
-4.5 1.294097 14.8296 3.345311e-06 1.444189 5.38948 
-4.146399 1.256197 14.6882 3.906661 1.056318 3.941998 
-7.5 1.294097 14.8296 3.345311e-06 1.444189 5.38948 
-7.146399 1.256197 14.6882 3.906666 1.056297 3.941988 
-7.8536 1.256197 14.6882 -3.906674 1.05627 3.942 
-10.1464 1.256197 14.6882 3.906668 1.056309 3.941991 
-4.8536 1.256197 14.6882 -3.906669 1.056291 3.942009 
-1.5 1.294097 14.8296 5.960464e-06 1.444189 5.389478 
-1.1464 1.256197 14.6882 3.90667 1.056307 3.941982 
-1.8536 1.256197 14.6882 -3.906677 1.056278 3.941988 
-19.5 1.294097 14.8296 5.841255e-06 1.444189 5.389477 
-19.1464 1.256197 14.6882 3.906665 1.056328 3.941994 
-22.5 1.294097 14.8296 1.174212e-05 1.444198 5.389478 
-22.1464 1.256197 14.6882 3.906667 1.056299 3.941996 
-22.8536 1.256197 14.6882 -3.906679 1.056309 3.941996 
-19.8536 1.256197 14.6882 -3.906672 1.0563 3.942 
-16.1464 1.256197 14.6882 3.906679 1.056309 3.941996 
-16.5 1.294097 14.8296 -5.90086e-06 1.444175 5.389488 
-16.8536 1.256197 14.6882 -3.906669 1.056292 3.942012 
-13.5 1.294097 14.8296 5.841255e-06 1.444189 5.389477 
-13.1464 1.256197 14.6882 3.906665 1.056328 3.941994 
-13.8536 1.256197 14.6882 -3.906672 1.0563 3.942 
-22 -3e-06 14.5 3.122016 -2.980232e-08 4.40737 
-20 -3e-06 14.5 -3.122024 -2.554804e-05 4.407355 
-19 -3e-06 14.5 3.122024 -2.560019e-05 4.407355 
-17 -3e-06 14.5 -3.122032 2.235174e-08 4.40734 
-16 -3e-06 14.5 3.122032 -7.450581e-09 4.40734 
-14 -3e-06 14.5 -3.122024 -2.555549e-05 4.407355 
-13 -3e-06 14.5 3.122024 -2.560019e-05 4.407355 
-11 -3e-06 14.5 -3.122017 1.490116e-08 4.40737 
-9.999999 -3e-06 14.5 3.122013 5.867332e-08 4.407377 
-8 -3e-06 14.5 -3.122017 7.450581e-09 4.407366 
-7 -3e-06 14.5 3.122021 -2.8871e-08 4.407359 
-5 -3e-06 14.5 -3.122034 0 4.407336 
-4 -3e-06 14.5 3.122037 -2.980232e-08 4.407329 
-2 -3e-06 14.5 -3.122025 2.560019e-05 4.407351 
-10.8536 -3e-06 14.8536 -3.906749 9.603798e-06 4.080913 
-10.5 -3e-06 15 5.960464e-08 1.490116e-08 5.579513 
-4.5 -3e-06 15 -2.577901e-06 -3.72529e-09 5.579515 
-4.146399 -3e-06 14.8536 3.906738 -9.531155e-06 4.080934 
-7.5 -3e-06 15 -2.563e-06 0 5.579515 
-7.146399 -3e-06 14.8536 3.906749 -9.536743e-06 4.080904 
-7.8536 -3e-06 14.8536 -3.906749 9.588897e-06 4.08091 
-10.1464 -3e-06 14.8536 3.906747 -9.611249e-06 4.080919 
-4.8536 -3e-06 14.8536 -3.906739 9.614974e-06 4.080939 
-1.8536 -3e-06 14.8536 -3.906744 2.713874e-05 4.080925 
-1.5 -3e-06 15 -1.490116e-08 1.117587e-08 5.579514 
-1.1464 -3e-06 14.8536 3.906749 -9.566545e-06 4.08091 
-16.8536 -3e-06 14.8536 -3.906739 9.616837e-06 4.080942 
-16.5 -3e-06 15 5.960464e-08 1.490116e-08 5.579513 
-13.8536 -3e-06 14.8536 -3.906744 -7.949769e-06 4.080927 
-13.5 -3e-06 15 5.960464e-08 1.490116e-08 5.579513 
-13.1464 -3e-06 14.8536 3.906744 -2.716482e-05 4.080927 
-16.1464 -3e-06 14.8536 3.906739 -9.597279e-06 4.080942 
-19.8536 -3e-06 14.8536 -3.906744 -7.949769e-06 4.080927 
-19.5 -3e-06 15 7.450581e-09 1.490116e-08 5.579513 
-19.1464 -3e-06 14.8536 3.906744 -2.716482e-05 4.080927 
-22.5 -3e-06 15 -5.781651e-06 -8.195639e-06 5.579516 
-22.1464 -3e-06 14.8536 3.906756 2.235174e-08 4.080911 
-22.8536 -3e-06 14.8536 -3.906744 -2.714247e-05 4.080927 
-22 -1.164703 14.3467 3.122064 -1.140778 4.257332 
-20 -1.164703 14.3467 -3.122064 -1.140778 4.257332 
-19 -1.164703 14.3467 3.122064 -1.140778 4.257332 
-17 -1.164703 14.3467 -3.122076 -1.140782 4.257306 
-16 -1.164703 14.3467 3.122076 -1.140782 4.257306 
-14 -1.164703 14.3467 -3.122069 -1.140761 4.257328 
-13 -1.164703 14.3467 3.122069 -1.140761 4.257327 
-11 -1.164703 14.3467 -3.122069 -1.140761 4.257328 
-9.999999 -1.164703 14.3467 3.122066 -1.140763 4.257334 
-8 -1.164703 14.3467 -3.122066 -1.140777 4.257329 
-7 -1.164703 14.3467 3.122069 -1.140776 4.257322 
-5 -1.164703 14.3467 -3.122073 -1.140798 4.257308 
-4 -1.164703 14.3467 3.122077 -1.140796 4.257301 
-2 -1.164703 14.3467 -3.122073 -1.140798 4.257308 
-10.8536 -1.256203 14.6882 -3.906667 -1.056299 3.941996 
-10.5 -1.294103 14.8296 -6.020069e-06 -1.444189 5.389478 
-4.5 -1.294103 14.8296 -8.583069e-06 -1.444189 5.38948 
-4.146399 -1.256203 14.6882 3.906672 -1.056298 3.941992 
-7.8536 -1.256203 14.6882 -3.906684 -1.056287 3.941984 
-7.5 -1.294103 14.8296 3.159046e-06 -1.444175 5.389491 
-7.146399 -1.256203 14.6882 3.906676 -1.056277 3.941983 
-4.8536 -1.256203 14.6882 -3.906665 -1.056327 3.941991 
-10.1464 -1.256203 14.6882 3.906672 -1.056273 3.942008 
-1.5 -1.294103 14.8296 -6.079674e-06 -1.444189 5.389478 
-1.1464 -1.256203 14.6882 3.906677 -1.056278 3.941988 
-1.8536 -1.256203 14.6882 -3.906665 -1.056327 3.941991 
-19.5 -1.294103 14.8296 -6.042421e-06 -1.444189 5.389477 
-19.1464 -1.256203 14.6882 3.906677 -1.056279 3.941991 
-22.1464 -1.256203 14.6882 3.906684 -1.056288 3.941987 
-22.5 -1.294103 14.8296 -1.766533e-05 -1.444189 5.389477 
-22.8536 -1.256203 14.6882 -3.906661 -1.056291 3.942 
-19.8536 -1.256203 14.6882 -3.90667 -1.056307 3.941984 
-13.8536 -1.256203 14.6882 -3.906667 -1.056299 3.941996 
-13.5 -1.294103 14.8296 -6.020069e-06 -1.444189 5.389478 
-13.1464 -1.256203 14.6882 3.906674 -1.056271 3.942002 
-16.8536 -1.256203 14.6882 -3.906662 -1.05632 3.942006 
-16.5 -1.294103 14.8296 5.878508e-06 -1.444203 5.389466 
-16.1464 -1.256203 14.6882 3.906655 -1.056311 3.94201 
-20 -2.250003 13.8971 -3.121984 -2.203711 3.816933 
-22 -2.250003 13.8971 3.121984 -2.203711 3.816933 
-19 -2.250003 13.8971 3.121984 -2.203711 3.816933 
-17 -2.250003 13.8971 -3.121985 -2.203735 3.816917 
-16 -2.250003 13.8971 3.121985 -2.203735 3.816917 
-14 -2.250003 13.8971 -3.121989 -2.20372 3.816917 
-11 -2.250003 13.8971 -3.121989 -2.20372 3.816917 
-13 -2.250003 13.8971 3.121989 -2.20372 3.816917 
-9.999999 -2.250003 13.8971 3.121985 -2.203724 3.816923 
-8 -2.250003 13.8971 -3.121982 -2.203724 3.81693 
-7 -2.250003 13.8971 3.121985 -2.203721 3.816924 
-5 -2.250003 13.8971 -3.121982 -2.203725 3.81693 
-4 -2.250003 13.8971 3.121985 -2.203721 3.816924 
-2 -2.250003 13.8971 -3.121982 -2.203725 3.81693 
-10.8536 -2.426803 14.2033 -3.906839 -2.040489 3.534227 
-10.5 -2.500003 14.3301 1.15037e-05 -2.789766 4.831951 
-4.5 -2.500003 14.3301 8.910894e-06 -2.789767 4.831953 
-4.146399 -2.426803 14.2033 3.90683 -2.040527 3.53418 
-7.5 -2.500003 14.3301 2.068281e-05 -2.789785 4.831951 
-7.8536 -2.426803 14.2033 -3.906858 -2.040493 3.534198 
-7.146399 -2.426803 14.2033 3.90683 -2.040527 3.53418 
-4.8536 -2.426803 14.2033 -3.906844 -2.040478 3.534211 
-10.1464 -2.426803 14.2033 3.906823 -2.040544 3.534206 
-1.5 -2.500003 14.3301 1.15931e-05 -2.789766 4.831952 
-1.1464 -2.426803 14.2033 3.906831 -2.04053 3.534184 
-1.8536 -2.426803 14.2033 -3.906844 -2.040478 3.534211 
-19.5 -2.500003 14.3301 1.149625e-05 -2.789766 4.831951 
-19.1464 -2.426803 14.2033 3.906828 -2.040527 3.534198 
-22.5 -2.500003 14.3301 -1.174212e-05 -2.789744 4.83198 
-22.1464 -2.426803 14.2033 3.906856 -2.04049 3.534212 
-22.8536 -2.426803 14.2033 -3.906842 -2.040493 3.534216 
-19.8536 -2.426803 14.2033 -3.906842 -2.040475 3.534224 
-16.1464 -2.426803 14.2033 3.906814 -2.04053 3.534202 
-16.5 -2.500003 14.3301 2.317876e-05 -2.789748 4.831953 
-16.8536 -2.426803 14.2033 -3.906842 -2.040493 3.534216 
-13.8536 -2.426803 14.2033 -3.906839 -2.040489 3.534227 
-13.5 -2.500003 14.3301 1.149625e-05 -2.789766 4.831951 
-13.1464 -2.426803 14.2033 3.906826 -2.040541 3.5342 
-22 -3.182002 13.182 3.122073 -3.116578 3.116555 
-20 -3.182002 13.182 -3.122073 -3.116578 3.116555 
-19 -3.182002 13.182 3.122073 -3.116578 3.116555 
-17 -3.182002 13.182 -3.122073 -3.11656 3.116574 
-16 -3.182002 13.182 3.122073 -3.11656 3.116574 
-14 -3.182002 13.182 -3.122077 -3.116564 3.116559 
-13 -3.182002 13.182 3.122077 -3.116564 3.116559 
-11 -3.182002 13.182 -3.122073 -3.116578 3.116555 
-9.999999 -3.182002 13.182 3.122069 -3.116583 3.11656 
-8 -3.182002 13.182 -3.122071 -3.116572 3.116567 
-7 -3.182002 13.182 3.122074 -3.116567 3.116562 
-5 -3.182002 13.182 -3.122071 -3.116572 3.116567 
-4 -3.182002 13.182 3.122074 -3.116567 3.116562 
-2 -3.182002 13.182 -3.122074 -3.116557 3.116571 
-10.8536 -3.432002 13.432 -3.906528 -2.885804 2.885733 
-10.5 -3.535503 13.5355 -1.192093e-07 -3.945485 3.945479 
-4.5 -3.535503 13.5355 -2.920628e-06 -3.945487 3.945481 
-4.146399 -3.432002 13.432 3.906531 -2.885732 2.885784 
-7.8536 -3.432002 13.432 -3.90653 -2.885791 2.885733 
-7.5 -3.535503 13.5355 -2.920628e-06 -3.945487 3.945481 
-7.146399 -3.432002 13.432 3.906531 -2.885732 2.885784 
-4.8536 -3.432002 13.432 -3.90653 -2.885791 2.885733 
-10.1464 -3.432002 13.432 3.906527 -2.885753 2.885793 
-1.5 -3.535503 13.5355 -2.384186e-07 -3.945486 3.94548 
-1.1464 -3.432002 13.432 3.906528 -2.885734 2.885799 
-1.8536 -3.432002 13.432 -3.906528 -2.88579 2.885744 
-19.5 -3.535503 13.5355 -1.41561e-07 -3.945485 3.945479 
-19.1464 -3.432002 13.432 3.906529 -2.885749 2.885789 
-22.5 -3.535503 13.5355 2.378225e-05 -3.945518 3.945465 
-22.1464 -3.432002 13.432 3.906528 -2.885804 2.885733 
-22.8536 -3.432002 13.432 -3.906556 -2.885759 2.885769 
-19.8536 -3.432002 13.432 -3.906528 -2.885804 2.885733 
-16.5 -3.535503 13.5355 -1.192093e-07 -3.945485 3.945479 
-16.1464 -3.432002 13.432 3.906529 -2.885736 2.885801 
-16.8536 -3.432002 13.432 -3.906528 -2.885792 2.885746 
-13.5 -3.535503 13.5355 -1.192093e-07 -3.945485 3.945479 
-13.1464 -3.432002 13.432 3.906526 -2.885748 2.8858 
-13.8536 -3.432002 13.432 -3.906525 -2.885803 2.885745 
-22 -3.897102 12.25 3.121982 -3.816918 2.203735 
-20 -3.897102 12.25 -3.121982 -3.816918 2.203735 
-19 -3.897102 12.25 3.121982 -3.816918 2.203735 
-17 -3.897102 12.25 -3.121986 -3.816918 2.20372 
-16 -3.897102 12.25 3.121986 -3.816918 2.20372 
-14 -3.897102 12.25 -3.121982 -3.816934 2.203711 
-13 -3.897102 12.25 3.121986 -3.816918 2.20372 
-11 -3.897102 12.25 -3.121978 -3.816934 2.203726 
-9.999999 -3.897102 12.25 3.121974 -3.81694 2.203729 
-8 -3.897102 12.25 -3.12198 -3.816931 2.203724 
-7 -3.897102 12.25 3.121987 -3.816909 2.20373 
-5 -3.897102 12.25 -3.121984 -3.816915 2.203733 
-4 -3.897102 12.25 3.121987 -3.816909 2.20373 
-2 -3.897102 12.25 -3.121988 -3.816915 2.203718 
-10.8536 -4.203302 12.4268 -3.906841 -3.534185 2.040529 
-10.5 -4.330103 12.5 -1.114607e-05 -4.831946 2.789758 
-4.5 -4.330103 12.5 -1.359731e-05 -4.831948 2.789759 
-4.146399 -4.203302 12.4268 3.906851 -3.53421 2.040485 
-7.5 -4.330103 12.5 -1.358986e-05 -4.831948 2.789759 
-7.146399 -4.203302 12.4268 3.906851 -3.53421 2.040485 
-7.8536 -4.203302 12.4268 -3.906842 -3.534184 2.040528 
-10.1464 -4.203302 12.4268 3.906852 -3.534219 2.040478 
-4.8536 -4.203302 12.4268 -3.906839 -3.534186 2.040542 
-1.8536 -4.203302 12.4268 -3.906835 -3.534197 2.040538 
-1.5 -4.330103 12.5 -1.108646e-05 -4.831947 2.789758 
-1.1464 -4.203302 12.4268 3.906849 -3.534225 2.040483 
-16.8536 -4.203302 12.4268 -3.906821 -3.534213 2.040523 
-16.5 -4.330103 12.5 -2.384186e-05 -4.831948 2.789738 
-13.8536 -4.203302 12.4268 -3.906839 -3.534196 2.040525 
-13.5 -4.330103 12.5 -1.114607e-05 -4.831946 2.789758 
-13.1464 -4.203302 12.4268 3.906849 -3.534227 2.040485 
-16.1464 -4.203302 12.4268 3.906849 -3.534227 2.040485 
-22.1464 -4.203302 12.4268 3.906838 -3.534188 2.040543 
-22.5 -4.330103 12.5 1.108646e-05 -4.831946 2.789758 
-22.8536 -4.203302 12.4268 -3.906851 -3.534226 2.040476 
-19.5 -4.330103 12.5 -1.114607e-05 -4.831946 2.789758 
-19.1464 -4.203302 12.4268 3.906852 -3.534216 2.040489 
-19.8536 -4.203302 12.4268 -3.906838 -3.534188 2.040543 
-22 -4.346703 11.1647 3.122078 -4.25731 1.140782 
-20 -4.346703 11.1647 -3.12207 -4.257332 1.14076 
-19 -4.346703 11.1647 3.12207 -4.257332 1.14076 
-17 -4.346703 11.1647 -3.12207 -4.257332 1.14076 
-16 -4.346703 11.1647 3.122078 -4.25731 1.140782 
-14 -4.346703 11.1647 -3.122065 -4.257338 1.140778 
-13 -4.346703 11.1647 3.12207 -4.257332 1.14076 
-11 -4.346703 11.1647 -3.122065 -4.257338 1.140778 
-9.999999 -4.346703 11.1647 3.122062 -4.257344 1.140779 
-8 -4.346703 11.1647 -3.122075 -4.257312 1.140799 
-7 -4.346703 11.1647 3.122083 -4.257299 1.140779 
-5 -4.346703 11.1647 -3.122079 -4.257307 1.140781 
-4 -4.346703 11.1647 3.122083 -4.257299 1.140779 
-2 -4.346703 11.1647 -3.122079 -4.257307 1.140781 
-10.8536 -4.688202 11.2562 -3.906675 -3.941994 1.056279 
-10.5 -4.829602 11.2941 7.510185e-06 -5.389481 1.444188 
-4.5 -4.829602 11.2941 4.976988e-06 -5.389484 1.444189 
-4.146399 -4.688202 11.2562 3.906656 -3.942003 1.05632 
-7.8536 -4.688202 11.2562 -3.906669 -3.942002 1.0563 
-7.5 -4.829602 11.2941 4.976988e-06 -5.389484 1.444189 
-7.146399 -4.688202 11.2562 3.906656 -3.942003 1.05632 
-4.8536 -4.688202 11.2562 -3.906665 -3.942014 1.056292 
-10.1464 -4.688202 11.2562 3.906663 -3.941994 1.05631 
-1.8536 -4.688202 11.2562 -3.906665 -3.942014 1.056292 
-1.5 -4.829602 11.2941 7.510185e-06 -5.389482 1.444189 
-1.1464 -4.688202 11.2562 3.906656 -3.942008 1.056321 
-16.5 -4.829602 11.2941 -5.349517e-06 -5.389469 1.444204 
-16.8536 -4.688202 11.2562 -3.906656 -3.942003 1.056292 
-13.8536 -4.688202 11.2562 -3.906675 -3.941994 1.056279 
-13.5 -4.829602 11.2941 7.510185e-06 -5.389481 1.444188 
-13.1464 -4.688202 11.2562 3.906662 -3.942 1.0563 
-16.1464 -4.688202 11.2562 3.906657 -3.94201 1.056322 
-19.8536 -4.688202 11.2562 -3.906671 -3.942006 1.056271 
-19.5 -4.829602 11.2941 7.525086e-06 -5.389481 1.444188 
-19.1464 -4.688202 11.2562 3.906662 -3.942 1.0563 
-22.5 -4.829602 11.2941 -1.28746e-05 -5.389482 1.444196 
-22.1464 -4.688202 11.2562 3.906672 -3.942013 1.056301 
-22.8536 -4.688202 11.2562 -3.90666 -3.941998 1.056331 
-22 -4.500001 9.999999 3.12203 -4.407335 2.607703e-07 
-20 -4.500001 9.999999 -3.122014 -4.407367 -2.868474e-07 
-19 -4.500001 9.999999 3.122014 -4.407367 -2.272427e-07 
-17 -4.500001 9.999999 -3.122022 -4.407351 2.716482e-05 
-16 -4.500001 9.999999 3.12203 -4.407335 2.607703e-07 
-14 -4.500001 9.999999 -3.122022 -4.407351 2.716482e-05 
-13 -4.500001 9.999999 3.122022 -4.407351 2.723187e-05 
-11 -4.500001 9.999999 -3.122022 -4.407351 2.716482e-05 
-9.999999 -4.500001 9.999999 3.122019 -4.407358 2.718717e-05 
-8 -4.500001 9.999999 -3.122032 -4.407331 2.30968e-07 
-7 -4.500001 9.999999 3.122036 -4.407324 2.756715e-07 
-5 -4.500001 9.999999 -3.122024 -4.407348 -2.725981e-05 
-4 -4.500001 9.999999 3.122027 -4.407341 -2.718344e-05 
-2 -4.500001 9.999999 -3.122024 -4.407348 -2.725981e-05 
-10.8536 -4.853602 9.999999 -3.906734 -4.080927 2.596714e-05 
-10.5 -5.000001 9.999999 0 -5.579521 -1.966953e-06 
-4.5 -5.000001 9.999999 -2.652407e-06 -5.579524 -1.959503e-06 
-4.146399 -4.853602 9.999999 3.906734 -4.080919 -2.864748e-05 
-7.5 -5.000001 9.999999 -2.622604e-06 -5.579524 -1.966953e-06 
-7.146399 -4.853602 9.999999 3.906728 -4.080935 -9.804033e-06 
-7.8536 -4.853602 9.999999 -3.906729 -4.08094 7.453375e-06 
-10.1464 -4.853602 9.999999 3.906732 -4.080934 8.671544e-06 
-4.8536 -4.853602 9.999999 -3.906734 -4.080925 -1.139194e-05 
-1.8536 -4.853602 9.999999 -3.906734 -4.080925 -1.139194e-05 
-1.5 -5.000001 9.999999 8.940697e-08 -5.579523 -1.914799e-06 
-1.1464 -4.853602 9.999999 3.906734 -4.080925 -2.865493e-05 
-19.5 -5.000001 9.999999 0 -5.579521 -1.974404e-06 
-19.1464 -4.853602 9.999999 3.906739 -4.080912 -1.017749e-05 
-22.5 -5.000001 9.999999 0 -5.579521 -1.679361e-05 
-22.1464 -4.853602 9.999999 3.906729 -4.080943 -9.869225e-06 
-22.8536 -4.853602 9.999999 -3.906734 -4.080927 -2.868474e-05 
-19.8536 -4.853602 9.999999 -3.906739 -4.080912 7.137656e-06 
-16.5 -5.000001 9.999999 0 -5.579521 -1.974404e-06 
-16.1464 -4.853602 9.999999 3.906729 -4.080943 -9.854324e-06 
-16.8536 -4.853602 9.999999 -3.906734 -4.080927 2.596714e-05 
-13.8536 -4.853602 9.999999 -3.906734 -4.080927 2.596714e-05 
-13.5 -5.000001 9.999999 0 -5.579521 -1.966953e-06 
-13.1464 -4.853602 9.999999 3.906734 -4.080928 8.652918e-06 
-22 -4.346703 8.835299 3.122073 -4.257317 -1.140804 
-20 -4.346703 8.835299 -3.122065 -4.25734 -1.140782 
-19 -4.346703 8.835299 3.122065 -4.25734 -1.140782 
-17 -4.346703 8.835299 -3.122078 -4.257312 -1.140786 
-16 -4.346703 8.835299 3.122073 -4.257317 -1.140804 
-14 -4.346703 8.835299 -3.122073 -4.257318 -1.140804 
-13 -4.346703 8.835299 3.122073 -4.257317 -1.140804 
-11 -4.346703 8.835299 -3.122073 -4.257318 -1.140804 
-9.999999 -4.346703 8.835299 3.12207 -4.257324 -1.140806 
-8 -4.346703 8.835299 -3.122075 -4.257314 -1.140803 
-7 -4.346703 8.835299 3.122078 -4.257307 -1.140802 
-5 -4.346703 8.835299 -3.122066 -4.257337 -1.140781 
-4 -4.346703 8.835299 3.122069 -4.25733 -1.140779 
-2 -4.346703 8.835299 -3.122066 -4.257337 -1.140781 
-10.8536 -4.688201 8.743799 -3.906659 -3.942 -1.056333 
-10.5 -4.829601 8.705899 -7.629395e-06 -5.38948 -1.444191 
-4.5 -4.829601 8.705899 2.682209e-06 -5.389495 -1.444176 
-4.146399 -4.688201 8.743799 3.906673 -3.941988 -1.05628 
-7.8536 -4.688201 8.743799 -3.906659 -3.941998 -1.056333 
-7.5 -4.829601 8.705899 -1.011789e-05 -5.389482 -1.444192 
-4.8536 -4.688201 8.743799 -3.90668 -3.94199 -1.056289 
-7.146399 -4.688201 8.743799 3.906667 -3.941999 -1.056302 
-10.1464 -4.688201 8.743799 3.906666 -3.942012 -1.056306 
-1.5 -4.829601 8.705899 -7.495284e-06 -5.389482 -1.444191 
-1.1464 -4.688201 8.743799 3.90667 -3.942006 -1.056272 
-1.8536 -4.688201 8.743799 -3.906665 -3.941988 -1.05631 
-19.5 -4.829601 8.705899 -7.629395e-06 -5.38948 -1.444191 
-19.1464 -4.688201 8.743799 3.906673 -3.941996 -1.056282 
-22.5 -4.829601 8.705899 1.275539e-05 -5.389479 -1.444183 
-22.1464 -4.688201 8.743799 3.906652 -3.942004 -1.056325 
-22.8536 -4.688201 8.743799 -3.906672 -3.941994 -1.056282 
-19.8536 -4.688201 8.743799 -3.906664 -3.94199 -1.056311 
-16.5 -4.829601 8.705899 -7.629395e-06 -5.38948 -1.444191 
-16.1464 -4.688201 8.743799 3.906668 -3.942006 -1.056304 
-16.8536 -4.688201 8.743799 -3.906656 -3.942013 -1.056325 
-13.8536 -4.688201 8.743799 -3.906659 -3.942 -1.056333 
-13.5 -4.829601 8.705899 5.185604e-06 -5.389468 -1.444207 
-13.1464 -4.688201 8.743799 3.906652 -3.942004 -1.056325 
-22 -3.897101 7.75 3.12198 -3.816933 -2.203712 
-20 -3.897101 7.75 -3.121976 -3.816933 -2.203727 
-19 -3.897101 7.75 3.121976 -3.816933 -2.203727 
-17 -3.897101 7.75 -3.121985 -3.816916 -2.203722 
-16 -3.897101 7.75 3.12198 -3.816933 -2.203712 
-14 -3.897101 7.75 -3.12198 -3.816933 -2.203712 
-13 -3.897101 7.75 3.12198 -3.816933 -2.203712 
-11 -3.897101 7.75 -3.12198 -3.816933 -2.203712 
-8 -3.897101 7.75 -3.121978 -3.81693 -2.203725 
-9.999999 -3.897101 7.75 3.121977 -3.816939 -2.203715 
-7 -3.897101 7.75 3.121981 -3.816924 -2.203722 
-5 -3.897101 7.75 -3.121982 -3.81693 -2.20371 
-4 -3.897101 7.75 3.121985 -3.816924 -2.203707 
-2 -3.897101 7.75 -3.121982 -3.81693 -2.20371 
-10.8536 -4.203301 7.5732 -3.906853 -3.534224 -2.04047 
-10.5 -4.330102 7.5 1.138449e-05 -4.831946 -2.789758 
-4.5 -4.330102 7.5 2.18451e-05 -4.831947 -2.789779 
-4.146399 -4.203301 7.5732 3.906839 -3.534189 -2.040521 
-7.5 -4.330102 7.5 9.000301e-06 -4.831949 -2.789759 
-7.146399 -4.203301 7.5732 3.906841 -3.534178 -2.040525 
-7.8536 -4.203301 7.5732 -3.906855 -3.534211 -2.040473 
-10.1464 -4.203301 7.5732 3.906837 -3.534202 -2.040528 
-4.8536 -4.203301 7.5732 -3.906868 -3.534208 -2.040486 
-1.5 -4.330102 7.5 1.129508e-05 -4.831948 -2.789758 
-1.1464 -4.203301 7.5732 3.906836 -3.534197 -2.040539 
-1.8536 -4.203301 7.5732 -3.906853 -3.534222 -2.040469 
-16.8536 -4.203301 7.5732 -3.906849 -3.534227 -2.040485 
-16.5 -4.330102 7.5 1.138449e-05 -4.831946 -2.789758 
-13.8536 -4.203301 7.5732 -3.906853 -3.534224 -2.04047 
-13.5 -4.330102 7.5 2.413988e-05 -4.831949 -2.789738 
-13.1464 -4.203301 7.5732 3.906825 -3.53421 -2.040509 
-16.1464 -4.203301 7.5732 3.906839 -3.534196 -2.040525 
-19.8536 -4.203301 7.5732 -3.906855 -3.534213 -2.040474 
-19.5 -4.330102 7.5 1.138449e-05 -4.831946 -2.789758 
-19.1464 -4.203301 7.5732 3.906842 -3.534186 -2.040529 
-22.1464 -4.203301 7.5732 3.906825 -3.53421 -2.040509 
-22.5 -4.330102 7.5 3.713369e-05 -4.831946 -2.789758 
-22.8536 -4.203301 7.5732 -3.90687 -3.5342 -2.040491 
-22 -3.182001 6.817999 3.122075 -3.116558 -3.116576 
-20 -3.182001 6.817999 -3.122071 -3.116572 -3.116573 
-19 -3.182001 6.817999 3.122071 -3.116572 -3.116573 
-17 -3.182001 6.817999 -3.122075 -3.116558 -3.116576 
-16 -3.182001 6.817999 3.122075 -3.116558 -3.116576 
-14 -3.182001 6.817999 -3.122075 -3.116558 -3.116576 
-13 -3.182001 6.817999 3.122075 -3.116558 -3.116576 
-11 -3.182001 6.817999 -3.122075 -3.116558 -3.116576 
-9.999999 -3.182001 6.817999 3.122075 -3.116566 -3.116567 
-8 -3.182001 6.817999 -3.122077 -3.116573 -3.116555 
-7 -3.182001 6.817999 3.12208 -3.116569 -3.11655 
-5 -3.182001 6.817999 -3.122081 -3.116559 -3.116559 
-4 -3.182001 6.817999 3.122084 -3.116554 -3.116554 
-2 -3.182001 6.817999 -3.122081 -3.116559 -3.116559 
-10.8536 -3.432001 6.567999 -3.906525 -2.885734 -2.885804 
-10.5 -3.535501 6.464499 3.576279e-07 -3.945481 -3.945482 
-4.5 -3.535501 6.464499 -2.43634e-06 -3.945483 -3.945483 
-4.146399 -3.432001 6.567999 3.906521 -2.885797 -2.88574 
-7.8536 -3.432001 6.567999 -3.906524 -2.885745 -2.885789 
-7.5 -3.535501 6.464499 -2.43634e-06 -3.945483 -3.945483 
-7.146399 -3.432001 6.567999 3.906524 -2.885798 -2.885729 
-4.8536 -3.432001 6.567999 -3.906522 -2.885744 -2.885801 
-10.1464 -3.432001 6.567999 3.906519 -2.885807 -2.885751 
-1.5 -3.535501 6.464499 2.384186e-07 -3.945482 -3.945482 
-1.1464 -3.432001 6.567999 3.906521 -2.885801 -2.885744 
-1.8536 -3.432001 6.567999 -3.906522 -2.885744 -2.885801 
-16.8536 -3.432001 6.567999 -3.906525 -2.885734 -2.885804 
-16.5 -3.535501 6.464499 3.72529e-07 -3.945481 -3.945482 
-13.8536 -3.432001 6.567999 -3.906525 -2.885734 -2.885804 
-13.5 -3.535501 6.464499 3.576279e-07 -3.945481 -3.945482 
-13.1464 -3.432001 6.567999 3.906525 -2.885791 -2.885747 
-16.1464 -3.432001 6.567999 3.906525 -2.885791 -2.885747 
-19.8536 -3.432001 6.567999 -3.906528 -2.885735 -2.885792 
-19.5 -3.535501 6.464499 3.72529e-07 -3.945481 -3.945482 
-19.1464 -3.432001 6.567999 3.906528 -2.885792 -2.885736 
-22.8536 -3.432001 6.567999 -3.906553 -2.885771 -2.885758 
-22.5 -3.535501 6.464499 4.822016e-05 -3.945481 -3.945482 
-22.1464 -3.432001 6.567999 3.906497 -2.885767 -2.88578 
-22 -2.250001 6.1029 3.121977 -2.203723 -3.816934 
-20 -2.250001 6.1029 -3.121982 -2.203732 -3.816918 
-19 -2.250001 6.1029 3.121982 -2.203732 -3.816918 
-17 -2.250001 6.1029 -3.121977 -2.203723 -3.816934 
-16 -2.250001 6.1029 3.121977 -2.203723 -3.816934 
-14 -2.250001 6.1029 -3.121982 -2.203732 -3.816918 
-13 -2.250001 6.1029 3.121982 -2.203732 -3.816918 
-11 -2.250001 6.1029 -3.121982 -2.203732 -3.816918 
-9.999999 -2.250001 6.1029 3.121983 -2.203721 -3.816925 
-8 -2.250001 6.1029 -3.121983 -2.203706 -3.816931 
-7 -2.250001 6.1029 3.121986 -2.203703 -3.816925 
-5 -2.250001 6.1029 -3.121983 -2.203707 -3.816931 
-4 -2.250001 6.1029 3.121991 -2.203712 -3.816909 
-2 -2.250001 6.1029 -3.121988 -2.203716 -3.816915 
-10.8536 -2.426801 5.7967 -3.906838 -2.040543 -3.534188 
-10.5 -2.500001 5.669899 -1.144409e-05 -2.789757 -4.831947 
-4.5 -2.500001 5.669899 -1.377612e-05 -2.789758 -4.831949 
-4.146399 -2.426801 5.7967 3.906848 -2.04048 -3.53422 
-7.5 -2.500001 5.669899 -1.377612e-05 -2.789758 -4.831949 
-7.146399 -2.426801 5.7967 3.906851 -2.040466 -3.534218 
-10.1464 -2.426801 5.7967 3.906847 -2.040487 -3.534233 
-7.8536 -2.426801 5.7967 -3.906838 -2.040524 -3.534194 
-4.8536 -2.426801 5.7967 -3.906838 -2.040524 -3.534194 
-1.8536 -2.426801 5.7967 -3.906835 -2.040537 -3.534197 
-1.5 -2.500001 5.669899 -2.402812e-05 -2.789777 -4.831945 
-1.1464 -2.426801 5.7967 3.906863 -2.040499 -3.534211 
-19.5 -2.500001 5.669899 -1.143664e-05 -2.789757 -4.831947 
-19.1464 -2.426801 5.7967 3.906852 -2.040488 -3.534216 
-22.1464 -2.426801 5.7967 3.906841 -2.040529 -3.534186 
-22.5 -2.500001 5.669899 1.144409e-05 -2.789757 -4.831947 
-22.8536 -2.426801 5.7967 -3.906852 -2.04047 -3.534225 
-19.8536 -2.426801 5.7967 -3.906838 -2.040543 -3.534188 
-13.8536 -2.426801 5.7967 -3.906838 -2.040543 -3.534188 
-13.5 -2.500001 5.669899 -1.144409e-05 -2.789757 -4.831947 
-13.1464 -2.426801 5.7967 3.906852 -2.040488 -3.534216 
-16.5 -2.500001 5.669899 -1.143664e-05 -2.789757 -4.831947 
-16.1464 -2.426801 5.7967 3.906855 -2.040474 -3.534214 
-16.8536 -2.426801 5.7967 -3.906841 -2.040529 -3.534186 
-22 -1.164701 5.6533 3.122065 -1.14078 -4.257334 
-20 -1.164701 5.6533 -3.122077 -1.140783 -4.257308 
-17 -1.164701 5.6533 -3.122065 -1.140779 -4.257334 
-19 -1.164701 5.6533 3.122077 -1.140783 -4.257308 
-16 -1.164701 5.6533 3.122065 -1.14078 -4.257334 
-14 -1.164701 5.6533 -3.122069 -1.140762 -4.257329 
-13 -1.164701 5.6533 3.122069 -1.140762 -4.257329 
-11 -1.164701 5.6533 -3.122069 -1.140762 -4.257329 
-9.999999 -1.164701 5.6533 3.122066 -1.140764 -4.257335 
-8 -1.164701 5.6533 -3.122074 -1.1408 -4.257308 
-7 -1.164701 5.6533 3.122077 -1.140798 -4.257302 
-5 -1.164701 5.6533 -3.122074 -1.1408 -4.257308 
-4 -1.164701 5.6533 3.122082 -1.14078 -4.257297 
-2 -1.164701 5.6533 -3.122078 -1.140782 -4.257304 
-10.8536 -1.256201 5.3118 -3.906672 -1.056271 -3.942004 
-10.5 -1.294101 5.1704 6.854534e-06 -1.44419 -5.389481 
-4.5 -1.294101 5.1704 4.410744e-06 -1.44419 -5.389483 
-4.146399 -1.256201 5.3118 3.906657 -1.05632 -3.942 
-7.5 -1.294101 5.1704 4.410744e-06 -1.44419 -5.389483 
-7.146399 -1.256201 5.3118 3.906661 -1.056328 -3.941988 
-7.8536 -1.256201 5.3118 -3.906669 -1.0563 -3.942 
-10.1464 -1.256201 5.3118 3.906661 -1.056303 -3.942004 
-4.8536 -1.256201 5.3118 -3.906669 -1.0563 -3.942 
-1.1464 -1.256201 5.3118 3.906673 -1.0563 -3.942008 
-1.5 -1.294101 5.1704 -5.781651e-06 -1.444174 -5.389494 
-1.8536 -1.256201 5.3118 -3.906666 -1.056291 -3.942011 
-19.5 -1.294101 5.1704 6.839633e-06 -1.44419 -5.389481 
-19.1464 -1.256201 5.3118 3.906659 -1.056322 -3.942008 
-22.5 -1.294101 5.1704 -1.269579e-05 -1.444198 -5.389482 
-22.1464 -1.256201 5.3118 3.906682 -1.056288 -3.941989 
-22.8536 -1.256201 5.3118 -3.906661 -1.05633 -3.941996 
-19.8536 -1.256201 5.3118 -3.906667 -1.056292 -3.942014 
-16.5 -1.294101 5.1704 6.839633e-06 -1.44419 -5.389481 
-16.1464 -1.256201 5.3118 3.906667 -1.056309 -3.941986 
-16.8536 -1.256201 5.3118 -3.906675 -1.056279 -3.941993 
-13.8536 -1.256201 5.3118 -3.906672 -1.056271 -3.942004 
-13.5 -1.294101 5.1704 6.839633e-06 -1.44419 -5.389481 
-13.1464 -1.256201 5.3118 3.906664 -1.056301 -3.941998 
-22 -1e-06 5.5 3.122024 -2.598017e-05 -4.407353 
-20 -1e-06 5.5 -3.122032 5.960464e-08 -4.407339 
-19 -1e-06 5.5 3.122032 6.705523e-08 -4.407338 
-17 -1e-06 5.5 -3.122024 -2.595782e-05 -4.407354 
-16 -1e-06 5.5 3.122024 -2.598017e-05 -4.407353 
-14 -1e-06 5.5 -3.122016 4.842877e-08 -4.407369 
-13 -1e-06 5.5 3.122016 5.587935e-08 -4.407369 
-11 -1e-06 5.5 -3.122024 -2.595782e-05 -4.407354 
-9.999999 -1e-06 5.5 3.12202 -2.598763e-05 -4.407361 
-8 -1e-06 5.5 -3.122025 2.605096e-05 -4.407349 
-7 -1e-06 5.5 3.122029 2.608355e-05 -4.407343 
-5 -1e-06 5.5 -3.122033 4.470348e-08 -4.407335 
-4 -1e-06 5.5 3.122037 5.960464e-08 -4.407328 
-2 -1e-06 5.5 -3.122025 2.606586e-05 -4.40735 
-10.8536 -1e-06 5.1464 -3.906741 -2.744608e-05 -4.080927 
-10.5 -1e-06 5 0 2.980232e-08 -5.579515 
-4.5 -1e-06 5 -2.652407e-06 3.352761e-08 -5.579517 
-4.146399 -1e-06 5.1464 3.906734 9.597279e-06 -4.080934 
-7.5 -1e-06 5 -2.622604e-06 2.980232e-08 -5.579517 
-7.146399 -1e-06 5.1464 3.90674 2.745539e-05 -4.080919 
-7.8536 -1e-06 5.1464 -3.906741 8.299947e-06 -4.080925 
-10.1464 -1e-06 5.1464 3.906738 -8.21054e-06 -4.080934 
-4.8536 -1e-06 5.1464 -3.906735 -9.557232e-06 -4.08094 
-1.5 -1e-06 5 -5.960464e-08 4.470348e-08 -5.579515 
-1.1464 -1e-06 5.1464 3.906741 2.748519e-05 -4.080925 
-1.8536 -1e-06 5.1464 -3.906741 8.299947e-06 -4.080925 
-19.5 -1e-06 5 0 2.980232e-08 -5.579515 
-19.1464 -1e-06 5.1464 3.906736 9.66154e-06 -4.080943 
-22.5 -1e-06 5 2.980232e-08 5.960464e-08 -5.579522 
-22.1464 -1e-06 5.1464 3.906748 -1.78311e-05 -4.080926 
-22.8536 -1e-06 5.1464 -3.906747 1.788884e-05 -4.080925 
-19.8536 -1e-06 5.1464 -3.906736 -9.594485e-06 -4.080943 
-16.5 -1e-06 5 0 2.980232e-08 -5.579515 
-16.1464 -1e-06 5.1464 3.906741 -8.219853e-06 -4.080927 
-16.8536 -1e-06 5.1464 -3.906741 -2.744608e-05 -4.080927 
-13.5 -1e-06 5 0 2.980232e-08 -5.579515 
-13.1464 -1e-06 5.1464 3.906746 9.655952e-06 -4.080912 
-13.8536 -1e-06 5.1464 -3.906746 -9.588897e-06 -4.080912 
-22 1.164699 5.6533 3.122073 1.140802 -4.257312 
-20 1.164699 5.6533 -3.122073 1.140803 -4.257312 
-19 1.164699 5.6533 3.122073 1.140802 -4.257312 
-17 1.164699 5.6533 -3.122077 1.140784 -4.257307 
-16 1.164699 5.6533 3.122077 1.140784 -4.257307 
-14 1.164699 5.6533 -3.12207 1.140763 -4.257329 
-13 1.164699 5.6533 3.122065 1.140781 -4.257333 
-11 1.164699 5.6533 -3.122073 1.140803 -4.257312 
-9.999999 1.164699 5.6533 3.122069 1.140804 -4.257318 
-8 1.164699 5.6533 -3.122067 1.14078 -4.25733 
-7 1.164699 5.6533 3.12207 1.140779 -4.257324 
-5 1.164699 5.6533 -3.122079 1.140783 -4.257303 
-4 1.164699 5.6533 3.122082 1.140782 -4.257297 
-2 1.164699 5.6533 -3.122067 1.14078 -4.25733 
-10.8536 1.256199 5.3118 -3.906662 1.05633 -3.941996 
-10.5 1.294099 5.1704 5.982816e-06 1.444205 -5.389469 
-4.5 1.294099 5.1704 -9.082258e-06 1.444191 -5.389482 
-4.146399 1.256199 5.3118 3.906665 1.056291 -3.942006 
-7.8536 1.256199 5.3118 -3.906667 1.056309 -3.941984 
-7.5 1.294099 5.1704 -9.082258e-06 1.444191 -5.389482 
-4.8536 1.256199 5.3118 -3.906658 1.056322 -3.942005 
-7.146399 1.256199 5.3118 3.906674 1.056278 -3.941984 
-10.1464 1.256199 5.3118 3.906652 1.056323 -3.942006 
-1.8536 1.256199 5.3118 -3.906667 1.056309 -3.941984 
-1.5 1.294099 5.1704 -6.400049e-06 1.444191 -5.389482 
-1.1464 1.256199 5.3118 3.906674 1.056279 -3.941989 
-16.8536 1.256199 5.3118 -3.906658 1.056322 -3.942008 
-16.5 1.294099 5.1704 -6.41495e-06 1.444191 -5.389481 
-13.8536 1.256199 5.3118 -3.906664 1.056301 -3.941998 
-13.5 1.294099 5.1704 -6.437302e-06 1.444191 -5.38948 
-13.1464 1.256199 5.3118 3.906674 1.05628 -3.941992 
-16.1464 1.256199 5.3118 3.906666 1.056293 -3.942014 
-19.8536 1.256199 5.3118 -3.906662 1.05633 -3.941996 
-19.5 1.294099 5.1704 -6.41495e-06 1.444191 -5.389481 
-19.1464 1.256199 5.3118 3.906669 1.056301 -3.942002 
-22.8536 1.256199 5.3118 -3.906678 1.056281 -3.942 
-22.5 1.294099 5.1704 -5.960464e-08 1.444184 -5.389493 
-22.1464 1.256199 5.3118 3.906676 1.05631 -3.941998 
-22 2.249999 6.102901 3.121982 2.203708 -3.816931 
-20 2.249999 6.102901 -3.121978 2.203724 -3.816931 
-19 2.249999 6.102901 3.121978 2.203724 -3.816932 
-17 2.249999 6.102901 -3.121987 2.203718 -3.816915 
-16 2.249999 6.102901 3.121987 2.203718 -3.816915 
-14 2.249999 6.102901 -3.121983 2.203733 -3.816916 
-13 2.249999 6.102901 3.121978 2.203724 -3.816932 
-11 2.249999 6.102901 -3.121982 2.203708 -3.816931 
-9.999999 2.249999 6.102901 3.121979 2.203712 -3.816937 
-8 2.249999 6.102901 -3.121984 2.203706 -3.816928 
-5 2.249999 6.102901 -3.121989 2.203716 -3.816912 
-7 2.249999 6.102901 3.121987 2.203703 -3.816922 
-4 2.249999 6.102901 3.121992 2.203712 -3.816906 
-2 2.249999 6.102901 -3.121984 2.203707 -3.816928 
-10.8536 2.426799 5.7967 -3.906846 2.040471 -3.534223 
-10.5 2.499999 5.6699 2.354383e-05 2.789743 -4.831954 
-4.5 2.499999 5.6699 8.776784e-06 2.789763 -4.831954 
-4.146399 2.426799 5.7967 3.906828 2.040534 -3.534191 
-7.5 2.499999 5.6699 8.776784e-06 2.789763 -4.831954 
-7.146399 2.426799 5.7967 3.906832 2.04052 -3.534189 
-7.8536 2.426799 5.7967 -3.906846 2.04047 -3.534221 
-10.1464 2.426799 5.7967 3.906816 2.040511 -3.534215 
-4.8536 2.426799 5.7967 -3.906843 2.040484 -3.534223 
-1.5 2.499999 5.6699 1.128018e-05 2.789763 -4.831952 
-1.1464 2.426799 5.7967 3.906836 2.040527 -3.534183 
-1.8536 2.426799 5.7967 -3.906846 2.04047 -3.534221 
-19.5 2.499999 5.6699 1.136959e-05 2.789762 -4.831952 
-19.1464 2.426799 5.7967 3.906836 2.040528 -3.534185 
-22.5 2.499999 5.6699 -2.354383e-05 2.789781 -4.831949 
-22.1464 2.426799 5.7967 3.906861 2.040487 -3.53421 
-22.8536 2.426799 5.7967 -3.906833 2.040543 -3.534188 
-19.8536 2.426799 5.7967 -3.906849 2.040475 -3.534212 
-13.8536 2.426799 5.7967 -3.906846 2.040489 -3.534214 
-13.5 2.499999 5.6699 1.138449e-05 2.789762 -4.831951 
-13.1464 2.426799 5.7967 3.906836 2.040528 -3.534185 
-16.5 2.499999 5.6699 1.138449e-05 2.789762 -4.831951 
-16.1464 2.426799 5.7967 3.90683 2.040538 -3.534199 
-16.8536 2.426799 5.7967 -3.906843 2.040485 -3.534226 
-22 3.181999 6.818 3.122075 3.116575 -3.116558 
-20 3.181999 6.818 -3.122071 3.116571 -3.116573 
-19 3.181999 6.818 3.122071 3.116571 -3.116573 
-17 3.181999 6.818 -3.122078 3.116561 -3.116562 
-16 3.181999 6.818 3.122078 3.116561 -3.116562 
-14 3.181999 6.818 -3.122075 3.116557 -3.116577 
-13 3.181999 6.818 3.122075 3.116557 -3.116577 
-11 3.181999 6.818 -3.122078 3.116561 -3.116562 
-9.999999 3.181999 6.818 3.122076 3.116566 -3.116567 
-8 3.181999 6.818 -3.12208 3.116559 -3.11656 
-7 3.181999 6.818 3.122083 3.116553 -3.116554 
-5 3.181999 6.818 -3.12208 3.116559 -3.11656 
-4 3.181999 6.818 3.122083 3.116553 -3.116554 
-2 3.181999 6.818 -3.12208 3.116559 -3.11656 
-10.8536 3.431999 6.568 -3.906523 2.885803 -2.885746 
-10.5 3.535499 6.4645 -4.172325e-07 3.945482 -3.945481 
-4.5 3.535499 6.4645 -2.965331e-06 3.945483 -3.945482 
-4.146399 3.431999 6.568 3.906523 2.885741 -2.885796 
-7.5 3.535499 6.4645 -2.965331e-06 3.945483 -3.945482 
-7.146399 3.431999 6.568 3.906523 2.885741 -2.885796 
-7.8536 3.431999 6.568 -3.906523 2.885801 -2.885744 
-10.1464 3.431999 6.568 3.906521 2.885751 -2.885806 
-4.8536 3.431999 6.568 -3.906523 2.885801 -2.885744 
-1.5 3.535499 6.4645 -3.576279e-07 3.945482 -3.945481 
-1.1464 3.431999 6.568 3.906526 2.885733 -2.885801 
-1.8536 3.431999 6.568 -3.906523 2.885801 -2.885744 
-19.5 3.535499 6.4645 -4.172325e-07 3.945482 -3.945481 
-19.1464 3.431999 6.568 3.906529 2.885736 -2.885791 
-22.1464 3.431999 6.568 3.906526 2.885803 -2.885735 
-22.5 3.535499 6.4645 -2.360344e-05 3.945495 -3.945446 
-22.8536 3.431999 6.568 -3.906498 2.885767 -2.885779 
-19.8536 3.431999 6.568 -3.906529 2.885792 -2.885736 
-13.8536 3.431999 6.568 -3.906526 2.885791 -2.885747 
-13.5 3.535499 6.4645 -4.172325e-07 3.945482 -3.945481 
-13.1464 3.431999 6.568 3.906527 2.885735 -2.885802 
-16.8536 3.431999 6.568 -3.906523 2.885803 -2.885746 
-16.5 3.535499 6.4645 -4.172325e-07 3.945482 -3.945481 
-16.1464 3.431999 6.568 3.906524 2.885746 -2.885801 
-22 3.897099 7.75 3.121983 3.81692 -2.203734 
-20 3.897099 7.75 -3.121983 3.81692 -2.203734 
-19 3.897099 7.75 3.121983 3.81692 -2.203734 
-17 3.897099 7.75 -3.121982 3.816935 -2.20371 
-16 3.897099 7.75 3.121982 3.816935 -2.20371 
-14 3.897099 7.75 -3.121982 3.816936 -2.20371 
-13 3.897099 7.75 3.121982 3.816935 -2.20371 
-11 3.897099 7.75 -3.121982 3.816935 -2.20371 
-9.999999 3.897099 7.75 3.121979 3.816941 -2.203714 
-8 3.897099 7.75 -3.121988 3.816916 -2.203717 
-7 3.897099 7.75 3.121987 3.816926 -2.203705 
-5 3.897099 7.75 -3.121988 3.816916 -2.203717 
-4 3.897099 7.75 3.121992 3.816911 -2.203714 
-2 3.897099 7.75 -3.121983 3.816932 -2.203708 
-10.8536 4.203299 7.573201 -3.90682 3.534214 -2.040507 
-10.5 4.330099 7.5 -2.413988e-05 4.83195 -2.789737 
-4.5 4.330099 7.5 -1.297891e-05 4.831951 -2.789759 
-4.146399 4.203299 7.573201 3.906845 3.534223 -2.040479 
-7.5 4.330099 7.5 -1.297891e-05 4.831951 -2.789759 
-7.146399 4.203299 7.573201 3.906848 3.534221 -2.040466 
-7.8536 4.203299 7.573201 -3.906833 3.534199 -2.040537 
-10.1464 4.203299 7.573201 3.906846 3.534233 -2.040473 
-4.8536 4.203299 7.573201 -3.906833 3.534199 -2.040537 
-1.8536 4.203299 7.573201 -3.906836 3.534196 -2.040523 
-1.5 4.330099 7.5 -1.043081e-05 4.83195 -2.789759 
-1.1464 4.203299 7.573201 3.906846 3.534227 -2.040482 
-16.8536 4.203299 7.573201 -3.906837 3.534199 -2.040525 
-16.5 4.330099 7.5 -1.060963e-05 4.831948 -2.789758 
-13.8536 4.203299 7.573201 -3.906837 3.534199 -2.040525 
-13.5 4.330099 7.5 -1.060963e-05 4.831948 -2.789758 
-13.1464 4.203299 7.573201 3.906849 3.534227 -2.040469 
-16.1464 4.203299 7.573201 3.906849 3.534227 -2.040469 
-22.5 4.330099 7.5 0 4.831917 -2.789801 
-22.1464 4.203299 7.573201 3.906836 3.534191 -2.040542 
-22.8536 4.203299 7.573201 -3.906837 3.534199 -2.040525 
-19.8536 4.203299 7.573201 -3.906836 3.534191 -2.040542 
-19.5 4.330099 7.5 -2.419949e-05 4.831946 -2.789778 
-19.1464 4.203299 7.573201 3.906864 3.534205 -2.040505 
-22 4.346699 8.835301 3.122076 4.257307 -1.140782 
-20 4.346699 8.835301 -3.122068 4.257329 -1.140761 
-19 4.346699 8.835301 3.122068 4.257329 -1.140761 
-17 4.346699 8.835301 -3.122072 4.257312 -1.1408 
-14 4.346699 8.835301 -3.122072 4.257312 -1.1408 
-16 4.346699 8.835301 3.122072 4.257312 -1.1408 
-13 4.346699 8.835301 3.122072 4.257312 -1.1408 
-11 4.346699 8.835301 -3.122064 4.257334 -1.140779 
-9.999999 4.346699 8.835301 3.122061 4.25734 -1.14078 
-8 4.346699 8.835301 -3.122078 4.257303 -1.140781 
-7 4.346699 8.835301 3.122077 4.257302 -1.140797 
-5 4.346699 8.835301 -3.12207 4.257326 -1.14076 
-4 4.346699 8.835301 3.122073 4.257319 -1.140758 
-2 4.346699 8.835301 -3.122066 4.25733 -1.140778 
-10.5 4.829597 8.705901 -6.79493e-06 5.38948 -1.444211 
-10.8536 4.688199 8.743801 -3.906646 3.941994 -1.056301 
-4.5 4.829597 8.705901 4.276633e-06 5.389496 -1.444195 
-4.146399 4.688199 8.743801 3.90665 3.941993 -1.056302 
-7.5 4.829597 8.705901 4.276633e-06 5.389496 -1.444195 
-7.146399 4.688199 8.743801 3.906649 3.941992 -1.056331 
-7.8536 4.688199 8.743801 -3.906654 3.942016 -1.056291 
-10.1464 4.688199 8.743801 3.906652 3.941996 -1.056313 
-4.8536 4.688199 8.743801 -3.906659 3.942006 -1.05627 
-1.8536 4.688199 8.743801 -3.906662 3.941995 -1.056278 
-1.5 4.829597 8.705901 6.780028e-06 5.389494 -1.444195 
-1.1464 4.688199 8.743801 3.906651 3.941999 -1.056303 
-19.1464 4.688199 8.743801 3.906668 3.942004 -1.056281 
-19.5 4.829597 8.705901 -6.79493e-06 5.389506 -1.444178 
-22.1464 4.688199 8.743801 3.906662 3.942014 -1.056302 
-22.5 4.829597 8.705901 -6.832182e-06 5.389506 -1.444178 
-22.8536 4.688199 8.743801 -3.906657 3.942005 -1.0563 
-19.8536 4.688199 8.743801 -3.90666 3.942008 -1.056271 
-13.8536 4.688199 8.743801 -3.906657 3.942007 -1.0563 
-13.5 4.829597 8.705901 6.735325e-06 5.389493 -1.444194 
-13.1464 4.688199 8.743801 3.90665 3.942 -1.056333 
-16.8536 4.688199 8.743801 -3.906657 3.942007 -1.0563 
-16.5 4.829597 8.705901 6.735325e-06 5.389493 -1.444194 
-16.1464 4.688199 8.743801 3.90665 3.942 -1.056333 
3 0 1 2 159 166 166 255 
3 0 2 3 159 166 166 255 
3 0 3 4 159 166 166 255 
3 0 4 5 159 166 166 255 
3 0 5 6 159 166 166 255 
3 7 8 9 159 166 166 255 
3 9 8 10 159 166 166 255 
3 9 10 1 159 166 166 255 
3 1 10 11 159 166 166 255 
3 1 11 2 159 166 166 255 
3 6 5 12 159 166 166 255 
3 6 12 13 159 166 166 255 
3 6 13 14 159 166 166 255 
3 6 14 15 159 166 166 255 
3 6 15 16 159 166 166 255 
3 6 16 17 159 166 166 255 
3 6 17 18 159 166 166 255 
3 6 18 19 159 166 166 255 
3 6 19 20 159 166 166 255 
3 6 20 21 159 166 166 255 
3 19 18 22 159 166 166 255 
3 19 22 23 159 166 166 255 
3 19 23 24 159 166 166 255 
3 19 24 25 159 166 166 255 
3 19 25 26 159 166 166 255 
3 19 26 27 159 166 166 255 
3 19 27 28 159 166 166 255 
3 19 28 29 159 166 166 255 
3 29 28 30 159 166 166 255 
3 29 30 31 159 166 166 255 
3 29 31 32 159 166 166 255 
3 29 32 8 159 166 166 255 
3 33 10 8 159 166 166 255 
3 33 8 32 159 166 166 255 
3 34 35 36 159 166 166 255 
3 34 36 37 159 166 166 255 
3 34 37 38 159 166 166 255 
3 34 38 39 159 166 166 255 
3 34 39 40 159 166 166 255 
3 41 42 43 159 166 166 255 
3 43 42 44 159 166 166 255 
3 43 44 35 159 166 166 255 
3 35 44 45 159 166 166 255 
3 35 45 36 159 166 166 255 
3 46 47 40 159 166 166 255 
3 40 47 48 159 166 166 255 
3 40 48 49 159 166 166 255 
3 49 48 50 159 166 166 255 
3 49 50 51 159 166 166 255 
3 40 39 52 159 166 166 255 
3 40 52 53 159 166 166 255 
3 40 53 46 159 166 166 255 
3 51 54 55 159 166 166 255 
3 55 54 56 159 166 166 255 
3 55 56 57 159 166 166 255 
3 57 56 58 159 166 166 255 
3 57 58 59 159 166 166 255 
3 57 59 60 159 166 166 255 
3 57 60 61 159 166 166 255 
3 57 61 62 159 166 166 255 
3 57 62 63 159 166 166 255 
3 63 62 64 159 166 166 255 
3 63 64 65 159 166 166 255 
3 63 65 66 159 166 166 255 
3 63 66 42 159 166 166 255 
3 67 44 42 159 166 166 255 
3 67 42 66 159 166 166 255 
3 34 68 69 159 166 166 255 
3 69 68 70 159 166 166 255 
3 69 70 71 159 166 166 255 
3 71 70 72 159 166 166 255 
3 71 72 73 159 166 166 255 
3 73 72 74 159 166 166 255 
3 73 74 75 159 166 166 255 
3 75 74 76 159 166 166 255 
3 75 76 77 159 166 166 255 
3 77 76 78 159 166 166 255 
3 77 78 79 159 166 166 255 
3 79 78 80 159 166 166 255 
3 79 80 81 159 166 166 255 
3 81 80 82 159 166 166 255 
3 81 82 83 159 166 166 255 
3 83 82 84 159 166 166 255 
3 83 84 85 159 166 166 255 
3 85 84 86 159 166 166 255 
3 85 86 87 159 166 166 255 
3 87 86 88 159 166 166 255 
3 87 88 89 159 166 166 255 
3 89 88 90 159 166 166 255 
3 89 90 91 159 166 166 255 
3 91 90 92 159 166 166 255 
3 91 92 93 159 166 166 255 
3 93 92 8 159 166 166 255 
3 93 8 35 159 166 166 255 
3 35 8 94 159 166 166 255 
3 35 94 95 159 166 166 255 
3 35 34 96 159 166 166 255 
3 35 96 97 159 166 166 255 
3 35 97 98 159 166 166 255 
3 35 98 99 159 166 166 255 
3 35 99 100 159 166 166 255 
3 35 100 101 159 166 166 255 
3 35 101 102 159 166 166 255 
3 35 102 103 159 166 166 255 
3 35 103 93 159 166 166 255 
3 34 69 104 159 166 166 255 
3 34 104 105 159 166 166 255 
3 34 105 106 159 166 166 255 
3 34 106 96 159 166 166 255 
3 8 92 107 159 166 166 255 
3 8 107 108 159 166 166 255 
3 8 108 109 159 166 166 255 
3 8 109 110 159 166 166 255 
3 8 110 111 159 166 166 255 
3 8 111 112 159 166 166 255 
3 8 112 113 159 166 166 255 
3 8 113 114 159 166 166 255 
3 8 114 29 159 166 166 255 
3 29 114 115 159 166 166 255 
3 29 115 116 159 166 166 255 
3 29 116 117 159 166 166 255 
3 29 117 68 159 166 166 255 
3 29 68 34 159 166 166 255 
3 118 1 42 159 166 166 255 
3 42 1 119 159 166 166 255 
3 42 119 120 159 166 166 255 
3 120 119 121 159 166 166 255 
3 120 121 122 159 166 166 255 
3 122 121 123 159 166 166 255 
3 122 123 124 159 166 166 255 
3 124 123 125 159 166 166 255 
3 124 125 126 159 166 166 255 
3 126 125 127 159 166 166 255 
3 126 127 128 159 166 166 255 
3 128 127 129 159 166 166 255 
3 128 129 130 159 166 166 255 
3 130 129 131 159 166 166 255 
3 130 131 132 159 166 166 255 
3 132 131 133 159 166 166 255 
3 132 133 134 159 166 166 255 
3 134 133 135 159 166 166 255 
3 134 135 136 159 166 166 255 
3 136 135 137 159 166 166 255 
3 136 137 138 159 166 166 255 
3 138 137 139 159 166 166 255 
3 138 139 140 159 166 166 255 
3 140 139 141 159 166 166 255 
3 140 141 142 159 166 166 255 
3 142 141 143 159 166 166 255 
3 142 143 144 159 166 166 255 
3 144 143 0 159 166 166 255 
3 144 0 63 159 166 166 255 
3 63 42 145 159 166 166 255 
3 63 145 146 159 166 166 255 
3 63 146 147 159 166 166 255 
3 63 147 148 159 166 166 255 
3 63 148 149 159 166 166 255 
3 63 149 150 159 166 166 255 
3 63 150 151 159 166 166 255 
3 63 151 152 159 166 166 255 
3 63 152 144 159 166 166 255 
3 42 120 153 159 166 166 255 
3 42 153 154 159 166 166 255 
3 42 154 155 159 166 166 255 
3 42 155 145 159 166 166 255 
3 0 143 156 159 166 166 255 
3 0 156 157 159 166 166 255 
3 0 157 158 159 166 166 255 
3 0 158 159 159 166 166 255 
3 0 159 160 159 166 166 255 
3 0 160 161 159 166 166 255 
3 0 161 162 159 166 166 255 
3 0 162 163 159 166 166 255 
3 0 163 1 159 166 166 255 
3 1 163 164 159 166 166 255 
3 1 164 165 159 166 166 255 
3 1 165 166 159 166 166 255 
3 1 166 119 159 166 166 255 
3 1 118 167 159 166 166 255 
3 168 41 9 159 166 166 255 
3 9 41 169 159 166 166 255 
3 9 169 170 159 166 166 255 
3 170 169 171 159 166 166 255 
3 170 171 172 159 166 166 255 
3 172 171 173 159 166 166 255 
3 172 173 174 159 166 166 255 
3 174 173 175 159 166 166 255 
3 174 175 176 159 166 166 255 
3 176 175 177 159 166 166 255 
3 176 177 178 159 166 166 255 
3 178 177 179 159 166 166 255 
3 178 179 180 159 166 166 255 
3 180 179 181 159 166 166 255 
3 180 181 182 159 166 166 255 
3 182 181 183 159 166 166 255 
3 182 183 184 159 166 166 255 
3 184 183 185 159 166 166 255 
3 184 185 186 159 166 166 255 
3 186 185 187 159 166 166 255 
3 186 187 188 159 166 166 255 
3 188 187 189 159 166 166 255 
3 188 189 190 159 166 166 255 
3 190 189 191 159 166 166 255 
3 190 191 192 159 166 166 255 
3 192 191 193 159 166 166 255 
3 192 193 194 159 166 166 255 
3 194 193 195 159 166 166 255 
3 194 195 196 159 166 166 255 
3 196 197 194 159 166 166 255 
3 194 197 198 159 166 166 255 
3 194 198 199 159 166 166 255 
3 199 198 200 159 166 166 255 
3 199 200 201 159 166 166 255 
3 201 200 202 159 166 166 255 
3 201 202 203 159 166 166 255 
3 203 202 204 159 166 166 255 
3 203 204 205 159 166 166 255 
3 205 204 206 159 166 166 255 
3 205 206 207 159 166 166 255 
3 207 206 208 159 166 166 255 
3 207 208 209 159 166 166 255 
3 209 208 210 159 166 166 255 
3 209 210 211 159 166 166 255 
3 211 210 212 159 166 166 255 
3 211 212 213 159 166 166 255 
3 213 212 214 159 166 166 255 
3 213 214 215 159 166 166 255 
3 215 214 216 159 166 166 255 
3 215 216 217 159 166 166 255 
3 217 216 218 159 166 166 255 
3 217 218 219 159 166 166 255 
3 219 218 220 159 166 166 255 
3 219 220 221 159 166 166 255 
3 221 220 222 159 166 166 255 
3 221 222 223 159 166 166 255 
3 223 222 43 159 166 166 255 
3 223 43 7 159 166 166 255 
3 7 43 224 159 166 166 255 
3 7 224 225 159 166 166 255 
3 7 9 226 159 166 166 255 
3 7 226 227 159 166 166 255 
3 7 227 228 159 166 166 255 
3 7 228 229 159 166 166 255 
3 7 229 230 159 166 166 255 
3 7 230 231 159 166 166 255 
3 7 231 194 159 166 166 255 
3 7 194 232 159 166 166 255 
3 7 232 233 159 166 166 255 
3 7 233 234 159 166 166 255 
3 7 234 235 159 166 166 255 
3 7 235 236 159 166 166 255 
3 7 236 237 159 166 166 255 
3 7 237 238 159 166 166 255 
3 7 238 239 159 166 166 255 
3 7 239 223 159 166 166 255 
3 194 199 240 159 166 166 255 
3 194 240 241 159 166 166 255 
3 194 241 242 159 166 166 255 
3 194 242 232 159 166 166 255 
3 9 170 243 159 166 166 255 
3 9 243 244 159 166 166 255 
3 9 244 245 159 166 166 255 
3 9 245 246 159 166 166 255 
3 9 246 247 159 166 166 255 
3 9 247 226 159 166 166 255 
3 43 222 248 159 166 166 255 
3 43 248 249 159 166 166 255 
3 43 249 250 159 166 166 255 
3 43 250 251 159 166 166 255 
3 43 251 252 159 166 166 255 
3 43 252 253 159 166 166 255 
3 43 253 254 159 166 166 255 
3 43 254 255 159 166 166 255 
3 43 255 193 159 166 166 255 
3 43 193 256 159 166 166 255 
3 43 256 257 159 166 166 255 
3 43 257 258 159 166 166 255 
3 43 258 259 159 166 166 255 
3 43 259 260 159 166 166 255 
3 43 260 261 159 166 166 255 
3 43 261 41 159 166 166 255 
3 41 261 262 159 166 166 255 
3 41 262 263 159 166 166 255 
3 41 263 264 159 166 166 255 
3 41 264 265 159 166 166 255 
3 41 265 266 159 166 166 255 
3 41 266 169 159 166 166 255 
3 41 168 267 159 166 166 255 
3 193 255 195 159 166 166 255 
3 267 168 167 159 166 166 255 
3 267 167 118 159 166 166 255 
3 95 94 225 159 166 166 255 
3 95 225 224 159 166 166 255 
3 125 123 174 159 166 166 255 
3 125 174 176 159 166 166 255 
3 130 132 181 159 166 166 255 
3 130 181 179 159 166 166 255 
3 148 147 261 159 166 166 255 
3 148 261 260 159 166 166 255 
3 118 42 41 159 166 166 255 
3 118 41 267 159 166 166 255 
3 150 149 259 159 166 166 255 
3 150 259 258 159 166 166 255 
3 126 128 177 159 166 166 255 
3 126 177 175 159 166 166 255 
3 154 153 266 159 166 166 255 
3 154 266 265 159 166 166 255 
3 140 142 191 159 166 166 255 
3 140 191 189 159 166 166 255 
3 151 150 258 159 166 166 255 
3 151 258 257 159 166 166 255 
3 124 126 175 159 166 166 255 
3 124 175 173 159 166 166 255 
3 149 148 260 159 166 166 255 
3 149 260 259 159 166 166 255 
3 128 130 179 159 166 166 255 
3 128 179 177 159 166 166 255 
3 264 155 154 159 166 166 255 
3 264 154 265 159 166 166 255 
3 138 140 189 159 166 166 255 
3 138 189 187 159 166 166 255 
3 122 124 173 159 166 166 255 
3 122 173 171 159 166 166 255 
3 152 151 257 159 166 166 255 
3 152 257 256 159 166 166 255 
3 261 147 146 159 166 166 255 
3 261 146 262 159 166 166 255 
3 132 134 183 159 166 166 255 
3 132 183 181 159 166 166 255 
3 169 120 122 159 166 166 255 
3 169 122 171 159 166 166 255 
3 144 152 256 159 166 166 255 
3 144 256 193 159 166 166 255 
3 153 120 169 159 166 166 255 
3 153 169 266 159 166 166 255 
3 142 144 193 159 166 166 255 
3 142 193 191 159 166 166 255 
3 187 185 136 159 166 166 255 
3 187 136 138 159 166 166 255 
3 145 155 264 159 166 166 255 
3 145 264 263 159 166 166 255 
3 262 146 145 159 166 166 255 
3 262 145 263 159 166 166 255 
3 134 136 185 159 166 166 255 
3 134 185 183 159 166 166 255 
3 158 157 230 159 166 166 255 
3 158 230 229 159 166 166 255 
3 116 115 242 159 166 166 255 
3 116 242 241 159 166 166 255 
3 88 86 217 159 166 166 255 
3 88 217 219 159 166 166 255 
3 79 81 210 159 166 166 255 
3 79 210 208 159 166 166 255 
3 99 98 253 159 166 166 255 
3 99 253 252 159 166 166 255 
3 43 35 95 159 166 166 255 
3 43 95 224 159 166 166 255 
3 102 101 250 159 166 166 255 
3 102 250 249 159 166 166 255 
3 73 75 204 159 166 166 255 
3 73 204 202 159 166 166 255 
3 101 100 251 159 166 166 255 
3 101 251 250 159 166 166 255 
3 75 77 206 159 166 166 255 
3 75 206 204 159 166 166 255 
3 100 99 252 159 166 166 255 
3 100 252 251 159 166 166 255 
3 79 208 206 159 166 166 255 
3 79 206 77 159 166 166 255 
3 105 104 197 159 166 166 255 
3 105 197 196 159 166 166 255 
3 89 91 220 159 166 166 255 
3 89 220 218 159 166 166 255 
3 106 105 196 159 166 166 255 
3 106 196 195 159 166 166 255 
3 87 89 218 159 166 166 255 
3 87 218 216 159 166 166 255 
3 71 73 202 159 166 166 255 
3 71 202 200 159 166 166 255 
3 103 102 249 159 166 166 255 
3 103 249 248 159 166 166 255 
3 98 97 254 159 166 166 255 
3 98 254 253 159 166 166 255 
3 210 81 83 159 166 166 255 
3 210 83 212 159 166 166 255 
3 69 71 200 159 166 166 255 
3 69 200 198 159 166 166 255 
3 93 103 248 159 166 166 255 
3 93 248 222 159 166 166 255 
3 69 198 197 159 166 166 255 
3 69 197 104 159 166 166 255 
3 93 222 220 159 166 166 255 
3 93 220 91 159 166 166 255 
3 87 216 214 159 166 166 255 
3 87 214 85 159 166 166 255 
3 96 106 195 159 166 166 255 
3 96 195 255 159 166 166 255 
3 254 97 96 159 166 166 255 
3 254 96 255 159 166 166 255 
3 83 85 214 159 166 166 255 
3 83 214 212 159 166 166 255 
3 70 68 199 159 166 166 255 
3 70 199 201 159 166 166 255 
3 107 92 223 159 166 166 255 
3 107 223 239 159 166 166 255 
3 8 7 225 159 166 166 255 
3 8 225 94 159 166 166 255 
3 80 78 209 159 166 166 255 
3 80 209 211 159 166 166 255 
3 112 111 235 159 166 166 255 
3 112 235 234 159 166 166 255 
3 82 80 211 159 166 166 255 
3 82 211 213 159 166 166 255 
3 113 112 234 159 166 166 255 
3 113 234 233 159 166 166 255 
3 84 82 213 159 166 166 255 
3 84 213 215 159 166 166 255 
3 114 113 233 159 166 166 255 
3 114 233 232 159 166 166 255 
3 74 72 203 159 166 166 255 
3 74 203 205 159 166 166 255 
3 109 108 238 159 166 166 255 
3 109 238 237 159 166 166 255 
3 90 88 219 159 166 166 255 
3 90 219 221 159 166 166 255 
3 117 116 241 159 166 166 255 
3 117 241 240 159 166 166 255 
3 72 70 201 159 166 166 255 
3 72 201 203 159 166 166 255 
3 108 107 239 159 166 166 255 
3 108 239 238 159 166 166 255 
3 76 74 205 159 166 166 255 
3 76 205 207 159 166 166 255 
3 109 237 236 159 166 166 255 
3 109 236 110 159 166 166 255 
3 235 111 110 159 166 166 255 
3 235 110 236 159 166 166 255 
3 78 76 207 159 166 166 255 
3 78 207 209 159 166 166 255 
3 114 232 242 159 166 166 255 
3 114 242 115 159 166 166 255 
3 86 84 215 159 166 166 255 
3 86 215 217 159 166 166 255 
3 199 68 117 159 166 166 255 
3 199 117 240 159 166 166 255 
3 92 90 221 159 166 166 255 
3 92 221 223 159 166 166 255 
3 121 119 170 159 166 166 255 
3 121 170 172 159 166 166 255 
3 168 9 1 159 166 166 255 
3 168 1 167 159 166 166 255 
3 156 143 194 159 166 166 255 
3 156 194 231 159 166 166 255 
3 162 161 226 159 166 166 255 
3 162 226 247 159 166 166 255 
3 133 131 182 159 166 166 255 
3 133 182 184 159 166 166 255 
3 141 139 190 159 166 166 255 
3 141 190 192 159 166 166 255 
3 166 165 244 159 166 166 255 
3 166 244 243 159 166 166 255 
3 165 164 245 159 166 166 255 
3 165 245 244 159 166 166 255 
3 139 137 188 159 166 166 255 
3 139 188 190 159 166 166 255 
3 135 133 184 159 166 166 255 
3 135 184 186 159 166 166 255 
3 163 162 247 159 166 166 255 
3 163 247 246 159 166 166 255 
3 135 186 188 159 166 166 255 
3 135 188 137 159 166 166 255 
3 164 163 246 159 166 166 255 
3 164 246 245 159 166 166 255 
3 160 159 228 159 166 166 255 
3 160 228 227 159 166 166 255 
3 129 127 178 159 166 166 255 
3 129 178 180 159 166 166 255 
3 123 121 172 159 166 166 255 
3 123 172 174 159 166 166 255 
3 157 156 231 159 166 166 255 
3 157 231 230 159 166 166 255 
3 161 160 227 159 166 166 255 
3 161 227 226 159 166 166 255 
3 131 129 180 159 166 166 255 
3 131 180 182 159 166 166 255 
3 159 158 229 159 166 166 255 
3 159 229 228 159 166 166 255 
3 127 125 176 159 166 166 255 
3 127 176 178 159 166 166 255 
3 119 166 243 159 166 166 255 
3 119 243 170 159 166 166 255 
3 143 141 192 159 166 166 255 
3 143 192 194 159 166 166 255 
3 268 269 270 159 166 166 255 
3 268 270 271 159 166 166 255 
3 268 271 272 159 166 166 255 
3 268 272 273 159 166 166 255 
3 268 273 274 159 166 166 255 
3 268 274 275 159 166 166 255 
3 268 275 276 159 166 166 255 
3 268 276 277 159 166 166 255 
3 268 277 278 159 166 166 255 
3 268 278 279 159 166 166 255 
3 20 280 281 159 166 166 255 
3 20 281 282 159 166 166 255 
3 20 282 283 159 166 166 255 
3 20 283 284 159 166 166 255 
3 20 284 285 159 166 166 255 
3 20 285 286 159 166 166 255 
3 20 286 287 159 166 166 255 
3 20 287 288 159 166 166 255 
3 20 288 289 159 166 166 255 
3 20 289 290 159 166 166 255 
3 20 290 21 159 166 166 255 
3 280 291 292 159 166 166 255 
3 280 292 293 159 166 166 255 
3 280 293 294 159 166 166 255 
3 280 294 295 159 166 166 255 
3 280 295 296 159 166 166 255 
3 280 296 297 159 166 166 255 
3 280 297 298 159 166 166 255 
3 280 298 281 159 166 166 255 
3 291 21 299 159 166 166 255 
3 291 299 300 159 166 166 255 
3 291 300 301 159 166 166 255 
3 291 301 302 159 166 166 255 
3 291 302 303 159 166 166 255 
3 291 303 304 159 166 166 255 
3 291 304 305 159 166 166 255 
3 291 305 292 159 166 166 255 
3 299 21 290 159 166 166 255 
3 20 19 306 159 166 166 255 
3 20 306 280 159 166 166 255 
3 6 307 0 159 166 166 255 
3 0 307 308 159 166 166 255 
3 0 308 63 159 166 166 255 
3 63 308 57 159 166 166 255 
3 19 29 34 159 166 166 255 
3 19 34 309 159 166 166 255 
3 19 309 306 159 166 166 255 
3 309 34 40 159 166 166 255 
3 21 291 307 159 166 166 255 
3 21 307 6 159 166 166 255 
3 306 309 310 159 166 166 255 
3 306 310 307 159 166 166 255 
3 306 307 291 159 166 166 255 
3 306 291 280 159 166 166 255 
3 311 308 307 159 166 166 255 
3 311 307 310 159 166 166 255 
3 276 312 313 159 166 166 255 
3 276 313 277 159 166 166 255 
3 314 271 270 159 166 166 255 
3 314 270 315 159 166 166 255 
3 268 316 317 159 166 166 255 
3 268 317 269 159 166 166 255 
3 274 318 319 159 166 166 255 
3 274 319 275 159 166 166 255 
3 270 269 317 159 166 166 255 
3 270 317 320 159 166 166 255 
3 270 320 315 159 166 166 255 
3 276 275 319 159 166 166 255 
3 276 319 321 159 166 166 255 
3 276 321 312 159 166 166 255 
3 271 314 322 159 166 166 255 
3 271 322 272 159 166 166 255 
3 323 278 277 159 166 166 255 
3 323 277 313 159 166 166 255 
3 272 322 324 159 166 166 255 
3 272 324 325 159 166 166 255 
3 272 325 273 159 166 166 255 
3 278 323 326 159 166 166 255 
3 278 326 327 159 166 166 255 
3 278 327 279 159 166 166 255 
3 325 318 274 159 166 166 255 
3 325 274 273 159 166 166 255 
3 327 316 268 159 166 166 255 
3 327 268 279 159 166 166 255 
3 320 324 322 159 166 166 255 
3 320 322 314 159 166 166 255 
3 320 314 315 159 166 166 255 
3 325 324 320 159 166 166 255 
3 325 320 317 159 166 166 255 
3 325 317 316 159 166 166 255 
3 325 316 318 159 166 166 255 
3 327 326 321 159 166 166 255 
3 327 321 319 159 166 166 255 
3 327 319 318 159 166 166 255 
3 327 318 316 159 166 166 255 
3 326 323 313 159 166 166 255 
3 326 313 312 159 166 166 255 
3 326 312 321 159 166 166 255 
3 55 57 308 159 166 166 255 
3 55 308 311 159 166 166 255 
3 309 40 49 159 166 166 255 
3 309 49 310 159 166 166 255 
3 310 49 51 159 166 166 255 
3 310 51 55 159 166 166 255 
3 310 55 311 159 166 166 255 
3 328 329 330 159 166 166 255 
3 330 329 331 159 166 166 255 
3 330 331 332 159 166 166 255 
3 332 331 333 159 166 166 255 
3 332 333 334 159 166 166 255 
3 334 333 335 159 166 166 255 
3 334 335 336 159 166 166 255 
3 337 338 339 159 166 166 255 
3 339 338 340 159 166 166 255 
3 339 340 333 159 166 166 255 
3 333 340 335 159 166 166 255 
3 341 342 343 159 166 166 255 
3 343 342 344 159 166 166 255 
3 343 344 339 159 166 166 255 
3 339 344 337 159 166 166 255 
3 345 346 347 159 166 166 255 
3 347 346 348 159 166 166 255 
3 347 348 349 159 166 166 255 
3 349 348 341 159 166 166 255 
3 349 341 343 159 166 166 255 
3 350 351 352 159 166 166 255 
3 352 351 353 159 166 166 255 
3 352 353 347 159 166 166 255 
3 347 353 345 159 166 166 255 
3 354 355 356 159 166 166 255 
3 354 356 357 159 166 166 255 
3 354 357 350 159 166 166 255 
3 354 350 352 159 166 166 255 
3 358 334 336 159 166 166 255 
3 358 336 359 159 166 166 255 
3 358 359 360 159 166 166 255 
3 358 360 361 159 166 166 255 
3 358 361 362 159 166 166 255 
3 363 364 365 159 166 166 255 
3 363 365 362 159 166 166 255 
3 363 362 361 159 166 166 255 
3 366 367 368 159 166 166 255 
3 366 368 365 159 166 166 255 
3 366 365 364 159 166 166 255 
3 367 369 368 159 166 166 255 
3 368 369 370 159 166 166 255 
3 368 370 357 159 166 166 255 
3 357 370 371 159 166 166 255 
3 357 371 350 159 166 166 255 
3 372 373 374 159 166 166 255 
3 374 373 375 159 166 166 255 
3 374 375 355 159 166 166 255 
3 355 375 356 159 166 166 255 
3 376 377 378 159 166 166 255 
3 376 378 379 159 166 166 255 
3 380 381 382 159 166 166 255 
3 380 382 383 159 166 166 255 
3 378 384 385 159 166 166 255 
3 378 385 379 159 166 166 255 
3 372 374 385 159 166 166 255 
3 372 385 384 159 166 166 255 
3 386 387 388 159 166 166 255 
3 386 388 389 159 166 166 255 
3 386 389 390 159 166 166 255 
3 386 390 391 159 166 166 255 
3 386 391 392 159 166 166 255 
3 386 392 393 159 166 166 255 
3 386 393 394 159 166 166 255 
3 386 394 395 159 166 166 255 
3 386 395 396 159 166 166 255 
3 386 396 397 159 166 166 255 
3 386 397 398 159 166 166 255 
3 386 398 399 159 166 166 255 
3 386 399 400 159 166 166 255 
3 386 400 401 159 166 166 255 
3 386 401 402 159 166 166 255 
3 386 402 403 159 166 166 255 
3 386 403 404 159 166 166 255 
3 386 404 405 159 166 166 255 
3 386 405 406 159 166 166 255 
3 386 406 407 159 166 166 255 
3 386 407 408 159 166 166 255 
3 386 408 409 159 166 166 255 
3 351 350 409 159 166 166 255 
3 351 409 408 159 166 166 255 
3 381 410 411 159 166 166 255 
3 381 411 382 159 166 166 255 
3 412 380 383 159 166 166 255 
3 412 383 413 159 166 166 255 
3 413 414 415 159 166 166 255 
3 413 415 412 159 166 166 255 
3 416 417 418 159 166 166 255 
3 418 417 419 159 166 166 255 
3 418 419 420 159 166 166 255 
3 420 419 421 159 166 166 255 
3 420 421 422 159 166 166 255 
3 423 424 425 159 166 166 255 
3 425 424 426 159 166 166 255 
3 425 426 427 159 166 166 255 
3 427 426 428 159 166 166 255 
3 427 428 429 159 166 166 255 
3 429 428 430 159 166 166 255 
3 429 430 419 159 166 166 255 
3 419 430 431 159 166 166 255 
3 419 431 421 159 166 166 255 
3 432 433 434 159 166 166 255 
3 434 433 435 159 166 166 255 
3 434 435 436 159 166 166 255 
3 436 435 437 159 166 166 255 
3 436 437 438 159 166 166 255 
3 438 437 439 159 166 166 255 
3 438 439 440 159 166 166 255 
3 440 439 423 159 166 166 255 
3 440 423 425 159 166 166 255 
3 441 442 443 159 166 166 255 
3 443 442 411 159 166 166 255 
3 443 411 444 159 166 166 255 
3 444 411 410 159 166 166 255 
3 444 410 445 159 166 166 255 
3 445 410 432 159 166 166 255 
3 445 432 434 159 166 166 255 
3 446 447 448 159 166 166 255 
3 448 447 449 159 166 166 255 
3 448 449 450 159 166 166 255 
3 450 449 451 159 166 166 255 
3 450 451 452 159 166 166 255 
3 452 451 420 159 166 166 255 
3 452 420 422 159 166 166 255 
3 441 453 454 159 166 166 255 
3 454 453 455 159 166 166 255 
3 454 455 456 159 166 166 255 
3 456 455 457 159 166 166 255 
3 456 457 458 159 166 166 255 
3 458 457 447 159 166 166 255 
3 458 447 446 159 166 166 255 
3 459 377 376 159 166 166 255 
3 459 376 444 159 166 166 255 
3 459 444 445 159 166 166 255 
3 441 443 453 159 166 166 255 
3 460 461 302 159 166 166 255 
3 460 302 301 159 166 166 255 
3 462 463 464 159 166 166 255 
3 464 463 465 159 166 166 255 
3 464 465 466 159 166 166 255 
3 466 465 467 159 166 166 255 
3 466 467 468 159 166 166 255 
3 468 467 469 159 166 166 255 
3 468 469 470 159 166 166 255 
3 471 472 473 159 166 166 255 
3 473 472 474 159 166 166 255 
3 473 474 467 159 166 166 255 
3 467 474 475 159 166 166 255 
3 467 475 469 159 166 166 255 
3 476 477 478 159 166 166 255 
3 478 477 479 159 166 166 255 
3 478 479 480 159 166 166 255 
3 480 479 471 159 166 166 255 
3 480 471 473 159 166 166 255 
3 481 482 483 159 166 166 255 
3 481 483 484 159 166 166 255 
3 481 484 476 159 166 166 255 
3 481 476 478 159 166 166 255 
3 482 485 460 159 166 166 255 
3 482 460 486 159 166 166 255 
3 482 486 487 159 166 166 255 
3 482 487 483 159 166 166 255 
3 488 489 490 159 166 166 255 
3 488 490 468 159 166 166 255 
3 488 468 470 159 166 166 255 
3 491 492 493 159 166 166 255 
3 491 493 490 159 166 166 255 
3 491 490 489 159 166 166 255 
3 494 495 496 159 166 166 255 
3 496 495 497 159 166 166 255 
3 496 497 498 159 166 166 255 
3 498 497 493 159 166 166 255 
3 498 493 492 159 166 166 255 
3 499 500 501 159 166 166 255 
3 499 501 495 159 166 166 255 
3 499 495 494 159 166 166 255 
3 501 500 461 159 166 166 255 
3 501 461 460 159 166 166 255 
3 501 460 485 159 166 166 255 
3 501 485 502 159 166 166 255 
3 415 414 503 159 166 166 255 
3 503 414 504 159 166 166 255 
3 503 504 505 159 166 166 255 
3 505 504 502 159 166 166 255 
3 505 502 485 159 166 166 255 
3 376 379 506 159 166 166 255 
3 376 506 444 159 166 166 255 
3 383 382 507 159 166 166 255 
3 383 507 508 159 166 166 255 
3 509 506 379 159 166 166 255 
3 509 379 385 159 166 166 255 
3 374 355 509 159 166 166 255 
3 374 509 385 159 166 166 255 
3 408 407 353 159 166 166 255 
3 408 353 351 159 166 166 255 
3 382 411 442 159 166 166 255 
3 382 442 507 159 166 166 255 
3 413 383 508 159 166 166 255 
3 413 508 510 159 166 166 255 
3 414 413 510 159 166 166 255 
3 414 510 504 159 166 166 255 
3 303 302 461 159 166 166 255 
3 303 461 500 159 166 166 255 
3 443 444 506 159 166 166 255 
3 443 506 511 159 166 166 255 
3 508 507 512 159 166 166 255 
3 508 512 513 159 166 166 255 
3 514 511 506 159 166 166 255 
3 514 506 509 159 166 166 255 
3 355 354 514 159 166 166 255 
3 355 514 509 159 166 166 255 
3 406 345 353 159 166 166 255 
3 406 353 407 159 166 166 255 
3 507 442 441 159 166 166 255 
3 507 441 512 159 166 166 255 
3 510 508 513 159 166 166 255 
3 510 513 515 159 166 166 255 
3 515 502 504 159 166 166 255 
3 515 504 510 159 166 166 255 
3 303 500 499 159 166 166 255 
3 303 499 304 159 166 166 255 
3 443 511 516 159 166 166 255 
3 443 516 453 159 166 166 255 
3 513 512 517 159 166 166 255 
3 513 517 518 159 166 166 255 
3 519 516 511 159 166 166 255 
3 519 511 514 159 166 166 255 
3 514 354 352 159 166 166 255 
3 514 352 519 159 166 166 255 
3 406 405 346 159 166 166 255 
3 406 346 345 159 166 166 255 
3 512 441 454 159 166 166 255 
3 512 454 517 159 166 166 255 
3 515 513 518 159 166 166 255 
3 515 518 520 159 166 166 255 
3 502 515 520 159 166 166 255 
3 502 520 501 159 166 166 255 
3 305 304 499 159 166 166 255 
3 305 499 494 159 166 166 255 
3 455 453 516 159 166 166 255 
3 455 516 521 159 166 166 255 
3 518 517 522 159 166 166 255 
3 518 522 523 159 166 166 255 
3 516 519 524 159 166 166 255 
3 516 524 521 159 166 166 255 
3 352 347 524 159 166 166 255 
3 352 524 519 159 166 166 255 
3 404 348 346 159 166 166 255 
3 404 346 405 159 166 166 255 
3 517 454 456 159 166 166 255 
3 517 456 522 159 166 166 255 
3 520 518 523 159 166 166 255 
3 520 523 525 159 166 166 255 
3 501 520 525 159 166 166 255 
3 501 525 495 159 166 166 255 
3 292 305 494 159 166 166 255 
3 292 494 496 159 166 166 255 
3 526 457 455 159 166 166 255 
3 526 455 521 159 166 166 255 
3 523 522 527 159 166 166 255 
3 523 527 528 159 166 166 255 
3 521 524 529 159 166 166 255 
3 521 529 526 159 166 166 255 
3 347 349 529 159 166 166 255 
3 347 529 524 159 166 166 255 
3 341 348 404 159 166 166 255 
3 341 404 403 159 166 166 255 
3 522 456 458 159 166 166 255 
3 522 458 527 159 166 166 255 
3 525 523 528 159 166 166 255 
3 525 528 530 159 166 166 255 
3 530 497 495 159 166 166 255 
3 530 495 525 159 166 166 255 
3 293 292 496 159 166 166 255 
3 293 496 498 159 166 166 255 
3 457 526 531 159 166 166 255 
3 457 531 447 159 166 166 255 
3 528 527 532 159 166 166 255 
3 528 532 533 159 166 166 255 
3 534 531 526 159 166 166 255 
3 534 526 529 159 166 166 255 
3 349 343 534 159 166 166 255 
3 349 534 529 159 166 166 255 
3 402 342 341 159 166 166 255 
3 402 341 403 159 166 166 255 
3 532 527 458 159 166 166 255 
3 532 458 446 159 166 166 255 
3 530 528 533 159 166 166 255 
3 530 533 535 159 166 166 255 
3 497 530 535 159 166 166 255 
3 497 535 493 159 166 166 255 
3 294 293 498 159 166 166 255 
3 294 498 492 159 166 166 255 
3 447 531 536 159 166 166 255 
3 447 536 449 159 166 166 255 
3 533 532 537 159 166 166 255 
3 533 537 538 159 166 166 255 
3 531 534 539 159 166 166 255 
3 531 539 536 159 166 166 255 
3 343 339 539 159 166 166 255 
3 343 539 534 159 166 166 255 
3 402 401 344 159 166 166 255 
3 402 344 342 159 166 166 255 
3 537 532 446 159 166 166 255 
3 537 446 448 159 166 166 255 
3 535 533 538 159 166 166 255 
3 535 538 540 159 166 166 255 
3 493 535 540 159 166 166 255 
3 493 540 490 159 166 166 255 
3 295 294 492 159 166 166 255 
3 295 492 491 159 166 166 255 
3 451 449 536 159 166 166 255 
3 451 536 541 159 166 166 255 
3 538 537 542 159 166 166 255 
3 538 542 543 159 166 166 255 
3 544 541 536 159 166 166 255 
3 544 536 539 159 166 166 255 
3 339 333 544 159 166 166 255 
3 339 544 539 159 166 166 255 
3 344 401 400 159 166 166 255 
3 344 400 337 159 166 166 255 
3 542 537 448 159 166 166 255 
3 542 448 450 159 166 166 255 
3 540 538 543 159 166 166 255 
3 540 543 545 159 166 166 255 
3 545 468 490 159 166 166 255 
3 545 490 540 159 166 166 255 
3 296 295 491 159 166 166 255 
3 296 491 489 159 166 166 255 
3 451 541 546 159 166 166 255 
3 451 546 420 159 166 166 255 
3 543 542 547 159 166 166 255 
3 543 547 548 159 166 166 255 
3 541 544 549 159 166 166 255 
3 541 549 546 159 166 166 255 
3 333 331 549 159 166 166 255 
3 333 549 544 159 166 166 255 
3 338 337 400 159 166 166 255 
3 338 400 399 159 166 166 255 
3 547 542 450 159 166 166 255 
3 547 450 452 159 166 166 255 
3 545 543 548 159 166 166 255 
3 545 548 550 159 166 166 255 
3 468 545 550 159 166 166 255 
3 468 550 466 159 166 166 255 
3 297 296 489 159 166 166 255 
3 297 489 488 159 166 166 255 
3 420 546 551 159 166 166 255 
3 420 551 418 159 166 166 255 
3 548 547 552 159 166 166 255 
3 548 552 553 159 166 166 255 
3 546 549 554 159 166 166 255 
3 546 554 551 159 166 166 255 
3 331 329 554 159 166 166 255 
3 331 554 549 159 166 166 255 
3 338 399 398 159 166 166 255 
3 338 398 340 159 166 166 255 
3 552 547 452 159 166 166 255 
3 552 452 422 159 166 166 255 
3 550 548 553 159 166 166 255 
3 550 553 555 159 166 166 255 
3 555 464 466 159 166 166 255 
3 555 466 550 159 166 166 255 
3 298 297 488 159 166 166 255 
3 298 488 470 159 166 166 255 
3 416 418 551 159 166 166 255 
3 416 551 556 159 166 166 255 
3 553 552 557 159 166 166 255 
3 553 557 558 159 166 166 255 
3 559 556 551 159 166 166 255 
3 559 551 554 159 166 166 255 
3 329 328 559 159 166 166 255 
3 329 559 554 159 166 166 255 
3 398 397 335 159 166 166 255 
3 398 335 340 159 166 166 255 
3 557 552 422 159 166 166 255 
3 557 422 421 159 166 166 255 
3 555 553 558 159 166 166 255 
3 555 558 560 159 166 166 255 
3 464 555 560 159 166 166 255 
3 464 560 462 159 166 166 255 
3 281 298 470 159 166 166 255 
3 281 470 469 159 166 166 255 
3 417 416 556 159 166 166 255 
3 417 556 561 159 166 166 255 
3 558 557 562 159 166 166 255 
3 558 562 563 159 166 166 255 
3 556 559 564 159 166 166 255 
3 556 564 561 159 166 166 255 
3 328 330 564 159 166 166 255 
3 328 564 559 159 166 166 255 
3 335 397 396 159 166 166 255 
3 335 396 336 159 166 166 255 
3 562 557 421 159 166 166 255 
3 562 421 431 159 166 166 255 
3 560 558 563 159 166 166 255 
3 560 563 565 159 166 166 255 
3 565 463 462 159 166 166 255 
3 565 462 560 159 166 166 255 
3 282 281 469 159 166 166 255 
3 282 469 475 159 166 166 255 
3 417 561 566 159 166 166 255 
3 417 566 419 159 166 166 255 
3 563 562 567 159 166 166 255 
3 563 567 568 159 166 166 255 
3 569 566 561 159 166 166 255 
3 569 561 564 159 166 166 255 
3 330 332 569 159 166 166 255 
3 330 569 564 159 166 166 255 
3 396 395 359 159 166 166 255 
3 396 359 336 159 166 166 255 
3 567 562 431 159 166 166 255 
3 567 431 430 159 166 166 255 
3 565 563 568 159 166 166 255 
3 565 568 570 159 166 166 255 
3 463 565 570 159 166 166 255 
3 463 570 465 159 166 166 255 
3 283 282 475 159 166 166 255 
3 283 475 474 159 166 166 255 
3 429 419 566 159 166 166 255 
3 429 566 571 159 166 166 255 
3 568 567 572 159 166 166 255 
3 568 572 573 159 166 166 255 
3 574 571 566 159 166 166 255 
3 574 566 569 159 166 166 255 
3 332 334 574 159 166 166 255 
3 332 574 569 159 166 166 255 
3 360 359 395 159 166 166 255 
3 360 395 394 159 166 166 255 
3 572 567 430 159 166 166 255 
3 572 430 428 159 166 166 255 
3 570 568 573 159 166 166 255 
3 570 573 575 159 166 166 255 
3 575 467 465 159 166 166 255 
3 575 465 570 159 166 166 255 
3 284 283 474 159 166 166 255 
3 284 474 472 159 166 166 255 
3 429 571 576 159 166 166 255 
3 429 576 427 159 166 166 255 
3 573 572 577 159 166 166 255 
3 573 577 578 159 166 166 255 
3 579 576 571 159 166 166 255 
3 579 571 574 159 166 166 255 
3 334 358 579 159 166 166 255 
3 334 579 574 159 166 166 255 
3 361 360 394 159 166 166 255 
3 361 394 393 159 166 166 255 
3 577 572 428 159 166 166 255 
3 577 428 426 159 166 166 255 
3 575 573 578 159 166 166 255 
3 575 578 580 159 166 166 255 
3 467 575 580 159 166 166 255 
3 467 580 473 159 166 166 255 
3 285 284 472 159 166 166 255 
3 285 472 471 159 166 166 255 
3 425 427 576 159 166 166 255 
3 425 576 581 159 166 166 255 
3 578 577 582 159 166 166 255 
3 578 582 583 159 166 166 255 
3 576 579 584 159 166 166 255 
3 576 584 581 159 166 166 255 
3 358 362 584 159 166 166 255 
3 358 584 579 159 166 166 255 
3 363 361 393 159 166 166 255 
3 363 393 392 159 166 166 255 
3 582 577 426 159 166 166 255 
3 582 426 424 159 166 166 255 
3 580 578 583 159 166 166 255 
3 580 583 585 159 166 166 255 
3 585 480 473 159 166 166 255 
3 585 473 580 159 166 166 255 
3 286 285 471 159 166 166 255 
3 286 471 479 159 166 166 255 
3 425 581 586 159 166 166 255 
3 425 586 440 159 166 166 255 
3 583 582 587 159 166 166 255 
3 583 587 588 159 166 166 255 
3 581 584 589 159 166 166 255 
3 581 589 586 159 166 166 255 
3 362 365 589 159 166 166 255 
3 362 589 584 159 166 166 255 
3 392 391 364 159 166 166 255 
3 392 364 363 159 166 166 255 
3 587 582 424 159 166 166 255 
3 587 424 423 159 166 166 255 
3 585 583 588 159 166 166 255 
3 585 588 590 159 166 166 255 
3 480 585 590 159 166 166 255 
3 480 590 478 159 166 166 255 
3 287 286 479 159 166 166 255 
3 287 479 477 159 166 166 255 
3 440 586 591 159 166 166 255 
3 440 591 438 159 166 166 255 
3 588 587 592 159 166 166 255 
3 588 592 593 159 166 166 255 
3 594 591 586 159 166 166 255 
3 594 586 589 159 166 166 255 
3 365 368 594 159 166 166 255 
3 365 594 589 159 166 166 255 
3 364 391 390 159 166 166 255 
3 364 390 366 159 166 166 255 
3 592 587 423 159 166 166 255 
3 592 423 439 159 166 166 255 
3 590 588 593 159 166 166 255 
3 590 593 595 159 166 166 255 
3 478 590 595 159 166 166 255 
3 478 595 481 159 166 166 255 
3 288 287 477 159 166 166 255 
3 288 477 476 159 166 166 255 
3 438 591 596 159 166 166 255 
3 438 596 436 159 166 166 255 
3 593 592 597 159 166 166 255 
3 593 597 598 159 166 166 255 
3 591 594 599 159 166 166 255 
3 591 599 596 159 166 166 255 
3 368 357 599 159 166 166 255 
3 368 599 594 159 166 166 255 
3 366 390 389 159 166 166 255 
3 366 389 367 159 166 166 255 
3 437 597 592 159 166 166 255 
3 437 592 439 159 166 166 255 
3 595 593 598 159 166 166 255 
3 595 598 600 159 166 166 255 
3 600 482 481 159 166 166 255 
3 600 481 595 159 166 166 255 
3 289 288 476 159 166 166 255 
3 289 476 484 159 166 166 255 
3 434 436 596 159 166 166 255 
3 434 596 601 159 166 166 255 
3 598 597 602 159 166 166 255 
3 598 602 603 159 166 166 255 
3 604 601 596 159 166 166 255 
3 604 596 599 159 166 166 255 
3 357 356 604 159 166 166 255 
3 357 604 599 159 166 166 255 
3 367 389 388 159 166 166 255 
3 367 388 369 159 166 166 255 
3 437 435 602 159 166 166 255 
3 437 602 597 159 166 166 255 
3 600 598 603 159 166 166 255 
3 600 603 605 159 166 166 255 
3 605 485 482 159 166 166 255 
3 605 482 600 159 166 166 255 
3 290 289 484 159 166 166 255 
3 290 484 483 159 166 166 255 
3 434 601 606 159 166 166 255 
3 434 606 445 159 166 166 255 
3 603 602 607 159 166 166 255 
3 603 607 608 159 166 166 255 
3 601 604 609 159 166 166 255 
3 601 609 606 159 166 166 255 
3 356 375 609 159 166 166 255 
3 356 609 604 159 166 166 255 
3 387 370 369 159 166 166 255 
3 387 369 388 159 166 166 255 
3 602 435 433 159 166 166 255 
3 602 433 607 159 166 166 255 
3 605 603 608 159 166 166 255 
3 605 608 610 159 166 166 255 
3 485 605 610 159 166 166 255 
3 485 610 505 159 166 166 255 
3 290 483 487 159 166 166 255 
3 290 487 299 159 166 166 255 
3 445 606 611 159 166 166 255 
3 445 611 459 159 166 166 255 
3 608 607 612 159 166 166 255 
3 608 612 613 159 166 166 255 
3 606 609 614 159 166 166 255 
3 606 614 611 159 166 166 255 
3 375 373 614 159 166 166 255 
3 375 614 609 159 166 166 255 
3 386 371 370 159 166 166 255 
3 386 370 387 159 166 166 255 
3 607 433 432 159 166 166 255 
3 607 432 612 159 166 166 255 
3 610 608 613 159 166 166 255 
3 610 613 615 159 166 166 255 
3 615 503 505 159 166 166 255 
3 615 505 610 159 166 166 255 
3 299 487 486 159 166 166 255 
3 299 486 300 159 166 166 255 
3 377 459 611 159 166 166 255 
3 377 611 378 159 166 166 255 
3 613 612 381 159 166 166 255 
3 613 381 380 159 166 166 255 
3 384 378 611 159 166 166 255 
3 384 611 614 159 166 166 255 
3 373 372 384 159 166 166 255 
3 373 384 614 159 166 166 255 
3 409 350 371 159 166 166 255 
3 409 371 386 159 166 166 255 
3 612 432 410 159 166 166 255 
3 612 410 381 159 166 166 255 
3 615 613 380 159 166 166 255 
3 615 380 412 159 166 166 255 
3 503 615 412 159 166 166 255 
3 503 412 415 159 166 166 255 
3 301 300 486 159 166 166 255 
3 301 486 460 159 166 166 255 
3 616 617 618 159 166 166 255 
3 616 618 619 159 166 166 255 
3 616 619 620 159 166 166 255 
3 616 620 621 159 166 166 255 
3 622 623 624 159 166 166 255 
3 624 623 625 159 166 166 255 
3 624 625 626 159 166 166 255 
3 626 625 627 159 166 166 255 
3 626 627 628 159 166 166 255 
3 628 627 629 159 166 166 255 
3 628 629 630 159 166 166 255 
3 630 629 631 159 166 166 255 
3 630 631 617 159 166 166 255 
3 617 631 618 159 166 166 255 
3 632 633 634 159 166 166 255 
3 634 633 635 159 166 166 255 
3 634 635 636 159 166 166 255 
3 636 635 637 159 166 166 255 
3 636 637 638 159 166 166 255 
3 638 637 639 159 166 166 255 
3 638 639 640 159 166 166 255 
3 640 639 622 159 166 166 255 
3 640 622 624 159 166 166 255 
3 641 642 643 159 166 166 255 
3 641 643 644 159 166 166 255 
3 641 644 632 159 166 166 255 
3 641 632 634 159 166 166 255 
3 645 646 647 159 166 166 255 
3 647 646 648 159 166 166 255 
3 647 648 649 159 166 166 255 
3 649 648 650 159 166 166 255 
3 649 650 651 159 166 166 255 
3 651 650 652 159 166 166 255 
3 651 652 653 159 166 166 255 
3 653 652 620 159 166 166 255 
3 653 620 619 159 166 166 255 
3 654 644 655 159 166 166 255 
3 655 644 656 159 166 166 255 
3 655 656 657 159 166 166 255 
3 657 656 658 159 166 166 255 
3 657 658 659 159 166 166 255 
3 659 658 660 159 166 166 255 
3 659 660 661 159 166 166 255 
3 661 660 662 159 166 166 255 
3 661 662 663 159 166 166 255 
3 663 662 646 159 166 166 255 
3 663 646 645 159 166 166 255 
3 632 644 654 159 166 166 255 
3 64 62 660 159 166 166 255 
3 64 660 658 159 166 166 255 
3 62 61 662 159 166 166 255 
3 62 662 660 159 166 166 255 
3 65 64 658 159 166 166 255 
3 65 658 656 159 166 166 255 
3 656 644 66 159 166 166 255 
3 656 66 65 159 166 166 255 
3 61 60 646 159 166 166 255 
3 61 646 662 159 166 166 255 
3 46 53 626 159 166 166 255 
3 46 626 628 159 166 166 255 
3 53 52 624 159 166 166 255 
3 53 624 626 159 166 166 255 
3 628 630 47 159 166 166 255 
3 628 47 46 159 166 166 255 
3 52 39 640 159 166 166 255 
3 52 640 624 159 166 166 255 
3 630 617 48 159 166 166 255 
3 630 48 47 159 166 166 255 
3 51 50 616 159 166 166 255 
3 51 616 621 159 166 166 255 
3 54 51 621 159 166 166 255 
3 54 621 620 159 166 166 255 
3 617 616 50 159 166 166 255 
3 617 50 48 159 166 166 255 
3 56 54 620 159 166 166 255 
3 56 620 652 159 166 166 255 
3 44 67 643 159 166 166 255 
3 44 643 642 159 166 166 255 
3 45 44 642 159 166 166 255 
3 45 642 641 159 166 166 255 
3 644 643 67 159 166 166 255 
3 644 67 66 159 166 166 255 
3 641 634 36 159 166 166 255 
3 641 36 45 159 166 166 255 
3 58 56 652 159 166 166 255 
3 58 652 650 159 166 166 255 
3 59 58 650 159 166 166 255 
3 59 650 648 159 166 166 255 
3 37 36 634 159 166 166 255 
3 37 634 636 159 166 166 255 
3 38 37 636 159 166 166 255 
3 38 636 638 159 166 166 255 
3 638 640 39 159 166 166 255 
3 638 39 38 159 166 166 255 
3 60 59 648 159 166 166 255 
3 60 648 646 159 166 166 255 
3 664 665 666 159 166 166 255 
3 666 665 667 159 166 166 255 
3 666 667 668 159 166 166 255 
3 668 667 669 159 166 166 255 
3 668 669 670 159 166 166 255 
3 671 672 673 159 166 166 255 
3 673 672 674 159 166 166 255 
3 673 674 667 159 166 166 255 
3 667 674 669 159 166 166 255 
3 675 676 677 159 166 166 255 
3 677 676 678 159 166 166 255 
3 677 678 679 159 166 166 255 
3 679 678 680 159 166 166 255 
3 679 680 681 159 166 166 255 
3 681 680 671 159 166 166 255 
3 681 671 673 159 166 166 255 
3 682 683 684 159 166 166 255 
3 684 683 685 159 166 166 255 
3 684 685 686 159 166 166 255 
3 686 685 675 159 166 166 255 
3 686 675 677 159 166 166 255 
3 687 688 689 159 166 166 255 
3 687 689 690 159 166 166 255 
3 687 690 682 159 166 166 255 
3 687 682 684 159 166 166 255 
3 691 668 670 159 166 166 255 
3 691 670 692 159 166 166 255 
3 691 692 693 159 166 166 255 
3 691 693 694 159 166 166 255 
3 695 696 697 159 166 166 255 
3 695 697 694 159 166 166 255 
3 695 694 693 159 166 166 255 
3 698 699 700 159 166 166 255 
3 700 699 701 159 166 166 255 
3 700 701 702 159 166 166 255 
3 702 701 703 159 166 166 255 
3 702 703 704 159 166 166 255 
3 704 703 697 159 166 166 255 
3 704 697 696 159 166 166 255 
3 705 706 707 159 166 166 255 
3 705 707 699 159 166 166 255 
3 705 699 698 159 166 166 255 
3 708 709 710 159 166 166 255 
3 710 709 711 159 166 166 255 
3 710 711 688 159 166 166 255 
3 688 711 707 159 166 166 255 
3 688 707 689 159 166 166 255 
3 689 707 706 159 166 166 255 
3 632 708 710 159 166 166 255 
3 632 710 633 159 166 166 255 
3 654 709 708 159 166 166 255 
3 654 708 632 159 166 166 255 
3 633 710 688 159 166 166 255 
3 633 688 635 159 166 166 255 
3 635 688 687 159 166 166 255 
3 635 687 637 159 166 166 255 
3 655 711 709 159 166 166 255 
3 655 709 654 159 166 166 255 
3 687 684 639 159 166 166 255 
3 687 639 637 159 166 166 255 
3 664 666 653 159 166 166 255 
3 664 653 619 159 166 166 255 
3 618 665 664 159 166 166 255 
3 618 664 619 159 166 166 255 
3 653 666 668 159 166 166 255 
3 653 668 651 159 166 166 255 
3 651 668 691 159 166 166 255 
3 651 691 649 159 166 166 255 
3 631 667 665 159 166 166 255 
3 631 665 618 159 166 166 255 
3 673 667 631 159 166 166 255 
3 673 631 629 159 166 166 255 
3 647 649 691 159 166 166 255 
3 647 691 694 159 166 166 255 
3 684 686 622 159 166 166 255 
3 684 622 639 159 166 166 255 
3 647 694 697 159 166 166 255 
3 647 697 645 159 166 166 255 
3 663 645 697 159 166 166 255 
3 663 697 703 159 166 166 255 
3 623 677 679 159 166 166 255 
3 623 679 625 159 166 166 255 
3 622 686 677 159 166 166 255 
3 622 677 623 159 166 166 255 
3 625 679 681 159 166 166 255 
3 625 681 627 159 166 166 255 
3 681 673 629 159 166 166 255 
3 681 629 627 159 166 166 255 
3 661 701 699 159 166 166 255 
3 661 699 659 159 166 166 255 
3 663 703 701 159 166 166 255 
3 663 701 661 159 166 166 255 
3 659 699 707 159 166 166 255 
3 659 707 657 159 166 166 255 
3 655 657 707 159 166 166 255 
3 655 707 711 159 166 166 255 
3 712 713 714 159 166 166 255 
3 712 714 715 159 166 166 255 
3 712 715 716 159 166 166 255 
3 712 716 717 159 166 166 255 
3 712 717 718 159 166 166 255 
3 712 718 719 159 166 166 255 
3 712 719 720 159 166 166 255 
3 712 720 721 159 166 166 255 
3 712 721 722 159 166 166 255 
3 712 722 723 159 166 166 255 
3 712 723 724 159 166 166 255 
3 712 724 725 159 166 166 255 
3 712 725 726 159 166 166 255 
3 712 726 727 159 166 166 255 
3 712 727 728 159 166 166 255 
3 712 728 729 159 166 166 255 
3 712 729 730 159 166 166 255 
3 712 730 731 159 166 166 255 
3 712 731 732 159 166 166 255 
3 712 732 733 159 166 166 255 
3 712 733 734 159 166 166 255 
3 712 734 735 159 166 166 255 
3 696 736 737 159 166 166 255 
3 696 737 704 159 166 166 255 
3 736 715 714 159 166 166 255 
3 736 714 737 159 166 166 255 
3 695 738 736 159 166 166 255 
3 695 736 696 159 166 166 255 
3 716 715 736 159 166 166 255 
3 716 736 738 159 166 166 255 
3 693 739 738 159 166 166 255 
3 693 738 695 159 166 166 255 
3 717 716 738 159 166 166 255 
3 717 738 739 159 166 166 255 
3 692 740 739 159 166 166 255 
3 692 739 693 159 166 166 255 
3 718 717 739 159 166 166 255 
3 718 739 740 159 166 166 255 
3 670 741 740 159 166 166 255 
3 670 740 692 159 166 166 255 
3 719 718 740 159 166 166 255 
3 719 740 741 159 166 166 255 
3 669 742 741 159 166 166 255 
3 669 741 670 159 166 166 255 
3 720 719 741 159 166 166 255 
3 720 741 742 159 166 166 255 
3 743 742 669 159 166 166 255 
3 743 669 674 159 166 166 255 
3 721 720 742 159 166 166 255 
3 721 742 743 159 166 166 255 
3 743 674 672 159 166 166 255 
3 743 672 744 159 166 166 255 
3 722 721 743 159 166 166 255 
3 722 743 744 159 166 166 255 
3 745 744 672 159 166 166 255 
3 745 672 671 159 166 166 255 
3 723 722 744 159 166 166 255 
3 723 744 745 159 166 166 255 
3 745 671 680 159 166 166 255 
3 745 680 746 159 166 166 255 
3 724 723 745 159 166 166 255 
3 724 745 746 159 166 166 255 
3 747 746 680 159 166 166 255 
3 747 680 678 159 166 166 255 
3 725 724 746 159 166 166 255 
3 725 746 747 159 166 166 255 
3 747 678 676 159 166 166 255 
3 747 676 748 159 166 166 255 
3 726 725 747 159 166 166 255 
3 726 747 748 159 166 166 255 
3 748 676 675 159 166 166 255 
3 748 675 749 159 166 166 255 
3 727 726 748 159 166 166 255 
3 727 748 749 159 166 166 255 
3 750 749 675 159 166 166 255 
3 750 675 685 159 166 166 255 
3 728 727 749 159 166 166 255 
3 728 749 750 159 166 166 255 
3 750 685 683 159 166 166 255 
3 750 683 751 159 166 166 255 
3 729 728 750 159 166 166 255 
3 729 750 751 159 166 166 255 
3 751 683 682 159 166 166 255 
3 751 682 752 159 166 166 255 
3 730 729 751 159 166 166 255 
3 730 751 752 159 166 166 255 
3 752 682 690 159 166 166 255 
3 752 690 753 159 166 166 255 
3 731 730 752 159 166 166 255 
3 731 752 753 159 166 166 255 
3 753 690 689 159 166 166 255 
3 753 689 754 159 166 166 255 
3 732 731 753 159 166 166 255 
3 732 753 754 159 166 166 255 
3 754 689 706 159 166 166 255 
3 754 706 755 159 166 166 255 
3 733 732 754 159 166 166 255 
3 733 754 755 159 166 166 255 
3 756 755 706 159 166 166 255 
3 756 706 705 159 166 166 255 
3 734 733 755 159 166 166 255 
3 734 755 756 159 166 166 255 
3 756 705 698 159 166 166 255 
3 756 698 757 159 166 166 255 
3 735 734 756 159 166 166 255 
3 735 756 757 159 166 166 255 
3 757 698 700 159 166 166 255 
3 757 700 758 159 166 166 255 
3 712 735 757 159 166 166 255 
3 712 757 758 159 166 166 255 
3 758 700 702 159 166 166 255 
3 758 702 759 159 166 166 255 
3 713 712 758 159 166 166 255 
3 713 758 759 159 166 166 255 
3 759 702 704 159 166 166 255 
3 759 704 737 159 166 166 255 
3 714 713 759 159 166 166 255 
3 714 759 737 159 166 166 255 
3 760 761 762 159 166 166 255 
3 762 761 763 159 166 166 255 
3 762 763 764 159 166 166 255 
3 764 763 765 159 166 166 255 
3 764 765 766 159 166 166 255 
3 767 768 769 159 166 166 255 
3 769 768 770 159 166 166 255 
3 769 770 763 159 166 166 255 
3 763 770 765 159 166 166 255 
3 771 772 773 159 166 166 255 
3 773 772 774 159 166 166 255 
3 773 774 775 159 166 166 255 
3 775 774 776 159 166 166 255 
3 775 776 777 159 166 166 255 
3 777 776 767 159 166 166 255 
3 777 767 769 159 166 166 255 
3 778 779 780 159 166 166 255 
3 780 779 781 159 166 166 255 
3 780 781 782 159 166 166 255 
3 782 781 771 159 166 166 255 
3 782 771 773 159 166 166 255 
3 783 784 785 159 166 166 255 
3 783 785 786 159 166 166 255 
3 783 786 778 159 166 166 255 
3 783 778 780 159 166 166 255 
3 787 764 766 159 166 166 255 
3 787 766 788 159 166 166 255 
3 787 788 789 159 166 166 255 
3 787 789 790 159 166 166 255 
3 791 792 793 159 166 166 255 
3 791 793 790 159 166 166 255 
3 791 790 789 159 166 166 255 
3 794 795 796 159 166 166 255 
3 796 795 797 159 166 166 255 
3 796 797 798 159 166 166 255 
3 798 797 799 159 166 166 255 
3 798 799 800 159 166 166 255 
3 800 799 793 159 166 166 255 
3 800 793 792 159 166 166 255 
3 801 802 803 159 166 166 255 
3 801 803 795 159 166 166 255 
3 801 795 794 159 166 166 255 
3 804 805 806 159 166 166 255 
3 806 805 807 159 166 166 255 
3 806 807 784 159 166 166 255 
3 784 807 803 159 166 166 255 
3 784 803 785 159 166 166 255 
3 785 803 802 159 166 166 255 
3 30 28 797 159 166 166 255 
3 30 797 795 159 166 166 255 
3 799 797 28 159 166 166 255 
3 799 28 27 159 166 166 255 
3 31 30 795 159 166 166 255 
3 31 795 803 159 166 166 255 
3 793 799 27 159 166 166 255 
3 793 27 26 159 166 166 255 
3 32 31 803 159 166 166 255 
3 32 803 807 159 166 166 255 
3 33 32 807 159 166 166 255 
3 33 807 805 159 166 166 255 
3 26 25 790 159 166 166 255 
3 26 790 793 159 166 166 255 
3 775 777 14 159 166 166 255 
3 775 14 13 159 166 166 255 
3 15 14 777 159 166 166 255 
3 15 777 769 159 166 166 255 
3 773 775 13 159 166 166 255 
3 773 13 12 159 166 166 255 
3 16 15 769 159 166 166 255 
3 16 769 763 159 166 166 255 
3 782 773 12 159 166 166 255 
3 782 12 5 159 166 166 255 
3 763 761 17 159 166 166 255 
3 763 17 16 159 166 166 255 
3 780 782 5 159 166 166 255 
3 780 5 4 159 166 166 255 
3 804 806 11 159 166 166 255 
3 804 11 10 159 166 166 255 
3 806 784 2 159 166 166 255 
3 806 2 11 159 166 166 255 
3 805 804 10 159 166 166 255 
3 805 10 33 159 166 166 255 
3 3 2 784 159 166 166 255 
3 3 784 783 159 166 166 255 
3 760 762 22 159 166 166 255 
3 760 22 18 159 166 166 255 
3 762 764 23 159 166 166 255 
3 762 23 22 159 166 166 255 
3 761 760 18 159 166 166 255 
3 761 18 17 159 166 166 255 
3 24 23 764 159 166 166 255 
3 24 764 787 159 166 166 255 
3 25 24 787 159 166 166 255 
3 25 787 790 159 166 166 255 
3 4 3 783 159 166 166 255 
3 4 783 780 159 166 166 255 
3 808 809 810 159 166 166 255 
3 808 810 811 159 166 166 255 
3 808 811 812 159 166 166 255 
3 813 814 815 159 166 166 255 
3 813 815 816 159 166 166 255 
3 813 816 817 159 166 166 255 
3 818 819 820 159 166 166 255 
3 818 820 821 159 166 166 255 
3 818 821 822 159 166 166 255 
3 818 822 823 159 166 166 255 
3 808 824 825 159 166 166 255 
3 825 824 826 159 166 166 255 
3 825 826 827 159 166 166 255 
3 827 826 828 159 166 166 255 
3 827 828 819 159 166 166 255 
3 819 828 820 159 166 166 255 
3 829 830 831 159 166 166 255 
3 831 830 832 159 166 166 255 
3 831 832 833 159 166 166 255 
3 833 832 834 159 166 166 255 
3 833 834 835 159 166 166 255 
3 835 834 822 159 166 166 255 
3 835 822 821 159 166 166 255 
3 830 829 814 159 166 166 255 
3 836 837 838 159 166 166 255 
3 838 837 839 159 166 166 255 
3 838 839 840 159 166 166 255 
3 840 839 841 159 166 166 255 
3 840 841 842 159 166 166 255 
3 842 841 843 159 166 166 255 
3 842 843 809 159 166 166 255 
3 844 845 846 159 166 166 255 
3 844 846 847 159 166 166 255 
3 844 847 836 159 166 166 255 
3 844 836 838 159 166 166 255 
3 813 848 849 159 166 166 255 
3 849 848 850 159 166 166 255 
3 849 850 851 159 166 166 255 
3 851 850 852 159 166 166 255 
3 851 852 847 159 166 166 255 
3 847 852 853 159 166 166 255 
3 847 853 836 159 166 166 255 
3 854 855 856 159 166 166 255 
3 856 855 857 159 166 166 255 
3 856 857 858 159 166 166 255 
3 858 857 859 159 166 166 255 
3 858 859 860 159 166 166 255 
3 860 859 861 159 166 166 255 
3 860 861 862 159 166 166 255 
3 862 861 863 159 166 166 255 
3 862 863 864 159 166 166 255 
3 861 865 866 159 166 166 255 
3 861 866 867 159 166 166 255 
3 861 867 868 159 166 166 255 
3 861 868 869 159 166 166 255 
3 861 869 863 159 166 166 255 
3 870 871 872 159 166 166 255 
3 872 871 873 159 166 166 255 
3 872 873 874 159 166 166 255 
3 874 873 875 159 166 166 255 
3 874 875 876 159 166 166 255 
3 876 875 877 159 166 166 255 
3 876 877 865 159 166 166 255 
3 865 877 878 159 166 166 255 
3 865 878 879 159 166 166 255 
3 862 864 880 159 166 166 255 
3 862 880 881 159 166 166 255 
3 862 881 882 159 166 166 255 
3 862 882 877 159 166 166 255 
3 883 878 877 159 166 166 255 
3 883 877 882 159 166 166 255 
3 866 865 879 159 166 166 255 
3 825 827 860 159 166 166 255 
3 825 860 862 159 166 166 255 
3 849 851 876 159 166 166 255 
3 849 876 865 159 166 166 255 
3 818 823 854 159 166 166 255 
3 818 854 856 159 166 166 255 
3 846 845 870 159 166 166 255 
3 846 870 872 159 166 166 255 
3 855 854 823 159 166 166 255 
3 855 823 822 159 166 166 255 
3 844 871 870 159 166 166 255 
3 844 870 845 159 166 166 255 
3 822 834 857 159 166 166 255 
3 822 857 855 159 166 166 255 
3 838 873 871 159 166 166 255 
3 838 871 844 159 166 166 255 
3 846 872 874 159 166 166 255 
3 846 874 847 159 166 166 255 
3 819 818 856 159 166 166 255 
3 819 856 858 159 166 166 255 
3 860 827 819 159 166 166 255 
3 860 819 858 159 166 166 255 
3 847 874 876 159 166 166 255 
3 847 876 851 159 166 166 255 
3 840 875 873 159 166 166 255 
3 840 873 838 159 166 166 255 
3 834 832 859 159 166 166 255 
3 834 859 857 159 166 166 255 
3 861 859 832 159 166 166 255 
3 861 832 830 159 166 166 255 
3 877 875 840 159 166 166 255 
3 877 840 842 159 166 166 255 
3 862 877 842 159 166 166 255 
3 862 842 809 159 166 166 255 
3 862 809 808 159 166 166 255 
3 862 808 825 159 166 166 255 
3 865 861 830 159 166 166 255 
3 865 830 814 159 166 166 255 
3 865 814 813 159 166 166 255 
3 865 813 849 159 166 166 255 
3 884 885 886 159 166 166 255 
3 884 886 887 159 166 166 255 
3 866 884 887 159 166 166 255 
3 866 887 867 159 166 166 255 
3 885 884 888 159 166 166 255 
3 885 888 889 159 166 166 255 
3 888 884 866 159 166 166 255 
3 888 866 879 159 166 166 255 
3 890 891 889 159 166 166 255 
3 890 889 888 159 166 166 255 
3 888 879 878 159 166 166 255 
3 888 878 890 159 166 166 255 
3 892 893 891 159 166 166 255 
3 892 891 890 159 166 166 255 
3 878 883 892 159 166 166 255 
3 878 892 890 159 166 166 255 
3 893 892 894 159 166 166 255 
3 893 894 895 159 166 166 255 
3 883 882 894 159 166 166 255 
3 883 894 892 159 166 166 255 
3 895 894 896 159 166 166 255 
3 895 896 897 159 166 166 255 
3 882 881 896 159 166 166 255 
3 882 896 894 159 166 166 255 
3 898 899 897 159 166 166 255 
3 898 897 896 159 166 166 255 
3 896 881 880 159 166 166 255 
3 896 880 898 159 166 166 255 
3 899 898 900 159 166 166 255 
3 899 900 901 159 166 166 255 
3 880 864 900 159 166 166 255 
3 880 900 898 159 166 166 255 
3 902 901 900 159 166 166 255 
3 902 900 903 159 166 166 255 
3 900 864 863 159 166 166 255 
3 900 863 903 159 166 166 255 
3 904 902 903 159 166 166 255 
3 904 903 905 159 166 166 255 
3 903 863 869 159 166 166 255 
3 903 869 905 159 166 166 255 
3 906 907 904 159 166 166 255 
3 906 904 905 159 166 166 255 
3 868 906 905 159 166 166 255 
3 868 905 869 159 166 166 255 
3 907 906 887 159 166 166 255 
3 907 887 886 159 166 166 255 
3 868 867 887 159 166 166 255 
3 868 887 906 159 166 166 255 
3 908 909 910 159 166 166 255 
3 908 910 911 159 166 166 255 
3 912 913 914 159 166 166 255 
3 912 914 915 159 166 166 255 
3 916 917 918 159 166 166 255 
3 916 918 919 159 166 166 255 
3 920 921 922 159 166 166 255 
3 920 922 923 159 166 166 255 
3 924 925 926 159 166 166 255 
3 924 926 927 159 166 166 255 
3 928 929 930 159 166 166 255 
3 928 930 931 159 166 166 255 
3 932 933 934 159 166 166 255 
3 932 934 935 159 166 166 255 
3 907 886 936 159 166 166 255 
3 937 938 939 159 166 166 255 
3 937 939 940 159 166 166 255 
3 941 942 943 159 166 166 255 
3 941 943 944 159 166 166 255 
3 945 946 947 159 166 166 255 
3 945 947 948 159 166 166 255 
3 946 949 950 159 166 166 255 
3 946 950 947 159 166 166 255 
3 949 924 927 159 166 166 255 
3 949 927 950 159 166 166 255 
3 929 945 948 159 166 166 255 
3 929 948 930 159 166 166 255 
3 951 937 940 159 166 166 255 
3 951 940 952 159 166 166 255 
3 925 951 952 159 166 166 255 
3 925 952 926 159 166 166 255 
3 939 938 920 159 166 166 255 
3 939 920 923 159 166 166 255 
3 942 953 954 159 166 166 255 
3 942 954 943 159 166 166 255 
3 933 941 944 159 166 166 255 
3 933 944 934 159 166 166 255 
3 931 954 953 159 166 166 255 
3 931 953 928 159 166 166 255 
3 955 956 957 159 166 166 255 
3 955 957 958 159 166 166 255 
3 956 959 960 159 166 166 255 
3 956 960 957 159 166 166 255 
3 772 955 958 159 166 166 255 
3 772 958 774 159 166 166 255 
3 932 935 960 159 166 166 255 
3 932 960 959 159 166 166 255 
3 961 962 963 159 166 166 255 
3 961 963 964 159 166 166 255 
3 965 966 967 159 166 166 255 
3 965 967 968 159 166 166 255 
3 966 965 969 159 166 166 255 
3 966 969 970 159 166 166 255 
3 970 969 816 159 166 166 255 
3 970 816 815 159 166 166 255 
3 910 909 968 159 166 166 255 
3 910 968 967 159 166 166 255 
3 962 971 972 159 166 166 255 
3 962 972 963 159 166 166 255 
3 913 961 964 159 166 166 255 
3 913 964 914 159 166 166 255 
3 971 908 911 159 166 166 255 
3 971 911 972 159 166 166 255 
3 973 974 975 159 166 166 255 
3 973 975 976 159 166 166 255 
3 974 977 978 159 166 166 255 
3 974 978 975 159 166 166 255 
3 977 912 915 159 166 166 255 
3 977 915 978 159 166 166 255 
3 973 976 918 159 166 166 255 
3 973 918 917 159 166 166 255 
3 979 980 981 159 166 166 255 
3 979 981 982 159 166 166 255 
3 983 979 982 159 166 166 255 
3 983 982 984 159 166 166 255 
3 980 916 919 159 166 166 255 
3 980 919 981 159 166 166 255 
3 983 984 922 159 166 166 255 
3 983 922 921 159 166 166 255 
3 911 910 985 159 166 166 255 
3 911 985 986 159 166 166 255 
3 915 914 987 159 166 166 255 
3 915 987 988 159 166 166 255 
3 919 918 989 159 166 166 255 
3 919 989 990 159 166 166 255 
3 923 922 991 159 166 166 255 
3 923 991 992 159 166 166 255 
3 927 926 993 159 166 166 255 
3 927 993 994 159 166 166 255 
3 931 930 995 159 166 166 255 
3 931 995 996 159 166 166 255 
3 997 935 934 159 166 166 255 
3 997 934 998 159 166 166 255 
3 940 939 999 159 166 166 255 
3 940 999 1000 159 166 166 255 
3 944 943 1001 159 166 166 255 
3 944 1001 1002 159 166 166 255 
3 947 950 1003 159 166 166 255 
3 947 1003 1004 159 166 166 255 
3 1005 948 947 159 166 166 255 
3 1005 947 1004 159 166 166 255 
3 930 948 1005 159 166 166 255 
3 930 1005 995 159 166 166 255 
3 1003 950 927 159 166 166 255 
3 1003 927 994 159 166 166 255 
3 943 954 1006 159 166 166 255 
3 943 1006 1001 159 166 166 255 
3 934 944 1002 159 166 166 255 
3 934 1002 998 159 166 166 255 
3 996 1006 954 159 166 166 255 
3 996 954 931 159 166 166 255 
3 952 940 1000 159 166 166 255 
3 952 1000 1007 159 166 166 255 
3 999 939 923 159 166 166 255 
3 999 923 992 159 166 166 255 
3 926 952 1007 159 166 166 255 
3 926 1007 993 159 166 166 255 
3 958 957 1008 159 166 166 255 
3 958 1008 1009 159 166 166 255 
3 957 960 1010 159 166 166 255 
3 957 1010 1008 159 166 166 255 
3 960 935 997 159 166 166 255 
3 960 997 1010 159 166 166 255 
3 774 958 1009 159 166 166 255 
3 774 1009 776 159 166 166 255 
3 964 963 1011 159 166 166 255 
3 964 1011 1012 159 166 166 255 
3 1013 967 966 159 166 166 255 
3 1013 966 1014 159 166 166 255 
3 970 1015 1014 159 166 166 255 
3 970 1014 966 159 166 166 255 
3 814 829 1015 159 166 166 255 
3 814 1015 970 159 166 166 255 
3 814 970 815 159 166 166 255 
3 1013 985 910 159 166 166 255 
3 1013 910 967 159 166 166 255 
3 1011 963 972 159 166 166 255 
3 1011 972 1016 159 166 166 255 
3 972 911 986 159 166 166 255 
3 972 986 1016 159 166 166 255 
3 914 964 1012 159 166 166 255 
3 914 1012 987 159 166 166 255 
3 982 981 1017 159 166 166 255 
3 982 1017 1018 159 166 166 255 
3 984 982 1018 159 166 166 255 
3 984 1018 1019 159 166 166 255 
3 981 919 990 159 166 166 255 
3 981 990 1017 159 166 166 255 
3 984 1019 991 159 166 166 255 
3 984 991 922 159 166 166 255 
3 975 978 1020 159 166 166 255 
3 975 1020 1021 159 166 166 255 
3 976 975 1021 159 166 166 255 
3 976 1021 1022 159 166 166 255 
3 989 918 976 159 166 166 255 
3 989 976 1022 159 166 166 255 
3 978 915 988 159 166 166 255 
3 978 988 1020 159 166 166 255 
3 986 985 1023 159 166 166 255 
3 986 1023 1024 159 166 166 255 
3 988 987 1025 159 166 166 255 
3 988 1025 1026 159 166 166 255 
3 990 989 1027 159 166 166 255 
3 990 1027 1028 159 166 166 255 
3 992 991 1029 159 166 166 255 
3 992 1029 1030 159 166 166 255 
3 994 993 1031 159 166 166 255 
3 994 1031 1032 159 166 166 255 
3 996 995 1033 159 166 166 255 
3 996 1033 1034 159 166 166 255 
3 997 998 1035 159 166 166 255 
3 997 1035 1036 159 166 166 255 
3 904 907 936 159 166 166 255 
3 1000 999 1037 159 166 166 255 
3 1000 1037 1038 159 166 166 255 
3 1002 1001 1039 159 166 166 255 
3 1002 1039 1040 159 166 166 255 
3 1004 1003 1041 159 166 166 255 
3 1004 1041 1042 159 166 166 255 
3 1005 1004 1042 159 166 166 255 
3 1005 1042 1043 159 166 166 255 
3 1003 994 1032 159 166 166 255 
3 1003 1032 1041 159 166 166 255 
3 1033 995 1005 159 166 166 255 
3 1033 1005 1043 159 166 166 255 
3 1001 1006 1044 159 166 166 255 
3 1001 1044 1039 159 166 166 255 
3 1006 996 1034 159 166 166 255 
3 1006 1034 1044 159 166 166 255 
3 1035 998 1002 159 166 166 255 
3 1035 1002 1040 159 166 166 255 
3 1007 1000 1038 159 166 166 255 
3 1007 1038 1045 159 166 166 255 
3 993 1007 1045 159 166 166 255 
3 993 1045 1031 159 166 166 255 
3 1037 999 992 159 166 166 255 
3 1037 992 1030 159 166 166 255 
3 1009 1008 1046 159 166 166 255 
3 1009 1046 1047 159 166 166 255 
3 1008 1010 1048 159 166 166 255 
3 1008 1048 1046 159 166 166 255 
3 776 1009 1047 159 166 166 255 
3 776 1047 767 159 166 166 255 
3 1048 1010 997 159 166 166 255 
3 1048 997 1036 159 166 166 255 
3 1012 1011 1049 159 166 166 255 
3 1012 1049 1050 159 166 166 255 
3 1014 1051 1052 159 166 166 255 
3 1014 1052 1013 159 166 166 255 
3 1015 1053 1051 159 166 166 255 
3 1015 1051 1014 159 166 166 255 
3 831 1053 1015 159 166 166 255 
3 831 1015 829 159 166 166 255 
3 1023 985 1013 159 166 166 255 
3 1023 1013 1052 159 166 166 255 
3 1011 1016 1054 159 166 166 255 
3 1011 1054 1049 159 166 166 255 
3 987 1012 1050 159 166 166 255 
3 987 1050 1025 159 166 166 255 
3 1054 1016 986 159 166 166 255 
3 1054 986 1024 159 166 166 255 
3 1022 1021 1055 159 166 166 255 
3 1022 1055 1056 159 166 166 255 
3 1021 1020 1057 159 166 166 255 
3 1021 1057 1055 159 166 166 255 
3 1020 988 1026 159 166 166 255 
3 1020 1026 1057 159 166 166 255 
3 1027 989 1022 159 166 166 255 
3 1027 1022 1056 159 166 166 255 
3 1018 1017 1058 159 166 166 255 
3 1018 1058 1059 159 166 166 255 
3 1019 1018 1059 159 166 166 255 
3 1019 1059 1060 159 166 166 255 
3 991 1019 1060 159 166 166 255 
3 991 1060 1029 159 166 166 255 
3 1058 1017 990 159 166 166 255 
3 1058 990 1028 159 166 166 255 
3 1024 1023 1061 159 166 166 255 
3 1024 1061 1062 159 166 166 255 
3 1026 1025 1063 159 166 166 255 
3 1026 1063 1064 159 166 166 255 
3 1028 1027 1065 159 166 166 255 
3 1028 1065 1066 159 166 166 255 
3 1030 1029 1067 159 166 166 255 
3 1030 1067 1068 159 166 166 255 
3 1032 1031 1069 159 166 166 255 
3 1032 1069 1070 159 166 166 255 
3 1034 1033 1071 159 166 166 255 
3 1034 1071 1072 159 166 166 255 
3 1036 1035 1073 159 166 166 255 
3 1036 1073 1074 159 166 166 255 
3 1038 1037 1075 159 166 166 255 
3 1038 1075 1076 159 166 166 255 
3 1040 1039 1077 159 166 166 255 
3 1040 1077 1078 159 166 166 255 
3 1042 1041 1079 159 166 166 255 
3 1042 1079 1080 159 166 166 255 
3 1043 1042 1080 159 166 166 255 
3 1043 1080 1081 159 166 166 255 
3 1041 1032 1070 159 166 166 255 
3 1041 1070 1079 159 166 166 255 
3 1071 1033 1043 159 166 166 255 
3 1071 1043 1081 159 166 166 255 
3 1039 1044 1082 159 166 166 255 
3 1039 1082 1077 159 166 166 255 
3 1044 1034 1072 159 166 166 255 
3 1044 1072 1082 159 166 166 255 
3 1073 1035 1040 159 166 166 255 
3 1073 1040 1078 159 166 166 255 
3 1045 1038 1076 159 166 166 255 
3 1045 1076 1083 159 166 166 255 
3 1031 1045 1083 159 166 166 255 
3 1031 1083 1069 159 166 166 255 
3 1075 1037 1030 159 166 166 255 
3 1075 1030 1068 159 166 166 255 
3 1046 1048 1084 159 166 166 255 
3 1046 1084 1085 159 166 166 255 
3 1047 1046 1085 159 166 166 255 
3 1047 1085 1086 159 166 166 255 
3 1048 1036 1074 159 166 166 255 
3 1048 1074 1084 159 166 166 255 
3 768 767 1047 159 166 166 255 
3 768 1047 1086 159 166 166 255 
3 1055 1057 1087 159 166 166 255 
3 1055 1087 1088 159 166 166 255 
3 1059 1058 1089 159 166 166 255 
3 1059 1089 1090 159 166 166 255 
3 1060 1059 1090 159 166 166 255 
3 1060 1090 1091 159 166 166 255 
3 1058 1028 1066 159 166 166 255 
3 1058 1066 1089 159 166 166 255 
3 1067 1029 1060 159 166 166 255 
3 1067 1060 1091 159 166 166 255 
3 1056 1055 1088 159 166 166 255 
3 1056 1088 1092 159 166 166 255 
3 1027 1056 1092 159 166 166 255 
3 1027 1092 1065 159 166 166 255 
3 1087 1057 1026 159 166 166 255 
3 1087 1026 1064 159 166 166 255 
3 1051 1093 1094 159 166 166 255 
3 1051 1094 1052 159 166 166 255 
3 1093 1051 1053 159 166 166 255 
3 1093 1053 1095 159 166 166 255 
3 1052 1094 1061 159 166 166 255 
3 1052 1061 1023 159 166 166 255 
3 1095 1053 831 159 166 166 255 
3 1095 831 833 159 166 166 255 
3 1050 1049 1096 159 166 166 255 
3 1050 1096 1097 159 166 166 255 
3 1049 1054 1098 159 166 166 255 
3 1049 1098 1096 159 166 166 255 
3 1054 1024 1062 159 166 166 255 
3 1054 1062 1098 159 166 166 255 
3 1063 1025 1050 159 166 166 255 
3 1063 1050 1097 159 166 166 255 
3 1062 1061 1099 159 166 166 255 
3 1062 1099 1100 159 166 166 255 
3 1064 1063 1101 159 166 166 255 
3 1064 1101 1102 159 166 166 255 
3 1066 1065 1103 159 166 166 255 
3 1066 1103 1104 159 166 166 255 
3 1105 1068 1067 159 166 166 255 
3 1105 1067 1106 159 166 166 255 
3 1070 1069 1107 159 166 166 255 
3 1070 1107 1108 159 166 166 255 
3 1072 1071 1109 159 166 166 255 
3 1072 1109 1110 159 166 166 255 
3 1074 1073 1111 159 166 166 255 
3 1074 1111 1112 159 166 166 255 
3 902 904 936 159 166 166 255 
3 1076 1075 1113 159 166 166 255 
3 1076 1113 1114 159 166 166 255 
3 1078 1077 1115 159 166 166 255 
3 1078 1115 1116 159 166 166 255 
3 1081 1080 1117 159 166 166 255 
3 1081 1117 1118 159 166 166 255 
3 1080 1079 1119 159 166 166 255 
3 1080 1119 1117 159 166 166 255 
3 1079 1070 1108 159 166 166 255 
3 1079 1108 1119 159 166 166 255 
3 1109 1071 1081 159 166 166 255 
3 1109 1081 1118 159 166 166 255 
3 1083 1076 1114 159 166 166 255 
3 1083 1114 1120 159 166 166 255 
3 1069 1083 1120 159 166 166 255 
3 1069 1120 1107 159 166 166 255 
3 1113 1075 1068 159 166 166 255 
3 1113 1068 1105 159 166 166 255 
3 1077 1082 1121 159 166 166 255 
3 1077 1121 1115 159 166 166 255 
3 1082 1072 1110 159 166 166 255 
3 1082 1110 1121 159 166 166 255 
3 1111 1073 1078 159 166 166 255 
3 1111 1078 1116 159 166 166 255 
3 1086 1085 1122 159 166 166 255 
3 1086 1122 1123 159 166 166 255 
3 1085 1084 1124 159 166 166 255 
3 1085 1124 1122 159 166 166 255 
3 768 1086 1123 159 166 166 255 
3 768 1123 770 159 166 166 255 
3 1124 1084 1074 159 166 166 255 
3 1124 1074 1112 159 166 166 255 
3 1097 1096 1125 159 166 166 255 
3 1097 1125 1126 159 166 166 255 
3 1127 1128 1094 159 166 166 255 
3 1127 1094 1093 159 166 166 255 
3 1093 1095 1129 159 166 166 255 
3 1093 1129 1127 159 166 166 255 
3 1099 1061 1094 159 166 166 255 
3 1099 1094 1128 159 166 166 255 
3 1129 1095 833 159 166 166 255 
3 1129 833 835 159 166 166 255 
3 1096 1098 1130 159 166 166 255 
3 1096 1130 1125 159 166 166 255 
3 1063 1097 1126 159 166 166 255 
3 1063 1126 1101 159 166 166 255 
3 1130 1098 1062 159 166 166 255 
3 1130 1062 1100 159 166 166 255 
3 1131 1092 1088 159 166 166 255 
3 1131 1088 1132 159 166 166 255 
3 1088 1087 1133 159 166 166 255 
3 1088 1133 1132 159 166 166 255 
3 1065 1092 1131 159 166 166 255 
3 1065 1131 1103 159 166 166 255 
3 1087 1064 1102 159 166 166 255 
3 1087 1102 1133 159 166 166 255 
3 1091 1090 1134 159 166 166 255 
3 1091 1134 1135 159 166 166 255 
3 1090 1089 1136 159 166 166 255 
3 1090 1136 1134 159 166 166 255 
3 1067 1091 1135 159 166 166 255 
3 1067 1135 1106 159 166 166 255 
3 1136 1089 1066 159 166 166 255 
3 1136 1066 1104 159 166 166 255 
3 1100 1099 1137 159 166 166 255 
3 1100 1137 1138 159 166 166 255 
3 1102 1101 1139 159 166 166 255 
3 1102 1139 1140 159 166 166 255 
3 1104 1103 1141 159 166 166 255 
3 1104 1141 1142 159 166 166 255 
3 1105 1106 1143 159 166 166 255 
3 1105 1143 1144 159 166 166 255 
3 1108 1107 1145 159 166 166 255 
3 1108 1145 1146 159 166 166 255 
3 1110 1109 1147 159 166 166 255 
3 1110 1147 1148 159 166 166 255 
3 1112 1111 1149 159 166 166 255 
3 1112 1149 1150 159 166 166 255 
3 1114 1113 1151 159 166 166 255 
3 1114 1151 1152 159 166 166 255 
3 1116 1115 1153 159 166 166 255 
3 1116 1153 1154 159 166 166 255 
3 1118 1117 1155 159 166 166 255 
3 1118 1155 1156 159 166 166 255 
3 1117 1119 1157 159 166 166 255 
3 1117 1157 1155 159 166 166 255 
3 1119 1108 1146 159 166 166 255 
3 1119 1146 1157 159 166 166 255 
3 1147 1109 1118 159 166 166 255 
3 1147 1118 1156 159 166 166 255 
3 1120 1114 1152 159 166 166 255 
3 1120 1152 1158 159 166 166 255 
3 1113 1105 1144 159 166 166 255 
3 1113 1144 1151 159 166 166 255 
3 1145 1107 1120 159 166 166 255 
3 1145 1120 1158 159 166 166 255 
3 1115 1121 1159 159 166 166 255 
3 1115 1159 1153 159 166 166 255 
3 1111 1116 1154 159 166 166 255 
3 1111 1154 1149 159 166 166 255 
3 1159 1121 1110 159 166 166 255 
3 1159 1110 1148 159 166 166 255 
3 1122 1124 1160 159 166 166 255 
3 1122 1160 1161 159 166 166 255 
3 1123 1122 1161 159 166 166 255 
3 1123 1161 1162 159 166 166 255 
3 1124 1112 1150 159 166 166 255 
3 1124 1150 1160 159 166 166 255 
3 765 770 1123 159 166 166 255 
3 765 1123 1162 159 166 166 255 
3 1132 1133 1163 159 166 166 255 
3 1132 1163 1164 159 166 166 255 
3 1134 1136 1165 159 166 166 255 
3 1134 1165 1166 159 166 166 255 
3 1135 1134 1166 159 166 166 255 
3 1135 1166 1167 159 166 166 255 
3 1106 1135 1167 159 166 166 255 
3 1106 1167 1143 159 166 166 255 
3 1165 1136 1104 159 166 166 255 
3 1165 1104 1142 159 166 166 255 
3 1131 1132 1164 159 166 166 255 
3 1131 1164 1168 159 166 166 255 
3 1103 1131 1168 159 166 166 255 
3 1103 1168 1141 159 166 166 255 
3 1163 1133 1102 159 166 166 255 
3 1163 1102 1140 159 166 166 255 
3 1125 1130 1169 159 166 166 255 
3 1125 1169 1170 159 166 166 255 
3 1126 1125 1170 159 166 166 255 
3 1126 1170 1171 159 166 166 255 
3 1101 1126 1171 159 166 166 255 
3 1101 1171 1139 159 166 166 255 
3 1169 1130 1100 159 166 166 255 
3 1169 1100 1138 159 166 166 255 
3 1172 1173 1128 159 166 166 255 
3 1172 1128 1127 159 166 166 255 
3 1129 1174 1172 159 166 166 255 
3 1129 1172 1127 159 166 166 255 
3 1137 1099 1128 159 166 166 255 
3 1137 1128 1173 159 166 166 255 
3 1174 1129 835 159 166 166 255 
3 1174 835 821 159 166 166 255 
3 1175 1176 1138 159 166 166 255 
3 1175 1138 1137 159 166 166 255 
3 1140 1139 1177 159 166 166 255 
3 1140 1177 1178 159 166 166 255 
3 1142 1141 1179 159 166 166 255 
3 1142 1179 1180 159 166 166 255 
3 1144 1143 1181 159 166 166 255 
3 1144 1181 1182 159 166 166 255 
3 1146 1145 1183 159 166 166 255 
3 1146 1183 1184 159 166 166 255 
3 1148 1147 1185 159 166 166 255 
3 1148 1185 1186 159 166 166 255 
3 1150 1149 1187 159 166 166 255 
3 1150 1187 1188 159 166 166 255 
3 901 902 936 159 166 166 255 
3 1152 1151 1189 159 166 166 255 
3 1152 1189 1190 159 166 166 255 
3 1154 1153 1191 159 166 166 255 
3 1154 1191 1192 159 166 166 255 
3 1155 1157 1193 159 166 166 255 
3 1155 1193 1194 159 166 166 255 
3 1156 1155 1194 159 166 166 255 
3 1156 1194 1195 159 166 166 255 
3 1147 1156 1195 159 166 166 255 
3 1147 1195 1185 159 166 166 255 
3 1193 1157 1146 159 166 166 255 
3 1193 1146 1184 159 166 166 255 
3 1153 1159 1196 159 166 166 255 
3 1153 1196 1191 159 166 166 255 
3 1159 1148 1186 159 166 166 255 
3 1159 1186 1196 159 166 166 255 
3 1187 1149 1154 159 166 166 255 
3 1187 1154 1192 159 166 166 255 
3 1158 1152 1190 159 166 166 255 
3 1158 1190 1197 159 166 166 255 
3 1145 1158 1197 159 166 166 255 
3 1145 1197 1183 159 166 166 255 
3 1189 1151 1144 159 166 166 255 
3 1189 1144 1182 159 166 166 255 
3 1162 1161 1198 159 166 166 255 
3 1162 1198 1199 159 166 166 255 
3 1161 1160 1200 159 166 166 255 
3 1161 1200 1198 159 166 166 255 
3 1160 1150 1188 159 166 166 255 
3 1160 1188 1200 159 166 166 255 
3 765 1162 1199 159 166 166 255 
3 765 1199 766 159 166 166 255 
3 1171 1170 1201 159 166 166 255 
3 1171 1201 1202 159 166 166 255 
3 1203 1173 1172 159 166 166 255 
3 1203 1172 1204 159 166 166 255 
3 1174 1205 1204 159 166 166 255 
3 1174 1204 1172 159 166 166 255 
3 1203 1175 1137 159 166 166 255 
3 1203 1137 1173 159 166 166 255 
3 1205 1174 821 159 166 166 255 
3 1205 821 820 159 166 166 255 
3 1170 1169 1206 159 166 166 255 
3 1170 1206 1201 159 166 166 255 
3 1139 1171 1202 159 166 166 255 
3 1139 1202 1177 159 166 166 255 
3 1206 1169 1138 159 166 166 255 
3 1206 1138 1176 159 166 166 255 
3 1166 1165 1207 159 166 166 255 
3 1166 1207 1208 159 166 166 255 
3 1167 1166 1208 159 166 166 255 
3 1167 1208 1209 159 166 166 255 
3 1143 1167 1209 159 166 166 255 
3 1143 1209 1181 159 166 166 255 
3 1207 1165 1142 159 166 166 255 
3 1207 1142 1180 159 166 166 255 
3 1164 1163 1210 159 166 166 255 
3 1164 1210 1211 159 166 166 255 
3 1168 1164 1211 159 166 166 255 
3 1168 1211 1212 159 166 166 255 
3 1163 1140 1178 159 166 166 255 
3 1163 1178 1210 159 166 166 255 
3 1179 1141 1168 159 166 166 255 
3 1179 1168 1212 159 166 166 255 
3 1213 1176 1175 159 166 166 255 
3 1213 1175 1214 159 166 166 255 
3 1178 1177 1215 159 166 166 255 
3 1178 1215 1216 159 166 166 255 
3 1180 1179 1217 159 166 166 255 
3 1180 1217 1218 159 166 166 255 
3 1219 1182 1181 159 166 166 255 
3 1219 1181 1220 159 166 166 255 
3 1184 1183 1221 159 166 166 255 
3 1184 1221 1222 159 166 166 255 
3 1186 1185 1223 159 166 166 255 
3 1186 1223 1224 159 166 166 255 
3 1188 1187 1225 159 166 166 255 
3 1188 1225 1226 159 166 166 255 
3 1190 1189 1227 159 166 166 255 
3 1190 1227 1228 159 166 166 255 
3 1192 1191 1229 159 166 166 255 
3 1192 1229 1230 159 166 166 255 
3 1231 1194 1193 159 166 166 255 
3 1231 1193 1232 159 166 166 255 
3 1195 1194 1231 159 166 166 255 
3 1195 1231 1233 159 166 166 255 
3 1193 1184 1222 159 166 166 255 
3 1193 1222 1232 159 166 166 255 
3 1223 1185 1195 159 166 166 255 
3 1223 1195 1233 159 166 166 255 
3 1191 1196 1234 159 166 166 255 
3 1191 1234 1229 159 166 166 255 
3 1196 1186 1224 159 166 166 255 
3 1196 1224 1234 159 166 166 255 
3 1225 1187 1192 159 166 166 255 
3 1225 1192 1230 159 166 166 255 
3 1197 1190 1228 159 166 166 255 
3 1197 1228 1235 159 166 166 255 
3 1183 1197 1235 159 166 166 255 
3 1183 1235 1221 159 166 166 255 
3 1227 1189 1182 159 166 166 255 
3 1227 1182 1219 159 166 166 255 
3 1199 1198 1236 159 166 166 255 
3 1199 1236 1237 159 166 166 255 
3 1198 1200 1238 159 166 166 255 
3 1198 1238 1236 159 166 166 255 
3 1200 1188 1226 159 166 166 255 
3 1200 1226 1238 159 166 166 255 
3 788 766 1199 159 166 166 255 
3 788 1199 1237 159 166 166 255 
3 1202 1201 1239 159 166 166 255 
3 1202 1239 1240 159 166 166 255 
3 1241 1242 1203 159 166 166 255 
3 1241 1203 1204 159 166 166 255 
3 1204 1205 1243 159 166 166 255 
3 1204 1243 1241 159 166 166 255 
3 820 828 1243 159 166 166 255 
3 820 1243 1205 159 166 166 255 
3 1214 1175 1203 159 166 166 255 
3 1214 1203 1242 159 166 166 255 
3 1201 1206 1244 159 166 166 255 
3 1201 1244 1239 159 166 166 255 
3 1206 1176 1213 159 166 166 255 
3 1206 1213 1244 159 166 166 255 
3 1215 1177 1202 159 166 166 255 
3 1215 1202 1240 159 166 166 255 
3 1245 1212 1211 159 166 166 255 
3 1245 1211 1246 159 166 166 255 
3 1211 1210 1247 159 166 166 255 
3 1211 1247 1246 159 166 166 255 
3 1179 1212 1245 159 166 166 255 
3 1179 1245 1217 159 166 166 255 
3 1247 1210 1178 159 166 166 255 
3 1247 1178 1216 159 166 166 255 
3 1208 1207 1248 159 166 166 255 
3 1208 1248 1249 159 166 166 255 
3 1209 1208 1249 159 166 166 255 
3 1209 1249 1250 159 166 166 255 
3 1181 1209 1250 159 166 166 255 
3 1181 1250 1220 159 166 166 255 
3 1248 1207 1180 159 166 166 255 
3 1248 1180 1218 159 166 166 255 
3 1251 1252 1213 159 166 166 255 
3 1251 1213 1214 159 166 166 255 
3 1216 1215 1253 159 166 166 255 
3 1216 1253 1254 159 166 166 255 
3 1218 1217 1255 159 166 166 255 
3 1218 1255 1256 159 166 166 255 
3 1219 1220 1257 159 166 166 255 
3 1219 1257 1258 159 166 166 255 
3 1222 1221 1259 159 166 166 255 
3 1222 1259 1260 159 166 166 255 
3 1224 1223 1261 159 166 166 255 
3 1224 1261 1262 159 166 166 255 
3 1226 1225 1263 159 166 166 255 
3 1226 1263 1264 159 166 166 255 
3 899 901 936 159 166 166 255 
3 1228 1227 1265 159 166 166 255 
3 1228 1265 1266 159 166 166 255 
3 1230 1229 1267 159 166 166 255 
3 1230 1267 1268 159 166 166 255 
3 1231 1232 1269 159 166 166 255 
3 1231 1269 1270 159 166 166 255 
3 1233 1231 1270 159 166 166 255 
3 1233 1270 1271 159 166 166 255 
3 1223 1233 1271 159 166 166 255 
3 1223 1271 1261 159 166 166 255 
3 1269 1232 1222 159 166 166 255 
3 1269 1222 1260 159 166 166 255 
3 1229 1234 1272 159 166 166 255 
3 1229 1272 1267 159 166 166 255 
3 1225 1230 1268 159 166 166 255 
3 1225 1268 1263 159 166 166 255 
3 1272 1234 1224 159 166 166 255 
3 1272 1224 1262 159 166 166 255 
3 1235 1228 1266 159 166 166 255 
3 1235 1266 1273 159 166 166 255 
3 1227 1219 1258 159 166 166 255 
3 1227 1258 1265 159 166 166 255 
3 1259 1221 1235 159 166 166 255 
3 1259 1235 1273 159 166 166 255 
3 1237 1236 1274 159 166 166 255 
3 1237 1274 1275 159 166 166 255 
3 1236 1238 1276 159 166 166 255 
3 1236 1276 1274 159 166 166 255 
3 788 1237 1275 159 166 166 255 
3 788 1275 789 159 166 166 255 
3 1276 1238 1226 159 166 166 255 
3 1276 1226 1264 159 166 166 255 
3 1240 1239 1277 159 166 166 255 
3 1240 1277 1278 159 166 166 255 
3 1241 1279 1280 159 166 166 255 
3 1241 1280 1242 159 166 166 255 
3 1281 1279 1241 159 166 166 255 
3 1281 1241 1243 159 166 166 255 
3 1242 1280 1251 159 166 166 255 
3 1242 1251 1214 159 166 166 255 
3 1281 1243 828 159 166 166 255 
3 1281 828 826 159 166 166 255 
3 1239 1244 1282 159 166 166 255 
3 1239 1282 1277 159 166 166 255 
3 1244 1213 1252 159 166 166 255 
3 1244 1252 1282 159 166 166 255 
3 1253 1215 1240 159 166 166 255 
3 1253 1240 1278 159 166 166 255 
3 1245 1246 1283 159 166 166 255 
3 1245 1283 1284 159 166 166 255 
3 1246 1247 1285 159 166 166 255 
3 1246 1285 1283 159 166 166 255 
3 1217 1245 1284 159 166 166 255 
3 1217 1284 1255 159 166 166 255 
3 1285 1247 1216 159 166 166 255 
3 1285 1216 1254 159 166 166 255 
3 1250 1249 1286 159 166 166 255 
3 1250 1286 1287 159 166 166 255 
3 1249 1248 1288 159 166 166 255 
3 1249 1288 1286 159 166 166 255 
3 1248 1218 1256 159 166 166 255 
3 1248 1256 1288 159 166 166 255 
3 1257 1220 1250 159 166 166 255 
3 1257 1250 1287 159 166 166 255 
3 1252 1251 1289 159 166 166 255 
3 1252 1289 1290 159 166 166 255 
3 1254 1253 1291 159 166 166 255 
3 1254 1291 1292 159 166 166 255 
3 1256 1255 1293 159 166 166 255 
3 1256 1293 1294 159 166 166 255 
3 1258 1257 1295 159 166 166 255 
3 1258 1295 1296 159 166 166 255 
3 1260 1259 1297 159 166 166 255 
3 1260 1297 1298 159 166 166 255 
3 1262 1261 1299 159 166 166 255 
3 1262 1299 1300 159 166 166 255 
3 1264 1263 1301 159 166 166 255 
3 1264 1301 1302 159 166 166 255 
3 1266 1265 1303 159 166 166 255 
3 1266 1303 1304 159 166 166 255 
3 1268 1267 1305 159 166 166 255 
3 1268 1305 1306 159 166 166 255 
3 1271 1270 1307 159 166 166 255 
3 1271 1307 1308 159 166 166 255 
3 1270 1269 1309 159 166 166 255 
3 1270 1309 1307 159 166 166 255 
3 1269 1260 1298 159 166 166 255 
3 1269 1298 1309 159 166 166 255 
3 1299 1261 1271 159 166 166 255 
3 1299 1271 1308 159 166 166 255 
3 1273 1266 1304 159 166 166 255 
3 1273 1304 1310 159 166 166 255 
3 1265 1258 1296 159 166 166 255 
3 1265 1296 1303 159 166 166 255 
3 1297 1259 1273 159 166 166 255 
3 1297 1273 1310 159 166 166 255 
3 1267 1272 1311 159 166 166 255 
3 1267 1311 1305 159 166 166 255 
3 1272 1262 1300 159 166 166 255 
3 1272 1300 1311 159 166 166 255 
3 1301 1263 1268 159 166 166 255 
3 1301 1268 1306 159 166 166 255 
3 1274 1276 1312 159 166 166 255 
3 1274 1312 1313 159 166 166 255 
3 1275 1274 1313 159 166 166 255 
3 1275 1313 1314 159 166 166 255 
3 789 1275 1314 159 166 166 255 
3 789 1314 791 159 166 166 255 
3 1312 1276 1264 159 166 166 255 
3 1312 1264 1302 159 166 166 255 
3 1283 1285 1315 159 166 166 255 
3 1283 1315 1316 159 166 166 255 
3 1286 1288 1317 159 166 166 255 
3 1286 1317 1318 159 166 166 255 
3 1287 1286 1318 159 166 166 255 
3 1287 1318 1319 159 166 166 255 
3 1257 1287 1319 159 166 166 255 
3 1257 1319 1295 159 166 166 255 
3 1317 1288 1256 159 166 166 255 
3 1317 1256 1294 159 166 166 255 
3 1284 1283 1316 159 166 166 255 
3 1284 1316 1320 159 166 166 255 
3 1255 1284 1320 159 166 166 255 
3 1255 1320 1293 159 166 166 255 
3 1315 1285 1254 159 166 166 255 
3 1315 1254 1292 159 166 166 255 
3 1321 1280 1279 159 166 166 255 
3 1321 1279 1322 159 166 166 255 
3 1281 1323 1322 159 166 166 255 
3 1281 1322 1279 159 166 166 255 
3 1289 1251 1280 159 166 166 255 
3 1289 1280 1321 159 166 166 255 
3 1323 1281 826 159 166 166 255 
3 1323 826 824 159 166 166 255 
3 1278 1277 1324 159 166 166 255 
3 1278 1324 1325 159 166 166 255 
3 1277 1282 1326 159 166 166 255 
3 1277 1326 1324 159 166 166 255 
3 1282 1252 1290 159 166 166 255 
3 1282 1290 1326 159 166 166 255 
3 1291 1253 1278 159 166 166 255 
3 1291 1278 1325 159 166 166 255 
3 1289 1327 1328 159 166 166 255 
3 1289 1328 1290 159 166 166 255 
3 1292 1291 1329 159 166 166 255 
3 1292 1329 1330 159 166 166 255 
3 1294 1293 1331 159 166 166 255 
3 1294 1331 1332 159 166 166 255 
3 1296 1295 1333 159 166 166 255 
3 1296 1333 1334 159 166 166 255 
3 1298 1297 1335 159 166 166 255 
3 1298 1335 1336 159 166 166 255 
3 1300 1299 1337 159 166 166 255 
3 1300 1337 1338 159 166 166 255 
3 1302 1301 1339 159 166 166 255 
3 1302 1339 1340 159 166 166 255 
3 897 899 936 159 166 166 255 
3 1304 1303 1341 159 166 166 255 
3 1304 1341 1342 159 166 166 255 
3 1306 1305 1343 159 166 166 255 
3 1306 1343 1344 159 166 166 255 
3 1307 1309 1345 159 166 166 255 
3 1307 1345 1346 159 166 166 255 
3 1308 1307 1346 159 166 166 255 
3 1308 1346 1347 159 166 166 255 
3 1345 1309 1298 159 166 166 255 
3 1345 1298 1336 159 166 166 255 
3 1337 1299 1308 159 166 166 255 
3 1337 1308 1347 159 166 166 255 
3 1305 1311 1348 159 166 166 255 
3 1305 1348 1343 159 166 166 255 
3 1311 1300 1338 159 166 166 255 
3 1311 1338 1348 159 166 166 255 
3 1339 1301 1306 159 166 166 255 
3 1339 1306 1344 159 166 166 255 
3 1310 1304 1342 159 166 166 255 
3 1310 1342 1349 159 166 166 255 
3 1297 1310 1349 159 166 166 255 
3 1297 1349 1335 159 166 166 255 
3 1341 1303 1296 159 166 166 255 
3 1341 1296 1334 159 166 166 255 
3 1313 1312 1350 159 166 166 255 
3 1313 1350 1351 159 166 166 255 
3 1314 1313 1351 159 166 166 255 
3 1314 1351 1352 159 166 166 255 
3 1312 1302 1340 159 166 166 255 
3 1312 1340 1350 159 166 166 255 
3 792 791 1314 159 166 166 255 
3 792 1314 1352 159 166 166 255 
3 1353 1316 1315 159 166 166 255 
3 1353 1315 1354 159 166 166 255 
3 1318 1317 1355 159 166 166 255 
3 1318 1355 1356 159 166 166 255 
3 1319 1318 1356 159 166 166 255 
3 1319 1356 1357 159 166 166 255 
3 1333 1295 1319 159 166 166 255 
3 1333 1319 1357 159 166 166 255 
3 1355 1317 1294 159 166 166 255 
3 1355 1294 1332 159 166 166 255 
3 1320 1316 1353 159 166 166 255 
3 1320 1353 1358 159 166 166 255 
3 1315 1292 1330 159 166 166 255 
3 1315 1330 1354 159 166 166 255 
3 1331 1293 1320 159 166 166 255 
3 1331 1320 1358 159 166 166 255 
3 1324 1326 1359 159 166 166 255 
3 1324 1359 1360 159 166 166 255 
3 1325 1324 1360 159 166 166 255 
3 1325 1360 1361 159 166 166 255 
3 1326 1290 1328 159 166 166 255 
3 1326 1328 1359 159 166 166 255 
3 1329 1291 1325 159 166 166 255 
3 1329 1325 1361 159 166 166 255 
3 1322 1362 1363 159 166 166 255 
3 1322 1363 1321 159 166 166 255 
3 1362 1322 1323 159 166 166 255 
3 1362 1323 1364 159 166 166 255 
3 808 812 1364 159 166 166 255 
3 808 1364 1323 159 166 166 255 
3 808 1323 824 159 166 166 255 
3 1327 1289 1321 159 166 166 255 
3 1327 1321 1363 159 166 166 255 
3 1328 1327 1365 159 166 166 255 
3 1328 1365 1366 159 166 166 255 
3 1330 1329 1367 159 166 166 255 
3 1330 1367 1368 159 166 166 255 
3 1332 1331 1369 159 166 166 255 
3 1332 1369 1370 159 166 166 255 
3 1334 1333 1371 159 166 166 255 
3 1334 1371 1372 159 166 166 255 
3 1336 1335 1373 159 166 166 255 
3 1336 1373 1374 159 166 166 255 
3 1338 1337 1375 159 166 166 255 
3 1338 1375 1376 159 166 166 255 
3 1340 1339 1377 159 166 166 255 
3 1340 1377 1378 159 166 166 255 
3 1342 1341 1379 159 166 166 255 
3 1342 1379 1380 159 166 166 255 
3 1344 1343 1381 159 166 166 255 
3 1344 1381 1382 159 166 166 255 
3 1347 1346 1383 159 166 166 255 
3 1347 1383 1384 159 166 166 255 
3 1346 1345 1385 159 166 166 255 
3 1346 1385 1383 159 166 166 255 
3 1337 1347 1384 159 166 166 255 
3 1337 1384 1375 159 166 166 255 
3 1385 1345 1336 159 166 166 255 
3 1385 1336 1374 159 166 166 255 
3 1349 1342 1380 159 166 166 255 
3 1349 1380 1386 159 166 166 255 
3 1341 1334 1372 159 166 166 255 
3 1341 1372 1379 159 166 166 255 
3 1373 1335 1349 159 166 166 255 
3 1373 1349 1386 159 166 166 255 
3 1343 1348 1387 159 166 166 255 
3 1343 1387 1381 159 166 166 255 
3 1339 1344 1382 159 166 166 255 
3 1339 1382 1377 159 166 166 255 
3 1387 1348 1338 159 166 166 255 
3 1387 1338 1376 159 166 166 255 
3 1351 1350 1388 159 166 166 255 
3 1351 1388 1389 159 166 166 255 
3 1352 1351 1389 159 166 166 255 
3 1352 1389 1390 159 166 166 255 
3 792 1352 1390 159 166 166 255 
3 792 1390 800 159 166 166 255 
3 1388 1350 1340 159 166 166 255 
3 1388 1340 1378 159 166 166 255 
3 1361 1360 1391 159 166 166 255 
3 1361 1391 1392 159 166 166 255 
3 1363 1362 1393 159 166 166 255 
3 1363 1393 1394 159 166 166 255 
3 1393 1362 1364 159 166 166 255 
3 1393 1364 1395 159 166 166 255 
3 1327 1363 1394 159 166 166 255 
3 1327 1394 1365 159 166 166 255 
3 1395 1364 812 159 166 166 255 
3 1395 812 811 159 166 166 255 
3 1360 1359 1396 159 166 166 255 
3 1360 1396 1391 159 166 166 255 
3 1359 1328 1366 159 166 166 255 
3 1359 1366 1396 159 166 166 255 
3 1367 1329 1361 159 166 166 255 
3 1367 1361 1392 159 166 166 255 
3 1358 1353 1397 159 166 166 255 
3 1358 1397 1398 159 166 166 255 
3 1353 1354 1399 159 166 166 255 
3 1353 1399 1397 159 166 166 255 
3 1354 1330 1368 159 166 166 255 
3 1354 1368 1399 159 166 166 255 
3 1331 1358 1398 159 166 166 255 
3 1331 1398 1369 159 166 166 255 
3 1356 1355 1400 159 166 166 255 
3 1356 1400 1401 159 166 166 255 
3 1357 1356 1401 159 166 166 255 
3 1357 1401 1402 159 166 166 255 
3 1355 1332 1370 159 166 166 255 
3 1355 1370 1400 159 166 166 255 
3 1371 1333 1357 159 166 166 255 
3 1371 1357 1402 159 166 166 255 
3 1366 1365 1403 159 166 166 255 
3 1366 1403 1404 159 166 166 255 
3 1368 1367 1405 159 166 166 255 
3 1368 1405 1406 159 166 166 255 
3 1370 1369 1407 159 166 166 255 
3 1370 1407 1408 159 166 166 255 
3 1372 1371 1409 159 166 166 255 
3 1372 1409 1410 159 166 166 255 
3 1374 1373 1411 159 166 166 255 
3 1374 1411 1412 159 166 166 255 
3 1376 1375 1413 159 166 166 255 
3 1376 1413 1414 159 166 166 255 
3 1378 1377 1415 159 166 166 255 
3 1378 1415 1416 159 166 166 255 
3 895 897 936 159 166 166 255 
3 1380 1379 1417 159 166 166 255 
3 1380 1417 1418 159 166 166 255 
3 1382 1381 1419 159 166 166 255 
3 1382 1419 1420 159 166 166 255 
3 1383 1385 1421 159 166 166 255 
3 1383 1421 1422 159 166 166 255 
3 1381 1387 1423 159 166 166 255 
3 1381 1423 1419 159 166 166 255 
3 1377 1382 1420 159 166 166 255 
3 1377 1420 1415 159 166 166 255 
3 1423 1387 1376 159 166 166 255 
3 1423 1376 1414 159 166 166 255 
3 1384 1383 1422 159 166 166 255 
3 1384 1422 1424 159 166 166 255 
3 1385 1374 1412 159 166 166 255 
3 1385 1412 1421 159 166 166 255 
3 1413 1375 1384 159 166 166 255 
3 1413 1384 1424 159 166 166 255 
3 1386 1380 1418 159 166 166 255 
3 1386 1418 1425 159 166 166 255 
3 1379 1372 1410 159 166 166 255 
3 1379 1410 1417 159 166 166 255 
3 1411 1373 1386 159 166 166 255 
3 1411 1386 1425 159 166 166 255 
3 1390 1389 1426 159 166 166 255 
3 1390 1426 1427 159 166 166 255 
3 1389 1388 1428 159 166 166 255 
3 1389 1428 1426 159 166 166 255 
3 800 1390 1427 159 166 166 255 
3 800 1427 798 159 166 166 255 
3 1428 1388 1378 159 166 166 255 
3 1428 1378 1416 159 166 166 255 
3 1392 1391 1429 159 166 166 255 
3 1392 1429 1430 159 166 166 255 
3 1431 1432 1394 159 166 166 255 
3 1431 1394 1393 159 166 166 255 
3 1395 1433 1431 159 166 166 255 
3 1395 1431 1393 159 166 166 255 
3 811 810 1433 159 166 166 255 
3 811 1433 1395 159 166 166 255 
3 1403 1365 1394 159 166 166 255 
3 1403 1394 1432 159 166 166 255 
3 1391 1396 1434 159 166 166 255 
3 1391 1434 1429 159 166 166 255 
3 1367 1392 1430 159 166 166 255 
3 1367 1430 1405 159 166 166 255 
3 1434 1396 1366 159 166 166 255 
3 1434 1366 1404 159 166 166 255 
3 1398 1397 1435 159 166 166 255 
3 1398 1435 1436 159 166 166 255 
3 1397 1399 1437 159 166 166 255 
3 1397 1437 1435 159 166 166 255 
3 1399 1368 1406 159 166 166 255 
3 1399 1406 1437 159 166 166 255 
3 1407 1369 1398 159 166 166 255 
3 1407 1398 1436 159 166 166 255 
3 1401 1400 1438 159 166 166 255 
3 1401 1438 1439 159 166 166 255 
3 1402 1401 1439 159 166 166 255 
3 1402 1439 1440 159 166 166 255 
3 1400 1370 1408 159 166 166 255 
3 1400 1408 1438 159 166 166 255 
3 1409 1371 1402 159 166 166 255 
3 1409 1402 1440 159 166 166 255 
3 1404 1403 1441 159 166 166 255 
3 1404 1441 1442 159 166 166 255 
3 1406 1405 1443 159 166 166 255 
3 1406 1443 1444 159 166 166 255 
3 1408 1407 1445 159 166 166 255 
3 1408 1445 1446 159 166 166 255 
3 1410 1409 1447 159 166 166 255 
3 1410 1447 1448 159 166 166 255 
3 1449 1412 1411 159 166 166 255 
3 1449 1411 1450 159 166 166 255 
3 1414 1413 1451 159 166 166 255 
3 1414 1451 1452 159 166 166 255 
3 1416 1415 1453 159 166 166 255 
3 1416 1453 1454 159 166 166 255 
3 1418 1417 1455 159 166 166 255 
3 1418 1455 1456 159 166 166 255 
3 1420 1419 1457 159 166 166 255 
3 1420 1457 1458 159 166 166 255 
3 1424 1422 1459 159 166 166 255 
3 1424 1459 1460 159 166 166 255 
3 1422 1421 1461 159 166 166 255 
3 1422 1461 1459 159 166 166 255 
3 1421 1412 1449 159 166 166 255 
3 1421 1449 1461 159 166 166 255 
3 1451 1413 1424 159 166 166 255 
3 1451 1424 1460 159 166 166 255 
3 1425 1418 1456 159 166 166 255 
3 1425 1456 1462 159 166 166 255 
3 1417 1410 1448 159 166 166 255 
3 1417 1448 1455 159 166 166 255 
3 1450 1411 1425 159 166 166 255 
3 1450 1425 1462 159 166 166 255 
3 1457 1419 1423 159 166 166 255 
3 1457 1423 1463 159 166 166 255 
3 1423 1414 1452 159 166 166 255 
3 1423 1452 1463 159 166 166 255 
3 1453 1415 1420 159 166 166 255 
3 1453 1420 1458 159 166 166 255 
3 1427 1426 1464 159 166 166 255 
3 1427 1464 1465 159 166 166 255 
3 1426 1428 1466 159 166 166 255 
3 1426 1466 1464 159 166 166 255 
3 1428 1416 1454 159 166 166 255 
3 1428 1454 1466 159 166 166 255 
3 798 1427 1465 159 166 166 255 
3 798 1465 796 159 166 166 255 
3 1435 1437 1467 159 166 166 255 
3 1435 1467 1468 159 166 166 255 
3 1439 1438 1469 159 166 166 255 
3 1439 1469 1470 159 166 166 255 
3 1439 1470 1471 159 166 166 255 
3 1439 1471 1440 159 166 166 255 
3 1438 1408 1446 159 166 166 255 
3 1438 1446 1469 159 166 166 255 
3 1447 1409 1440 159 166 166 255 
3 1447 1440 1471 159 166 166 255 
3 1436 1435 1468 159 166 166 255 
3 1436 1468 1472 159 166 166 255 
3 1467 1437 1406 159 166 166 255 
3 1467 1406 1444 159 166 166 255 
3 1445 1407 1436 159 166 166 255 
3 1445 1436 1472 159 166 166 255 
3 1429 1434 1473 159 166 166 255 
3 1429 1473 1474 159 166 166 255 
3 1430 1429 1474 159 166 166 255 
3 1430 1474 1475 159 166 166 255 
3 1434 1404 1442 159 166 166 255 
3 1434 1442 1473 159 166 166 255 
3 1443 1405 1430 159 166 166 255 
3 1443 1430 1475 159 166 166 255 
3 1476 1432 1431 159 166 166 255 
3 1476 1431 1477 159 166 166 255 
3 1477 1431 1433 159 166 166 255 
3 1477 1433 1478 159 166 166 255 
3 1433 810 809 159 166 166 255 
3 1433 809 843 159 166 166 255 
3 1433 843 1478 159 166 166 255 
3 1441 1403 1432 159 166 166 255 
3 1441 1432 1476 159 166 166 255 
3 1442 1441 1479 159 166 166 255 
3 1442 1479 1480 159 166 166 255 
3 1444 1443 1481 159 166 166 255 
3 1444 1481 1482 159 166 166 255 
3 1446 1445 1483 159 166 166 255 
3 1446 1483 1484 159 166 166 255 
3 1448 1447 1485 159 166 166 255 
3 1448 1485 1486 159 166 166 255 
3 1449 1450 1487 159 166 166 255 
3 1449 1487 1488 159 166 166 255 
3 1452 1451 1489 159 166 166 255 
3 1452 1489 1490 159 166 166 255 
3 1454 1453 1491 159 166 166 255 
3 1454 1491 1492 159 166 166 255 
3 893 895 936 159 166 166 255 
3 1456 1455 1493 159 166 166 255 
3 1456 1493 1494 159 166 166 255 
3 1458 1457 1495 159 166 166 255 
3 1458 1495 1496 159 166 166 255 
3 1459 1461 1497 159 166 166 255 
3 1459 1497 1498 159 166 166 255 
3 1460 1459 1498 159 166 166 255 
3 1460 1498 1499 159 166 166 255 
3 1451 1460 1499 159 166 166 255 
3 1451 1499 1489 159 166 166 255 
3 1497 1461 1449 159 166 166 255 
3 1497 1449 1488 159 166 166 255 
3 1457 1463 1500 159 166 166 255 
3 1457 1500 1495 159 166 166 255 
3 1463 1452 1490 159 166 166 255 
3 1463 1490 1500 159 166 166 255 
3 1491 1453 1458 159 166 166 255 
3 1491 1458 1496 159 166 166 255 
3 1462 1456 1494 159 166 166 255 
3 1462 1494 1501 159 166 166 255 
3 1455 1448 1486 159 166 166 255 
3 1455 1486 1493 159 166 166 255 
3 1487 1450 1462 159 166 166 255 
3 1487 1462 1501 159 166 166 255 
3 1465 1464 1502 159 166 166 255 
3 1465 1502 1503 159 166 166 255 
3 1464 1466 1504 159 166 166 255 
3 1464 1504 1502 159 166 166 255 
3 1466 1454 1492 159 166 166 255 
3 1466 1492 1504 159 166 166 255 
3 794 796 1465 159 166 166 255 
3 794 1465 1503 159 166 166 255 
3 1468 1467 1505 159 166 166 255 
3 1468 1505 1506 159 166 166 255 
3 1470 1469 1507 159 166 166 255 
3 1470 1507 1508 159 166 166 255 
3 1471 1470 1508 159 166 166 255 
3 1471 1508 1509 159 166 166 255 
3 1469 1446 1484 159 166 166 255 
3 1469 1484 1507 159 166 166 255 
3 1485 1447 1471 159 166 166 255 
3 1485 1471 1509 159 166 166 255 
3 1472 1468 1506 159 166 166 255 
3 1472 1506 1510 159 166 166 255 
3 1467 1444 1482 159 166 166 255 
3 1467 1482 1505 159 166 166 255 
3 1483 1445 1472 159 166 166 255 
3 1483 1472 1510 159 166 166 255 
3 1474 1473 1511 159 166 166 255 
3 1474 1511 1512 159 166 166 255 
3 1475 1474 1512 159 166 166 255 
3 1475 1512 1513 159 166 166 255 
3 1443 1475 1513 159 166 166 255 
3 1443 1513 1481 159 166 166 255 
3 1511 1473 1442 159 166 166 255 
3 1511 1442 1480 159 166 166 255 
3 1477 1478 1514 159 166 166 255 
3 1477 1514 1515 159 166 166 255 
3 1515 1516 1476 159 166 166 255 
3 1515 1476 1477 159 166 166 255 
3 1476 1516 1479 159 166 166 255 
3 1476 1479 1441 159 166 166 255 
3 1514 1478 843 159 166 166 255 
3 1514 843 841 159 166 166 255 
3 1480 1479 1517 159 166 166 255 
3 1480 1517 1518 159 166 166 255 
3 1482 1481 1519 159 166 166 255 
3 1482 1519 1520 159 166 166 255 
3 1484 1483 1521 159 166 166 255 
3 1484 1521 1522 159 166 166 255 
3 1486 1485 1523 159 166 166 255 
3 1486 1523 1524 159 166 166 255 
3 1488 1487 1525 159 166 166 255 
3 1488 1525 1526 159 166 166 255 
3 1490 1489 1527 159 166 166 255 
3 1490 1527 1528 159 166 166 255 
3 1492 1491 1529 159 166 166 255 
3 1492 1529 1530 159 166 166 255 
3 1494 1493 1531 159 166 166 255 
3 1494 1531 1532 159 166 166 255 
3 1496 1495 1533 159 166 166 255 
3 1496 1533 1534 159 166 166 255 
3 1499 1498 1535 159 166 166 255 
3 1499 1535 1536 159 166 166 255 
3 1501 1494 1532 159 166 166 255 
3 1501 1532 1537 159 166 166 255 
3 1487 1501 1537 159 166 166 255 
3 1487 1537 1525 159 166 166 255 
3 1493 1486 1524 159 166 166 255 
3 1493 1524 1531 159 166 166 255 
3 1498 1497 1538 159 166 166 255 
3 1498 1538 1535 159 166 166 255 
3 1489 1499 1536 159 166 166 255 
3 1489 1536 1527 159 166 166 255 
3 1538 1497 1488 159 166 166 255 
3 1538 1488 1526 159 166 166 255 
3 1495 1500 1539 159 166 166 255 
3 1495 1539 1533 159 166 166 255 
3 1491 1496 1534 159 166 166 255 
3 1491 1534 1529 159 166 166 255 
3 1539 1500 1490 159 166 166 255 
3 1539 1490 1528 159 166 166 255 
3 1502 1504 1540 159 166 166 255 
3 1502 1540 1541 159 166 166 255 
3 1503 1502 1541 159 166 166 255 
3 1503 1541 1542 159 166 166 255 
3 794 1503 1542 159 166 166 255 
3 794 1542 801 159 166 166 255 
3 1540 1504 1492 159 166 166 255 
3 1540 1492 1530 159 166 166 255 
3 1513 1512 1543 159 166 166 255 
3 1513 1543 1544 159 166 166 255 
3 1545 1516 1515 159 166 166 255 
3 1545 1515 1546 159 166 166 255 
3 1546 1515 1514 159 166 166 255 
3 1546 1514 1547 159 166 166 255 
3 1547 1514 841 159 166 166 255 
3 1547 841 839 159 166 166 255 
3 1517 1479 1516 159 166 166 255 
3 1517 1516 1545 159 166 166 255 
3 1512 1511 1548 159 166 166 255 
3 1512 1548 1543 159 166 166 255 
3 1511 1480 1518 159 166 166 255 
3 1511 1518 1548 159 166 166 255 
3 1519 1481 1513 159 166 166 255 
3 1519 1513 1544 159 166 166 255 
3 1508 1507 1549 159 166 166 255 
3 1508 1549 1550 159 166 166 255 
3 1509 1508 1550 159 166 166 255 
3 1509 1550 1551 159 166 166 255 
3 1507 1484 1522 159 166 166 255 
3 1507 1522 1549 159 166 166 255 
3 1523 1485 1509 159 166 166 255 
3 1523 1509 1551 159 166 166 255 
3 1510 1506 1552 159 166 166 255 
3 1510 1552 1553 159 166 166 255 
3 1506 1505 1554 159 166 166 255 
3 1506 1554 1552 159 166 166 255 
3 1505 1482 1520 159 166 166 255 
3 1505 1520 1554 159 166 166 255 
3 1521 1483 1510 159 166 166 255 
3 1521 1510 1553 159 166 166 255 
3 1518 1517 1555 159 166 166 255 
3 1518 1555 1556 159 166 166 255 
3 1557 1520 1519 159 166 166 255 
3 1557 1519 1558 159 166 166 255 
3 1522 1521 1559 159 166 166 255 
3 1522 1559 1560 159 166 166 255 
3 1524 1523 1561 159 166 166 255 
3 1524 1561 1562 159 166 166 255 
3 1526 1525 1563 159 166 166 255 
3 1526 1563 1564 159 166 166 255 
3 1528 1527 1565 159 166 166 255 
3 1528 1565 1566 159 166 166 255 
3 1530 1529 1567 159 166 166 255 
3 1530 1567 1568 159 166 166 255 
3 891 893 936 159 166 166 255 
3 1532 1531 1569 159 166 166 255 
3 1532 1569 1570 159 166 166 255 
3 1534 1533 1571 159 166 166 255 
3 1534 1571 1572 159 166 166 255 
3 1536 1535 1573 159 166 166 255 
3 1536 1573 1574 159 166 166 255 
3 1535 1538 1575 159 166 166 255 
3 1535 1575 1573 159 166 166 255 
3 1527 1536 1574 159 166 166 255 
3 1527 1574 1565 159 166 166 255 
3 1575 1538 1526 159 166 166 255 
3 1575 1526 1564 159 166 166 255 
3 1537 1532 1570 159 166 166 255 
3 1537 1570 1576 159 166 166 255 
3 1531 1524 1562 159 166 166 255 
3 1531 1562 1569 159 166 166 255 
3 1563 1525 1537 159 166 166 255 
3 1563 1537 1576 159 166 166 255 
3 1533 1539 1577 159 166 166 255 
3 1533 1577 1571 159 166 166 255 
3 1577 1539 1528 159 166 166 255 
3 1577 1528 1566 159 166 166 255 
3 1567 1529 1534 159 166 166 255 
3 1567 1534 1572 159 166 166 255 
3 1578 1542 1541 159 166 166 255 
3 1578 1541 1579 159 166 166 255 
3 1541 1540 1580 159 166 166 255 
3 1541 1580 1579 159 166 166 255 
3 1540 1530 1568 159 166 166 255 
3 1540 1568 1580 159 166 166 255 
3 802 801 1542 159 166 166 255 
3 802 1542 1578 159 166 166 255 
3 1544 1543 1581 159 166 166 255 
3 1544 1581 1582 159 166 166 255 
3 1546 1583 1584 159 166 166 255 
3 1546 1584 1545 159 166 166 255 
3 1547 1585 1583 159 166 166 255 
3 1547 1583 1546 159 166 166 255 
3 1584 1555 1517 159 166 166 255 
3 1584 1517 1545 159 166 166 255 
3 1585 1547 839 159 166 166 255 
3 1585 839 837 159 166 166 255 
3 1543 1548 1586 159 166 166 255 
3 1543 1586 1581 159 166 166 255 
3 1548 1518 1556 159 166 166 255 
3 1548 1556 1586 159 166 166 255 
3 1558 1519 1544 159 166 166 255 
3 1558 1544 1582 159 166 166 255 
3 1553 1552 1587 159 166 166 255 
3 1553 1587 1588 159 166 166 255 
3 1552 1554 1589 159 166 166 255 
3 1552 1589 1587 159 166 166 255 
3 1521 1553 1588 159 166 166 255 
3 1521 1588 1559 159 166 166 255 
3 1589 1554 1520 159 166 166 255 
3 1589 1520 1557 159 166 166 255 
3 1550 1549 1590 159 166 166 255 
3 1550 1590 1591 159 166 166 255 
3 1551 1550 1591 159 166 166 255 
3 1551 1591 1592 159 166 166 255 
3 1549 1522 1560 159 166 166 255 
3 1549 1560 1590 159 166 166 255 
3 1561 1523 1551 159 166 166 255 
3 1561 1551 1592 159 166 166 255 
3 1556 1555 1593 159 166 166 255 
3 1556 1593 1594 159 166 166 255 
3 1557 1558 1595 159 166 166 255 
3 1557 1595 1596 159 166 166 255 
3 1560 1559 1597 159 166 166 255 
3 1560 1597 1598 159 166 166 255 
3 1562 1561 1599 159 166 166 255 
3 1562 1599 1600 159 166 166 255 
3 1564 1563 1601 159 166 166 255 
3 1564 1601 1602 159 166 166 255 
3 1566 1565 1603 159 166 166 255 
3 1566 1603 1604 159 166 166 255 
3 1568 1567 1605 159 166 166 255 
3 1568 1605 1606 159 166 166 255 
3 1570 1569 1607 159 166 166 255 
3 1570 1607 1608 159 166 166 255 
3 1572 1571 1609 159 166 166 255 
3 1572 1609 1610 159 166 166 255 
3 1574 1573 1611 159 166 166 255 
3 1574 1611 1612 159 166 166 255 
3 1573 1575 1613 159 166 166 255 
3 1573 1613 1611 159 166 166 255 
3 1565 1574 1612 159 166 166 255 
3 1565 1612 1603 159 166 166 255 
3 1613 1575 1564 159 166 166 255 
3 1613 1564 1602 159 166 166 255 
3 1576 1570 1608 159 166 166 255 
3 1576 1608 1614 159 166 166 255 
3 1569 1562 1600 159 166 166 255 
3 1569 1600 1607 159 166 166 255 
3 1601 1563 1576 159 166 166 255 
3 1601 1576 1614 159 166 166 255 
3 1571 1577 1615 159 166 166 255 
3 1571 1615 1609 159 166 166 255 
3 1567 1572 1610 159 166 166 255 
3 1567 1610 1605 159 166 166 255 
3 1615 1577 1566 159 166 166 255 
3 1615 1566 1604 159 166 166 255 
3 1578 1579 1616 159 166 166 255 
3 1578 1616 1617 159 166 166 255 
3 1579 1580 1618 159 166 166 255 
3 1579 1618 1616 159 166 166 255 
3 802 1578 1617 159 166 166 255 
3 802 1617 785 159 166 166 255 
3 1618 1580 1568 159 166 166 255 
3 1618 1568 1606 159 166 166 255 
3 1582 1581 1619 159 166 166 255 
3 1582 1619 1620 159 166 166 255 
3 1621 1622 1584 159 166 166 255 
3 1621 1584 1583 159 166 166 255 
3 1585 1623 1621 159 166 166 255 
3 1585 1621 1583 159 166 166 255 
3 1623 1585 837 159 166 166 255 
3 1623 837 836 159 166 166 255 
3 1593 1555 1584 159 166 166 255 
3 1593 1584 1622 159 166 166 255 
3 1581 1586 1624 159 166 166 255 
3 1581 1624 1619 159 166 166 255 
3 1558 1582 1620 159 166 166 255 
3 1558 1620 1595 159 166 166 255 
3 1624 1586 1556 159 166 166 255 
3 1624 1556 1594 159 166 166 255 
3 1588 1587 1625 159 166 166 255 
3 1588 1625 1626 159 166 166 255 
3 1587 1589 1627 159 166 166 255 
3 1587 1627 1625 159 166 166 255 
3 1589 1557 1596 159 166 166 255 
3 1589 1596 1627 159 166 166 255 
3 1597 1559 1588 159 166 166 255 
3 1597 1588 1626 159 166 166 255 
3 1592 1591 1628 159 166 166 255 
3 1592 1628 1629 159 166 166 255 
3 1591 1590 1630 159 166 166 255 
3 1591 1630 1628 159 166 166 255 
3 1590 1560 1598 159 166 166 255 
3 1590 1598 1630 159 166 166 255 
3 1599 1561 1592 159 166 166 255 
3 1599 1592 1629 159 166 166 255 
3 1594 1593 1631 159 166 166 255 
3 1594 1631 1632 159 166 166 255 
3 1596 1595 1633 159 166 166 255 
3 1596 1633 1634 159 166 166 255 
3 1598 1597 1635 159 166 166 255 
3 1598 1635 1636 159 166 166 255 
3 1600 1599 1637 159 166 166 255 
3 1600 1637 1638 159 166 166 255 
3 1602 1601 1639 159 166 166 255 
3 1602 1639 1640 159 166 166 255 
3 1604 1603 1641 159 166 166 255 
3 1604 1641 1642 159 166 166 255 
3 1606 1605 1643 159 166 166 255 
3 1606 1643 1644 159 166 166 255 
3 889 891 936 159 166 166 255 
3 1608 1607 1645 159 166 166 255 
3 1608 1645 1646 159 166 166 255 
3 1610 1609 1647 159 166 166 255 
3 1610 1647 1648 159 166 166 255 
3 1611 1613 1649 159 166 166 255 
3 1611 1649 1650 159 166 166 255 
3 1609 1615 1651 159 166 166 255 
3 1609 1651 1647 159 166 166 255 
3 1615 1604 1642 159 166 166 255 
3 1615 1642 1651 159 166 166 255 
3 1643 1605 1610 159 166 166 255 
3 1643 1610 1648 159 166 166 255 
3 1612 1611 1650 159 166 166 255 
3 1612 1650 1652 159 166 166 255 
3 1603 1612 1652 159 166 166 255 
3 1603 1652 1641 159 166 166 255 
3 1649 1613 1602 159 166 166 255 
3 1649 1602 1640 159 166 166 255 
3 1614 1608 1646 159 166 166 255 
3 1614 1646 1653 159 166 166 255 
3 1607 1600 1638 159 166 166 255 
3 1607 1638 1645 159 166 166 255 
3 1639 1601 1614 159 166 166 255 
3 1639 1614 1653 159 166 166 255 
3 1616 1618 1654 159 166 166 255 
3 1616 1654 1655 159 166 166 255 
3 1617 1616 1655 159 166 166 255 
3 1617 1655 1656 159 166 166 255 
3 785 1617 1656 159 166 166 255 
3 785 1656 786 159 166 166 255 
3 1654 1618 1606 159 166 166 255 
3 1654 1606 1644 159 166 166 255 
3 1625 1627 1657 159 166 166 255 
3 1625 1657 1658 159 166 166 255 
3 1628 1630 1659 159 166 166 255 
3 1628 1659 1660 159 166 166 255 
3 1629 1628 1660 159 166 166 255 
3 1629 1660 1661 159 166 166 255 
3 1599 1629 1661 159 166 166 255 
3 1599 1661 1637 159 166 166 255 
3 1659 1630 1598 159 166 166 255 
3 1659 1598 1636 159 166 166 255 
3 1626 1625 1658 159 166 166 255 
3 1626 1658 1662 159 166 166 255 
3 1627 1596 1634 159 166 166 255 
3 1627 1634 1657 159 166 166 255 
3 1635 1597 1626 159 166 166 255 
3 1635 1626 1662 159 166 166 255 
3 1619 1624 1663 159 166 166 255 
3 1619 1663 1664 159 166 166 255 
3 1620 1619 1664 159 166 166 255 
3 1620 1664 1665 159 166 166 255 
3 1624 1594 1632 159 166 166 255 
3 1624 1632 1663 159 166 166 255 
3 1633 1595 1620 159 166 166 255 
3 1633 1620 1665 159 166 166 255 
3 1621 1623 1666 159 166 166 255 
3 1621 1666 1667 159 166 166 255 
3 1621 1667 1668 159 166 166 255 
3 1621 1668 1622 159 166 166 255 
3 1631 1593 1622 159 166 166 255 
3 1631 1622 1668 159 166 166 255 
3 1666 1623 836 159 166 166 255 
3 1666 836 853 159 166 166 255 
3 1632 1631 1669 159 166 166 255 
3 1632 1669 1670 159 166 166 255 
3 1634 1633 1671 159 166 166 255 
3 1634 1671 1672 159 166 166 255 
3 1636 1635 1673 159 166 166 255 
3 1636 1673 1674 159 166 166 255 
3 1638 1637 1675 159 166 166 255 
3 1638 1675 1676 159 166 166 255 
3 1640 1639 1677 159 166 166 255 
3 1640 1677 1678 159 166 166 255 
3 1679 1642 1641 159 166 166 255 
3 1679 1641 1680 159 166 166 255 
3 1644 1643 1681 159 166 166 255 
3 1644 1681 1682 159 166 166 255 
3 1646 1645 1683 159 166 166 255 
3 1646 1683 1684 159 166 166 255 
3 1648 1647 1685 159 166 166 255 
3 1648 1685 1686 159 166 166 255 
3 1652 1650 1687 159 166 166 255 
3 1652 1687 1688 159 166 166 255 
3 1650 1649 1689 159 166 166 255 
3 1650 1689 1687 159 166 166 255 
3 1649 1640 1678 159 166 166 255 
3 1649 1678 1689 159 166 166 255 
3 1680 1641 1652 159 166 166 255 
3 1680 1652 1688 159 166 166 255 
3 1690 1653 1646 159 166 166 255 
3 1690 1646 1684 159 166 166 255 
3 1645 1638 1676 159 166 166 255 
3 1645 1676 1683 159 166 166 255 
3 1677 1639 1653 159 166 166 255 
3 1677 1653 1690 159 166 166 255 
3 1647 1651 1691 159 166 166 255 
3 1647 1691 1685 159 166 166 255 
3 1643 1648 1686 159 166 166 255 
3 1643 1686 1681 159 166 166 255 
3 1691 1651 1642 159 166 166 255 
3 1691 1642 1679 159 166 166 255 
3 1656 1655 1692 159 166 166 255 
3 1656 1692 1693 159 166 166 255 
3 1655 1654 1694 159 166 166 255 
3 1655 1694 1692 159 166 166 255 
3 1654 1644 1682 159 166 166 255 
3 1654 1682 1694 159 166 166 255 
3 778 786 1656 159 166 166 255 
3 778 1656 1693 159 166 166 255 
3 1665 1664 1695 159 166 166 255 
3 1665 1695 1696 159 166 166 255 
3 1668 1667 1697 159 166 166 255 
3 1668 1697 1698 159 166 166 255 
3 1697 1667 1666 159 166 166 255 
3 1697 1666 1699 159 166 166 255 
3 853 852 1699 159 166 166 255 
3 853 1699 1666 159 166 166 255 
3 1669 1631 1668 159 166 166 255 
3 1669 1668 1698 159 166 166 255 
3 1664 1663 1700 159 166 166 255 
3 1664 1700 1695 159 166 166 255 
3 1663 1632 1670 159 166 166 255 
3 1663 1670 1700 159 166 166 255 
3 1671 1633 1665 159 166 166 255 
3 1671 1665 1696 159 166 166 255 
3 1660 1659 1701 159 166 166 255 
3 1660 1701 1702 159 166 166 255 
3 1661 1660 1702 159 166 166 255 
3 1661 1702 1703 159 166 166 255 
3 1701 1659 1636 159 166 166 255 
3 1701 1636 1674 159 166 166 255 
3 1675 1637 1661 159 166 166 255 
3 1675 1661 1703 159 166 166 255 
3 1662 1658 1704 159 166 166 255 
3 1662 1704 1705 159 166 166 255 
3 1658 1657 1706 159 166 166 255 
3 1658 1706 1704 159 166 166 255 
3 1635 1662 1705 159 166 166 255 
3 1635 1705 1673 159 166 166 255 
3 1706 1657 1634 159 166 166 255 
3 1706 1634 1672 159 166 166 255 
3 1670 1669 1707 159 166 166 255 
3 1670 1707 1708 159 166 166 255 
3 1672 1671 1709 159 166 166 255 
3 1672 1709 1710 159 166 166 255 
3 1674 1673 1711 159 166 166 255 
3 1674 1711 1712 159 166 166 255 
3 1676 1675 1713 159 166 166 255 
3 1676 1713 1714 159 166 166 255 
3 1678 1677 1715 159 166 166 255 
3 1678 1715 1716 159 166 166 255 
3 1679 1680 1717 159 166 166 255 
3 1679 1717 1718 159 166 166 255 
3 1682 1681 1719 159 166 166 255 
3 1682 1719 1720 159 166 166 255 
3 885 889 936 159 166 166 255 
3 1684 1683 1721 159 166 166 255 
3 1684 1721 1722 159 166 166 255 
3 1686 1685 1723 159 166 166 255 
3 1686 1723 1724 159 166 166 255 
3 1688 1687 1725 159 166 166 255 
3 1688 1725 1726 159 166 166 255 
3 1687 1689 1727 159 166 166 255 
3 1687 1727 1725 159 166 166 255 
3 1689 1678 1716 159 166 166 255 
3 1689 1716 1727 159 166 166 255 
3 1717 1680 1688 159 166 166 255 
3 1717 1688 1726 159 166 166 255 
3 1690 1684 1722 159 166 166 255 
3 1690 1722 1728 159 166 166 255 
3 1683 1676 1714 159 166 166 255 
3 1683 1714 1721 159 166 166 255 
3 1715 1677 1690 159 166 166 255 
3 1715 1690 1728 159 166 166 255 
3 1685 1691 1729 159 166 166 255 
3 1685 1729 1723 159 166 166 255 
3 1691 1679 1718 159 166 166 255 
3 1691 1718 1729 159 166 166 255 
3 1719 1681 1686 159 166 166 255 
3 1719 1686 1724 159 166 166 255 
3 1693 1692 1730 159 166 166 255 
3 1693 1730 1731 159 166 166 255 
3 1692 1694 1732 159 166 166 255 
3 1692 1732 1730 159 166 166 255 
3 1694 1682 1720 159 166 166 255 
3 1694 1720 1732 159 166 166 255 
3 778 1693 1731 159 166 166 255 
3 778 1731 779 159 166 166 255 
3 1696 1695 1733 159 166 166 255 
3 1696 1733 1734 159 166 166 255 
3 1735 1698 1697 159 166 166 255 
3 1735 1697 1736 159 166 166 255 
3 1736 1697 1699 159 166 166 255 
3 1736 1699 1737 159 166 166 255 
3 1698 1735 1707 159 166 166 255 
3 1698 1707 1669 159 166 166 255 
3 1737 1699 852 159 166 166 255 
3 1737 852 850 159 166 166 255 
3 1695 1700 1738 159 166 166 255 
3 1695 1738 1733 159 166 166 255 
3 1671 1696 1734 159 166 166 255 
3 1671 1734 1709 159 166 166 255 
3 1738 1700 1670 159 166 166 255 
3 1738 1670 1708 159 166 166 255 
3 1702 1701 1739 159 166 166 255 
3 1702 1739 1740 159 166 166 255 
3 1703 1702 1740 159 166 166 255 
3 1703 1740 1741 159 166 166 255 
3 1675 1703 1741 159 166 166 255 
3 1675 1741 1713 159 166 166 255 
3 1739 1701 1674 159 166 166 255 
3 1739 1674 1712 159 166 166 255 
3 1704 1706 1742 159 166 166 255 
3 1704 1742 1743 159 166 166 255 
3 1705 1704 1743 159 166 166 255 
3 1705 1743 1744 159 166 166 255 
3 1706 1672 1710 159 166 166 255 
3 1706 1710 1742 159 166 166 255 
3 1711 1673 1705 159 166 166 255 
3 1711 1705 1744 159 166 166 255 
3 1708 1707 1745 159 166 166 255 
3 1708 1745 1746 159 166 166 255 
3 1710 1709 1747 159 166 166 255 
3 1710 1747 1748 159 166 166 255 
3 1712 1711 1749 159 166 166 255 
3 1712 1749 1750 159 166 166 255 
3 1714 1713 1751 159 166 166 255 
3 1714 1751 1752 159 166 166 255 
3 1716 1715 1753 159 166 166 255 
3 1716 1753 1754 159 166 166 255 
3 1718 1717 1755 159 166 166 255 
3 1718 1755 1756 159 166 166 255 
3 1720 1719 1757 159 166 166 255 
3 1720 1757 1758 159 166 166 255 
3 1722 1721 1759 159 166 166 255 
3 1722 1759 1760 159 166 166 255 
3 1724 1723 1761 159 166 166 255 
3 1724 1761 1762 159 166 166 255 
3 1726 1725 1763 159 166 166 255 
3 1726 1763 1764 159 166 166 255 
3 1725 1727 1765 159 166 166 255 
3 1725 1765 1763 159 166 166 255 
3 1717 1726 1764 159 166 166 255 
3 1717 1764 1755 159 166 166 255 
3 1765 1727 1716 159 166 166 255 
3 1765 1716 1754 159 166 166 255 
3 1728 1722 1760 159 166 166 255 
3 1728 1760 1766 159 166 166 255 
3 1715 1728 1766 159 166 166 255 
3 1715 1766 1753 159 166 166 255 
3 1759 1721 1714 159 166 166 255 
3 1759 1714 1752 159 166 166 255 
3 1723 1729 1767 159 166 166 255 
3 1723 1767 1761 159 166 166 255 
3 1719 1724 1762 159 166 166 255 
3 1719 1762 1757 159 166 166 255 
3 1767 1729 1718 159 166 166 255 
3 1767 1718 1756 159 166 166 255 
3 1730 1732 1768 159 166 166 255 
3 1730 1768 1769 159 166 166 255 
3 1731 1730 1769 159 166 166 255 
3 1731 1769 1770 159 166 166 255 
3 779 1731 1770 159 166 166 255 
3 779 1770 781 159 166 166 255 
3 1768 1732 1720 159 166 166 255 
3 1768 1720 1758 159 166 166 255 
3 1743 1742 1771 159 166 166 255 
3 1743 1771 1772 159 166 166 255 
3 1740 1739 1773 159 166 166 255 
3 1740 1773 1774 159 166 166 255 
3 1741 1740 1774 159 166 166 255 
3 1741 1774 1775 159 166 166 255 
3 1713 1741 1775 159 166 166 255 
3 1713 1775 1751 159 166 166 255 
3 1773 1739 1712 159 166 166 255 
3 1773 1712 1750 159 166 166 255 
3 1744 1743 1772 159 166 166 255 
3 1744 1772 1776 159 166 166 255 
3 1711 1744 1776 159 166 166 255 
3 1711 1776 1749 159 166 166 255 
3 1771 1742 1710 159 166 166 255 
3 1771 1710 1748 159 166 166 255 
3 1736 1777 1778 159 166 166 255 
3 1736 1778 1735 159 166 166 255 
3 1779 1777 1736 159 166 166 255 
3 1779 1736 1737 159 166 166 255 
3 1735 1778 1745 159 166 166 255 
3 1735 1745 1707 159 166 166 255 
3 1779 1737 850 159 166 166 255 
3 1779 850 848 159 166 166 255 
3 1733 1738 1780 159 166 166 255 
3 1733 1780 1781 159 166 166 255 
3 1734 1733 1781 159 166 166 255 
3 1734 1781 1782 159 166 166 255 
3 1738 1708 1746 159 166 166 255 
3 1738 1746 1780 159 166 166 255 
3 1747 1709 1734 159 166 166 255 
3 1747 1734 1782 159 166 166 255 
3 1746 1745 1783 159 166 166 255 
3 1746 1783 1784 159 166 166 255 
3 1748 1747 1785 159 166 166 255 
3 1748 1785 1786 159 166 166 255 
3 1787 1750 1749 159 166 166 255 
3 1787 1749 1788 159 166 166 255 
3 1752 1751 1789 159 166 166 255 
3 1752 1789 1790 159 166 166 255 
3 1754 1753 1791 159 166 166 255 
3 1754 1791 1792 159 166 166 255 
3 1756 1755 1793 159 166 166 255 
3 1756 1793 1794 159 166 166 255 
3 1758 1757 1795 159 166 166 255 
3 1758 1795 1796 159 166 166 255 
3 886 885 936 159 166 166 255 
3 1797 1760 1759 159 166 166 255 
3 1797 1759 1798 159 166 166 255 
3 1762 1761 1799 159 166 166 255 
3 1762 1799 1800 159 166 166 255 
3 1764 1763 1801 159 166 166 255 
3 1764 1801 1802 159 166 166 255 
3 1763 1765 1803 159 166 166 255 
3 1763 1803 1801 159 166 166 255 
3 1765 1754 1792 159 166 166 255 
3 1765 1792 1803 159 166 166 255 
3 1755 1764 1802 159 166 166 255 
3 1755 1802 1793 159 166 166 255 
3 1766 1760 1797 159 166 166 255 
3 1766 1797 1804 159 166 166 255 
3 1753 1766 1804 159 166 166 255 
3 1753 1804 1791 159 166 166 255 
3 1798 1759 1752 159 166 166 255 
3 1798 1752 1790 159 166 166 255 
3 1761 1767 1805 159 166 166 255 
3 1761 1805 1799 159 166 166 255 
3 1767 1756 1794 159 166 166 255 
3 1767 1794 1805 159 166 166 255 
3 1795 1757 1762 159 166 166 255 
3 1795 1762 1800 159 166 166 255 
3 1769 1768 1806 159 166 166 255 
3 1769 1806 1807 159 166 166 255 
3 1770 1769 1807 159 166 166 255 
3 1770 1807 1808 159 166 166 255 
3 1806 1768 1758 159 166 166 255 
3 1806 1758 1796 159 166 166 255 
3 771 781 1770 159 166 166 255 
3 771 1770 1808 159 166 166 255 
3 1809 1782 1781 159 166 166 255 
3 1809 1781 1810 159 166 166 255 
3 1811 1778 1777 159 166 166 255 
3 1811 1777 1812 159 166 166 255 
3 1813 1812 1777 159 166 166 255 
3 1813 1777 1779 159 166 166 255 
3 1813 1779 848 159 166 166 255 
3 1813 848 813 159 166 166 255 
3 1813 813 817 159 166 166 255 
3 1783 1745 1778 159 166 166 255 
3 1783 1778 1811 159 166 166 255 
3 1781 1780 1814 159 166 166 255 
3 1781 1814 1810 159 166 166 255 
3 1780 1746 1784 159 166 166 255 
3 1780 1784 1814 159 166 166 255 
3 1785 1747 1782 159 166 166 255 
3 1785 1782 1809 159 166 166 255 
3 1774 1773 1815 159 166 166 255 
3 1774 1815 1816 159 166 166 255 
3 1775 1774 1816 159 166 166 255 
3 1775 1816 1817 159 166 166 255 
3 1751 1775 1817 159 166 166 255 
3 1751 1817 1789 159 166 166 255 
3 1815 1773 1750 159 166 166 255 
3 1815 1750 1787 159 166 166 255 
3 1772 1771 1818 159 166 166 255 
3 1772 1818 1819 159 166 166 255 
3 1776 1772 1819 159 166 166 255 
3 1776 1819 1820 159 166 166 255 
3 1749 1776 1820 159 166 166 255 
3 1749 1820 1788 159 166 166 255 
3 1818 1771 1748 159 166 166 255 
3 1818 1748 1786 159 166 166 255 
3 1784 1783 909 159 166 166 255 
3 1784 909 908 159 166 166 255 
3 1786 1785 913 159 166 166 255 
3 1786 913 912 159 166 166 255 
3 1787 1788 917 159 166 166 255 
3 1787 917 916 159 166 166 255 
3 1790 1789 921 159 166 166 255 
3 1790 921 920 159 166 166 255 
3 1792 1791 925 159 166 166 255 
3 1792 925 924 159 166 166 255 
3 1794 1793 929 159 166 166 255 
3 1794 929 928 159 166 166 255 
3 1796 1795 933 159 166 166 255 
3 1796 933 932 159 166 166 255 
3 1797 1798 938 159 166 166 255 
3 1797 938 937 159 166 166 255 
3 1800 1799 942 159 166 166 255 
3 1800 942 941 159 166 166 255 
3 1802 1801 946 159 166 166 255 
3 1802 946 945 159 166 166 255 
3 1801 1803 949 159 166 166 255 
3 1801 949 946 159 166 166 255 
3 1793 1802 945 159 166 166 255 
3 1793 945 929 159 166 166 255 
3 949 1803 1792 159 166 166 255 
3 949 1792 924 159 166 166 255 
3 1804 1797 937 159 166 166 255 
3 1804 937 951 159 166 166 255 
3 1798 1790 920 159 166 166 255 
3 1798 920 938 159 166 166 255 
3 925 1791 1804 159 166 166 255 
3 925 1804 951 159 166 166 255 
3 1799 1805 953 159 166 166 255 
3 1799 953 942 159 166 166 255 
3 1805 1794 928 159 166 166 255 
3 1805 928 953 159 166 166 255 
3 933 1795 1800 159 166 166 255 
3 933 1800 941 159 166 166 255 
3 1808 1807 956 159 166 166 255 
3 1808 956 955 159 166 166 255 
3 1807 1806 959 159 166 166 255 
3 1807 959 956 159 166 166 255 
3 1806 1796 932 159 166 166 255 
3 1806 932 959 159 166 166 255 
3 772 771 1808 159 166 166 255 
3 772 1808 955 159 166 166 255 
3 1819 1818 977 159 166 166 255 
3 1819 977 974 159 166 166 255 
3 1816 1815 980 159 166 166 255 
3 1816 980 979 159 166 166 255 
3 1817 1816 979 159 166 166 255 
3 1817 979 983 159 166 166 255 
3 1789 1817 983 159 166 166 255 
3 1789 983 921 159 166 166 255 
3 980 1815 1787 159 166 166 255 
3 980 1787 916 159 166 166 255 
3 1820 1819 974 159 166 166 255 
3 1820 974 973 159 166 166 255 
3 1788 1820 973 159 166 166 255 
3 1788 973 917 159 166 166 255 
3 977 1818 1786 159 166 166 255 
3 977 1786 912 159 166 166 255 
3 1811 1812 965 159 166 166 255 
3 1811 965 968 159 166 166 255 
3 1812 1813 969 159 166 166 255 
3 1812 969 965 159 166 166 255 
3 1783 1811 968 159 166 166 255 
3 1783 968 909 159 166 166 255 
3 969 1813 817 159 166 166 255 
3 969 817 816 159 166 166 255 
3 1810 1814 971 159 166 166 255 
3 1810 971 962 159 166 166 255 
3 1809 1810 962 159 166 166 255 
3 1809 962 961 159 166 166 255 
3 1814 1784 908 159 166 166 255 
3 1814 908 971 159 166 166 255 
3 913 1785 1809 159 166 166 255 
3 913 1809 961 159 166 166 255 
